Workbook

Sheet Ringkasan Mingguan 2026
A1: RINGKASAN GROWTH IPH MINGGUAN JANUARI - AGUSTUS 2026 (Pasar Pon Jombang)
A3: No | B3: Bulan - Minggu | C3: Rentang Tanggal | D3: Growth IPH (%) | E3: Arah | F3: Growth IPH (%) [utk grafik]
A4: 1 | B4: Jan 2026 - M1 | C4: 2026-01-01 s/d 2026-01-02 | D4: ='Perhitungan IPH Mingguan 2026'!F26 -> 0.0074147116 | E4: =IF(ISNUMBER(D4),IF(D4>0,"Naik",IF(D4<0,"Turun","Tetap")),"-") -> Naik | F4: =IFERROR(IF(ISNUMBER(D4),D4,NA()),NA()) -> 0.0074147116
A5: 2 | B5: Jan 2026 - M2 | C5: 2026-01-05 s/d 2026-01-09 | D5: ='Perhitungan IPH Mingguan 2026'!I26 -> 0.0074147116 | E5: =IF(ISNUMBER(D5),IF(D5>0,"Naik",IF(D5<0,"Turun","Tetap")),"-") -> Naik | F5: =IFERROR(IF(ISNUMBER(D5),D5,NA()),NA()) -> 0.0074147116
A6: 3 | B6: Jan 2026 - M3 | C6: 2026-01-12 s/d 2026-01-16 | D6: ='Perhitungan IPH Mingguan 2026'!L26 -> -0.025212905 | E6: =IF(ISNUMBER(D6),IF(D6>0,"Naik",IF(D6<0,"Turun","Tetap")),"-") -> Turun | F6: =IFERROR(IF(ISNUMBER(D6),D6,NA()),NA()) -> -0.025212905
A7: 4 | B7: Jan 2026 - M4 | C7: 2026-01-19 s/d 2026-01-23 | D7: ='Perhitungan IPH Mingguan 2026'!O26 -> 0.24701179 | E7: =IF(ISNUMBER(D7),IF(D7>0,"Naik",IF(D7<0,"Turun","Tetap")),"-") -> Naik | F7: =IFERROR(IF(ISNUMBER(D7),D7,NA()),NA()) -> 0.24701179
A8: 5 | B8: Jan 2026 - M5 | C8: 2026-01-26 s/d 2026-01-30 | D8: ='Perhitungan IPH Mingguan 2026'!R26 -> 0.49375015 | E8: =IF(ISNUMBER(D8),IF(D8>0,"Naik",IF(D8<0,"Turun","Tetap")),"-") -> Naik | F8: =IFERROR(IF(ISNUMBER(D8),D8,NA()),NA()) -> 0.49375015
A9: 6 | B9: Feb 2026 - M1 | C9: 2026-02-02 s/d 2026-02-06 | D9: ='Perhitungan IPH Mingguan 2026'!U26 -> 2.1969477 | E9: =IF(ISNUMBER(D9),IF(D9>0,"Naik",IF(D9<0,"Turun","Tetap")),"-") -> Naik | F9: =IFERROR(IF(ISNUMBER(D9),D9,NA()),NA()) -> 2.1969477
A10: 7 | B10: Feb 2026 - M2 | C10: 2026-02-09 s/d 2026-02-13 | D10: ='Perhitungan IPH Mingguan 2026'!X26 -> 0.68139888 | E10: =IF(ISNUMBER(D10),IF(D10>0,"Naik",IF(D10<0,"Turun","Tetap")),"-") -> Naik | F10: =IFERROR(IF(ISNUMBER(D10),D10,NA()),NA()) -> 0.68139888
A11: 8 | B11: Feb 2026 - M3 | C11: 2026-02-16 s/d 2026-02-20 | D11: ='Perhitungan IPH Mingguan 2026'!AA26 -> 7.1853199 | E11: =IF(ISNUMBER(D11),IF(D11>0,"Naik",IF(D11<0,"Turun","Tetap")),"-") -> Naik | F11: =IFERROR(IF(ISNUMBER(D11),D11,NA()),NA()) -> 7.1853199
A12: 9 | B12: Feb 2026 - M4 | C12: 2026-02-23 s/d 2026-02-27 | D12: ='Perhitungan IPH Mingguan 2026'!AD26 -> 6.7936501 | E12: =IF(ISNUMBER(D12),IF(D12>0,"Naik",IF(D12<0,"Turun","Tetap")),"-") -> Naik | F12: =IFERROR(IF(ISNUMBER(D12),D12,NA()),NA()) -> 6.7936501
A13: 10 | B13: Mar 2026 - M1 | C13: 2026-03-02 s/d 2026-03-06 | D13: ='Perhitungan IPH Mingguan 2026'!AG26 -> 4.688364 | E13: =IF(ISNUMBER(D13),IF(D13>0,"Naik",IF(D13<0,"Turun","Tetap")),"-") -> Naik | F13: =IFERROR(IF(ISNUMBER(D13),D13,NA()),NA()) -> 4.688364
A14: 11 | B14: Mar 2026 - M2 | C14: 2026-03-09 s/d 2026-03-13 | D14: ='Perhitungan IPH Mingguan 2026'!AJ26 -> 5.326732 | E14: =IF(ISNUMBER(D14),IF(D14>0,"Naik",IF(D14<0,"Turun","Tetap")),"-") -> Naik | F14: =IFERROR(IF(ISNUMBER(D14),D14,NA()),NA()) -> 5.326732
A15: 12 | B15: Mar 2026 - M3 | C15: 2026-03-16 s/d 2026-03-20 | D15: ='Perhitungan IPH Mingguan 2026'!AM26 -> 7.4413094 | E15: =IF(ISNUMBER(D15),IF(D15>0,"Naik",IF(D15<0,"Turun","Tetap")),"-") -> Naik | F15: =IFERROR(IF(ISNUMBER(D15),D15,NA()),NA()) -> 7.4413094
A16: 13 | B16: Mar 2026 - M4 | C16: 2026-03-23 s/d 2026-03-27 | D16: ='Perhitungan IPH Mingguan 2026'!AP26 -> 6.3668818 | E16: =IF(ISNUMBER(D16),IF(D16>0,"Naik",IF(D16<0,"Turun","Tetap")),"-") -> Naik | F16: =IFERROR(IF(ISNUMBER(D16),D16,NA()),NA()) -> 6.3668818
A17: 14 | B17: Mar 2026 - M5 | C17: 2026-03-30 s/d 2026-03-31 | D17: ='Perhitungan IPH Mingguan 2026'!AS26 -> 5.9991495 | E17: =IF(ISNUMBER(D17),IF(D17>0,"Naik",IF(D17<0,"Turun","Tetap")),"-") -> Naik | F17: =IFERROR(IF(ISNUMBER(D17),D17,NA()),NA()) -> 5.9991495
A18: 15 | B18: Apr 2026 - M1 | C18: 2026-04-01 s/d 2026-04-03 | D18: ='Perhitungan IPH Mingguan 2026'!AV26 -> -0.38464926 | E18: =IF(ISNUMBER(D18),IF(D18>0,"Naik",IF(D18<0,"Turun","Tetap")),"-") -> Turun | F18: =IFERROR(IF(ISNUMBER(D18),D18,NA()),NA()) -> -0.38464926
A19: 16 | B19: Apr 2026 - M2 | C19: 2026-04-06 s/d 2026-04-10 | D19: ='Perhitungan IPH Mingguan 2026'!AY26 -> -0.75503837 | E19: =IF(ISNUMBER(D19),IF(D19>0,"Naik",IF(D19<0,"Turun","Tetap")),"-") -> Turun | F19: =IFERROR(IF(ISNUMBER(D19),D19,NA()),NA()) -> -0.75503837
A20: 17 | B20: Apr 2026 - M3 | C20: 2026-04-13 s/d 2026-04-17 | D20: ='Perhitungan IPH Mingguan 2026'!BB26 -> -0.92014615 | E20: =IF(ISNUMBER(D20),IF(D20>0,"Naik",IF(D20<0,"Turun","Tetap")),"-") -> Turun | F20: =IFERROR(IF(ISNUMBER(D20),D20,NA()),NA()) -> -0.92014615
A21: 18 | B21: Apr 2026 - M4 | C21: 2026-04-20 s/d 2026-04-24 | D21: ='Perhitungan IPH Mingguan 2026'!BE26 -> -0.32346223 | E21: =IF(ISNUMBER(D21),IF(D21>0,"Naik",IF(D21<0,"Turun","Tetap")),"-") -> Turun | F21: =IFERROR(IF(ISNUMBER(D21),D21,NA()),NA()) -> -0.32346223
A22: 19 | B22: Apr 2026 - M5 | C22: 2026-04-27 s/d 2026-04-30 | D22: ='Perhitungan IPH Mingguan 2026'!BH26 -> -0.26717913 | E22: =IF(ISNUMBER(D22),IF(D22>0,"Naik",IF(D22<0,"Turun","Tetap")),"-") -> Turun | F22: =IFERROR(IF(ISNUMBER(D22),D22,NA()),NA()) -> -0.26717913
A23: 20 | B23: Mei 2026 - M1 | C23: 2026-05-01 s/d 2026-05-01 | D23: ='Perhitungan IPH Mingguan 2026'!BK26 -> Data tidak tersedia | E23: =IF(ISNUMBER(D23),IF(D23>0,"Naik",IF(D23<0,"Turun","Tetap")),"-") -> - | F23: =IFERROR(IF(ISNUMBER(D23),D23,NA()),NA()) -> #N/A
A24: 21 | B24: Mei 2026 - M2 | C24: 2026-05-04 s/d 2026-05-08 | D24: ='Perhitungan IPH Mingguan 2026'!BN26 -> 1.4009085 | E24: =IF(ISNUMBER(D24),IF(D24>0,"Naik",IF(D24<0,"Turun","Tetap")),"-") -> Naik | F24: =IFERROR(IF(ISNUMBER(D24),D24,NA()),NA()) -> 1.4009085
A25: 22 | B25: Mei 2026 - M3 | C25: 2026-05-11 s/d 2026-05-15 | D25: ='Perhitungan IPH Mingguan 2026'!BQ26 -> 1.7151216 | E25: =IF(ISNUMBER(D25),IF(D25>0,"Naik",IF(D25<0,"Turun","Tetap")),"-") -> Naik | F25: =IFERROR(IF(ISNUMBER(D25),D25,NA()),NA()) -> 1.7151216
A26: 23 | B26: Mei 2026 - M4 | C26: 2026-05-18 s/d 2026-05-22 | D26: ='Perhitungan IPH Mingguan 2026'!BT26 -> 1.5616209 | E26: =IF(ISNUMBER(D26),IF(D26>0,"Naik",IF(D26<0,"Turun","Tetap")),"-") -> Naik | F26: =IFERROR(IF(ISNUMBER(D26),D26,NA()),NA()) -> 1.5616209
A27: 24 | B27: Mei 2026 - M5 | C27: 2026-05-25 s/d 2026-05-29 | D27: ='Perhitungan IPH Mingguan 2026'!BW26 -> 1.2614988 | E27: =IF(ISNUMBER(D27),IF(D27>0,"Naik",IF(D27<0,"Turun","Tetap")),"-") -> Naik | F27: =IFERROR(IF(ISNUMBER(D27),D27,NA()),NA()) -> 1.2614988
A28: 25 | B28: Jun 2026 - M1 | C28: 2026-06-01 s/d 2026-06-05 | D28: ='Perhitungan IPH Mingguan 2026'!BZ26 -> -1.1035301 | E28: =IF(ISNUMBER(D28),IF(D28>0,"Naik",IF(D28<0,"Turun","Tetap")),"-") -> Turun | F28: =IFERROR(IF(ISNUMBER(D28),D28,NA()),NA()) -> -1.1035301
A29: 26 | B29: Jun 2026 - M2 | C29: 2026-06-08 s/d 2026-06-12 | D29: ='Perhitungan IPH Mingguan 2026'!CC26 -> -1.5445378 | E29: =IF(ISNUMBER(D29),IF(D29>0,"Naik",IF(D29<0,"Turun","Tetap")),"-") -> Turun | F29: =IFERROR(IF(ISNUMBER(D29),D29,NA()),NA()) -> -1.5445378
A30: 27 | B30: Jun 2026 - M3 | C30: 2026-06-15 s/d 2026-06-19 | D30: ='Perhitungan IPH Mingguan 2026'!CF26 -> -1.4925761 | E30: =IF(ISNUMBER(D30),IF(D30>0,"Naik",IF(D30<0,"Turun","Tetap")),"-") -> Turun | F30: =IFERROR(IF(ISNUMBER(D30),D30,NA()),NA()) -> -1.4925761
A31: 28 | B31: Jun 2026 - M4 | C31: 2026-06-22 s/d 2026-06-26 | D31: ='Perhitungan IPH Mingguan 2026'!CI26 -> -1.9940819 | E31: =IF(ISNUMBER(D31),IF(D31>0,"Naik",IF(D31<0,"Turun","Tetap")),"-") -> Turun | F31: =IFERROR(IF(ISNUMBER(D31),D31,NA()),NA()) -> -1.9940819
A32: 29 | B32: Jun 2026 - M5 | C32: 2026-06-29 s/d 2026-06-30 | D32: ='Perhitungan IPH Mingguan 2026'!CL26 -> -2.0753592 | E32: =IF(ISNUMBER(D32),IF(D32>0,"Naik",IF(D32<0,"Turun","Tetap")),"-") -> Turun | F32: =IFERROR(IF(ISNUMBER(D32),D32,NA()),NA()) -> -2.0753592
A33: 30 | B33: Jul 2026 - M1 | C33: 2026-07-01 s/d 2026-07-03 | D33: ='Perhitungan IPH Mingguan 2026'!CO26 -> -0.66553397 | E33: =IF(ISNUMBER(D33),IF(D33>0,"Naik",IF(D33<0,"Turun","Tetap")),"-") -> Turun | F33: =IFERROR(IF(ISNUMBER(D33),D33,NA()),NA()) -> -0.66553397
A34: 31 | B34: Jul 2026 - M2 | C34: 2026-07-06 s/d 2026-07-10 | D34: ='Perhitungan IPH Mingguan 2026'!CR26 -> -0.72863384 | E34: =IF(ISNUMBER(D34),IF(D34>0,"Naik",IF(D34<0,"Turun","Tetap")),"-") -> Turun | F34: =IFERROR(IF(ISNUMBER(D34),D34,NA()),NA()) -> -0.72863384
A35: 32 | B35: Jul 2026 - M3 | C35: 2026-07-13 s/d 2026-07-17 | D35: ='Perhitungan IPH Mingguan 2026'!CU26 -> -0.72863384 | E35: =IF(ISNUMBER(D35),IF(D35>0,"Naik",IF(D35<0,"Turun","Tetap")),"-") -> Turun | F35: =IFERROR(IF(ISNUMBER(D35),D35,NA()),NA()) -> -0.72863384
A36: 33 | B36: Jul 2026 - M4 | C36: 2026-07-20 s/d 2026-07-24 | D36: ='Perhitungan IPH Mingguan 2026'!CX26 -> -0.65824272 | E36: =IF(ISNUMBER(D36),IF(D36>0,"Naik",IF(D36<0,"Turun","Tetap")),"-") -> Turun | F36: =IFERROR(IF(ISNUMBER(D36),D36,NA()),NA()) -> -0.65824272
A37: 34 | B37: Jul 2026 - M5 | C37: 2026-07-27 s/d 2026-07-31 | D37: ='Perhitungan IPH Mingguan 2026'!DA26 -> -0.39149995 | E37: =IF(ISNUMBER(D37),IF(D37>0,"Naik",IF(D37<0,"Turun","Tetap")),"-") -> Turun | F37: =IFERROR(IF(ISNUMBER(D37),D37,NA()),NA()) -> -0.39149995
A38: 35 | B38: Agu 2026 - M1 | C38: 2026-08-03 s/d 2026-08-07 | D38: ='Perhitungan IPH Mingguan 2026'!DD26 -> 0.0027917547 | E38: =IF(ISNUMBER(D38),IF(D38>0,"Naik",IF(D38<0,"Turun","Tetap")),"-") -> Naik | F38: =IFERROR(IF(ISNUMBER(D38),D38,NA()),NA()) -> 0.0027917547
A39: 36 | B39: Agu 2026 - M2 | C39: 2026-08-10 s/d 2026-08-14 | D39: ='Perhitungan IPH Mingguan 2026'!DG26 -> -0.098618657 | E39: =IF(ISNUMBER(D39),IF(D39>0,"Naik",IF(D39<0,"Turun","Tetap")),"-") -> Turun | F39: =IFERROR(IF(ISNUMBER(D39),D39,NA()),NA()) -> -0.098618657
A40: 37 | B40: Agu 2026 - M3 | C40: 2026-08-17 s/d 2026-08-21 | D40: ='Perhitungan IPH Mingguan 2026'!DJ26 -> 0.13824681 | E40: =IF(ISNUMBER(D40),IF(D40>0,"Naik",IF(D40<0,"Turun","Tetap")),"-") -> Naik | F40: =IFERROR(IF(ISNUMBER(D40),D40,NA()),NA()) -> 0.13824681
A41: 38 | B41: Agu 2026 - M4 | C41: 2026-08-24 s/d 2026-08-28 | D41: ='Perhitungan IPH Mingguan 2026'!DM26 -> 0.35800883 | E41: =IF(ISNUMBER(D41),IF(D41>0,"Naik",IF(D41<0,"Turun","Tetap")),"-") -> Naik | F41: =IFERROR(IF(ISNUMBER(D41),D41,NA()),NA()) -> 0.35800883
A42: 40 | B42: Sep 2026 - M1 | C42: 2026-08-31 s/d 2026-09-04 | D42: ='Perhitungan IPH Mingguan 2026'!DP26 -> 0.30409181 | E42: =IF(ISNUMBER(D42),IF(D42>0,"Naik",IF(D42<0,"Turun","Tetap")),"-") -> Naik | F42: =IFERROR(IF(ISNUMBER(D42),D42,NA()),NA()) -> 0.30409181
A43: 41 | B43: Sep 2026 - M2 | C43: 2026-09-07 s/d 2026-09-11 | D43: ='Perhitungan IPH Mingguan 2026'!DS26 -> Data tidak tersedia | E43: =IF(ISNUMBER(D43),IF(D43>0,"Naik",IF(D43<0,"Turun","Tetap")),"-") -> - | F43: =IFERROR(IF(ISNUMBER(D43),D43,NA()),NA()) -> #N/A
A44: 42 | B44: Sep 2026 - M3 | C44: 2026-09-14 s/d 2026-09-18 | D44: ='Perhitungan IPH Mingguan 2026'!DV26 -> Data tidak tersedia | E44: =IF(ISNUMBER(D44),IF(D44>0,"Naik",IF(D44<0,"Turun","Tetap")),"-") -> - | F44: =IFERROR(IF(ISNUMBER(D44),D44,NA()),NA()) -> #N/A
A45: 43 | B45: Sep 2026 - M4 | C45: 2026-09-21 s/d 2026-09-25 | D45: ='Perhitungan IPH Mingguan 2026'!DY26 -> Data tidak tersedia | E45: =IF(ISNUMBER(D45),IF(D45>0,"Naik",IF(D45<0,"Turun","Tetap")),"-") -> - | F45: =IFERROR(IF(ISNUMBER(D45),D45,NA()),NA()) -> #N/A
A46: 44 | B46: Sep 2026 - M5 | C46: 2026-09-28 s/d 2026-09-30 | D46: ='Perhitungan IPH Mingguan 2026'!EB26 -> Data tidak tersedia | E46: =IF(ISNUMBER(D46),IF(D46>0,"Naik",IF(D46<0,"Turun","Tetap")),"-") -> - | F46: =IFERROR(IF(ISNUMBER(D46),D46,NA()),NA()) -> #N/A

Sheet Perhitungan IPH Mingguan 2026
A1: PERHITUNGAN IPH MINGGUAN JANUARI - AGUSTUS 2026 (39 minggu) - PASAR PON JOMBANG
A2: Formula: Andil_i(Mt) = Bobot_i x [(P̄Mt,i - P̄bulan sebelumnya,i)/P̄bulan sebelumnya,i] x 100% ; Growth IPH(Mt) = Σ Andil_i(Mt). Acuan m-1 tiap minggu = rata-rata bulan kalender sebelumnya (mis. minggu2 Jan 2026 acuan = rata2 Des 2025).
D4: Jan 2026 - M1 (01-02) | G4: Jan 2026 - M2 (05-09) | J4: Jan 2026 - M3 (12-16) | M4: Jan 2026 - M4 (19-23) | P4: Jan 2026 - M5 (26-30) | S4: Feb 2026 - M1 (02-06) | V4: Feb 2026 - M2 (09-13) | Y4: Feb 2026 - M3 (16-20) | AB4: Feb 2026 - M4 (23-27) | AE4: Mar 2026 - M1 (02-06) | AH4: Mar 2026 - M2 (09-13) | AK4: Mar 2026 - M3 (16-20) | AN4: Mar 2026 - M4 (23-27) | AQ4: Mar 2026 - M5 (30-31) | AT4: Apr 2026 - M1 (01-03) | AW4: Apr 2026 - M2 (06-10) | AZ4: Apr 2026 - M3 (13-17) | BC4: Apr 2026 - M4 (20-24) | BF4: Apr 2026 - M5 (27-30) | BI4: Mei 2026 - M1 (01-01) | BL4: Mei 2026 - M2 (04-08) | BO4: Mei 2026 - M3 (11-15) | BR4: Mei 2026 - M4 (18-22) | BU4: Mei 2026 - M5 (25-29) | BX4: Jun 2026 - M1 (01-05) | CA4: Jun 2026 - M2 (08-12) | CD4: Jun 2026 - M3 (15-19) | CG4: Jun 2026 - M4 (22-26) | CJ4: Jun 2026 - M5 (29-30) | CM4: Jul 2026 - M1 (01-03) | CP4: Jul 2026 - M2 (06-10) | CS4: Jul 2026 - M3 (13-17) | CV4: Jul 2026 - M4 (20-24) | CY4: Jul 2026 - M5 (27-31) | DB4: Agu 2026 - M1 (03-07) | DE4: Agu 2026 - M2 (10-14) | DH4: Agu 2026 - M3 (17-21) | DK4: Agu 2026 - M4 (24-28) | DN4: Sep 2026 - M1 (31-04) | DQ4: Sep 2026 - M2 (07-11) | DT4: Sep 2026 - M3 (14-18) | DW4: Sep 2026 - M4 (21-25) | DZ4: Sep 2026 - M5 (28-30)
A5: No | B5: Komoditas (standar IPH) | C5: Bobot (wi) | D5: P̄ | E5: Growth% | F5: Andil% | G5: P̄ | H5: Growth% | I5: Andil% | J5: P̄ | K5: Growth% | L5: Andil% | M5: P̄ | N5: Growth% | O5: Andil% | P5: P̄ | Q5: Growth% | R5: Andil% | S5: P̄ | T5: Growth% | U5: Andil% | V5: P̄ | W5: Growth% | X5: Andil% | Y5: P̄ | Z5: Growth% | AA5: Andil% | AB5: P̄ | AC5: Growth% | AD5: Andil% | AE5: P̄ | AF5: Growth% | AG5: Andil% | AH5: P̄ | AI5: Growth% | AJ5: Andil% | AK5: P̄ | AL5: Growth% | AM5: Andil% | AN5: P̄ | AO5: Growth% | AP5: Andil% | AQ5: P̄ | AR5: Growth% | AS5: Andil% | AT5: P̄ | AU5: Growth% | AV5: Andil% | AW5: P̄ | AX5: Growth% | AY5: Andil% | AZ5: P̄ | BA5: Growth% | BB5: Andil% | BC5: P̄ | BD5: Growth% | BE5: Andil% | BF5: P̄ | BG5: Growth% | BH5: Andil% | BI5: P̄ | BJ5: Growth% | BK5: Andil% | BL5: P̄ | BM5: Growth% | BN5: Andil% | BO5: P̄ | BP5: Growth% | BQ5: Andil% | BR5: P̄ | BS5: Growth% | BT5: Andil% | BU5: P̄ | BV5: Growth% | BW5: Andil% | BX5: P̄ | BY5: Growth% | BZ5: Andil% | CA5: P̄ | CB5: Growth% | CC5: Andil% | CD5: P̄ | CE5: Growth% | CF5: Andil% | CG5: P̄ | CH5: Growth% | CI5: Andil% | CJ5: P̄ | CK5: Growth% | CL5: Andil% | CM5: P̄ | CN5: Growth% | CO5: Andil% | CP5: P̄ | CQ5: Growth% | CR5: Andil% | CS5: P̄ | CT5: Growth% | CU5: Andil% | CV5: P̄ | CW5: Growth% | CX5: Andil% | CY5: P̄ | CZ5: Growth% | DA5: Andil% | DB5: P̄ | DC5: Growth% | DD5: Andil% | DE5: P̄ | DF5: Growth% | DG5: Andil% | DH5: P̄ | DI5: Growth% | DJ5: Andil% | DK5: P̄ | DL5: Growth% | DM5: Andil% | DN5: P̄ | DO5: Growth% | DP5: Andil% | DQ5: P̄ | DR5: Growth% | DS5: Andil% | DT5: P̄ | DU5: Growth% | DV5: Andil% | DW5: P̄ | DX5: Growth% | DY5: Andil% | DZ5: P̄ | EA5: Growth% | EB5: Andil% | ED5: ABS[Jan 2026-M1] | EE5: ABS[Jan 2026-M2] | EF5: ABS[Jan 2026-M3] | EG5: ABS[Jan 2026-M4] | EH5: ABS[Jan 2026-M5] | EI5: ABS[Feb 2026-M1] | EJ5: ABS[Feb 2026-M2] | EK5: ABS[Feb 2026-M3] | EL5: ABS[Feb 2026-M4] | EM5: ABS[Mar 2026-M1] | EN5: ABS[Mar 2026-M2] | EO5: ABS[Mar 2026-M3] | EP5: ABS[Mar 2026-M4] | EQ5: ABS[Mar 2026-M5] | ER5: ABS[Apr 2026-M1] | ES5: ABS[Apr 2026-M2] | ET5: ABS[Apr 2026-M3] | EU5: ABS[Apr 2026-M4] | EV5: ABS[Apr 2026-M5] | EW5: ABS[Mei 2026-M1] | EX5: ABS[Mei 2026-M2] | EY5: ABS[Mei 2026-M3] | EZ5: ABS[Mei 2026-M4] | FA5: ABS[Mei 2026-M5] | FB5: ABS[Jun 2026-M1] | FC5: ABS[Jun 2026-M2] | FD5: ABS[Jun 2026-M3] | FE5: ABS[Jun 2026-M4] | FF5: ABS[Jun 2026-M5] | FG5: ABS[Jul 2026-M1] | FH5: ABS[Jul 2026-M2] | FI5: ABS[Jul 2026-M3] | FJ5: ABS[Jul 2026-M4] | FK5: ABS[Jul 2026-M5] | FL5: ABS[Agu 2026-M1] | FM5: ABS[Agu 2026-M2] | FN5: ABS[Agu 2026-M3] | FO5: ABS[Agu 2026-M4] | FP5: ABS[Agu 2026-M5] | FQ5: ABS[Sep 2026-M1] | FR5: ABS[Sep 2026-M2] | FS5: ABS[Sep 2026-M3] | FT5: ABS[Sep 2026-M4] | FU5: ABS[Sep 2026-M5]
A6: 1 | B6: beras 1111001 | C6: ='P0Q0 Dasar 2022'!F5 -> 0.12508906 | D6: =IFERROR(AVERAGEIF('Pemetaan Variant'!$A$5:$A$32,$B6,'Pemetaan Variant'!$L$5:$L$32),"n/a") -> 13000 | E6: =IFERROR(IF(ISNUMBER(D6),(D6-AVERAGEIF('Pemetaan Variant'!$A$5:$A$32,$B6,'Pemetaan Variant'!$D$5:$D$32))/AVERAGEIF('Pemetaan Variant'!$A$5:$A$32,$B6,'Pemetaan Variant'!$D$5:$D$32)*100,"n/a"),"n/a") -> 0 | F6: =IFERROR(IF(ISNUMBER(E6),$C6*E6,"n/a"),"n/a") -> 0 | G6: =IFERROR(AVERAGEIF('Pemetaan Variant'!$A$5:$A$32,$B6,'Pemetaan Variant'!$M$5:$M$32),"n/a") -> 13000 | H6: =IFERROR(IF(ISNUMBER(G6),(G6-AVERAGEIF('Pemetaan Variant'!$A$5:$A$32,$B6,'Pemetaan Variant'!$D$5:$D$32))/AVERAGEIF('Pemetaan Variant'!$A$5:$A$32,$B6,'Pemetaan Variant'!$D$5:$D$32)*100,"n/a"),"n/a") -> 0 | I6: =IFERROR(IF(ISNUMBER(H6),$C6*H6,"n/a"),"n/a") -> 0 | J6: =IFERROR(AVERAGEIF('Pemetaan Variant'!$A$5:$A$32,$B6,'Pemetaan Variant'!$N$5:$N$32),"n/a") -> 13000 | K6: =IFERROR(IF(ISNUMBER(J6),(J6-AVERAGEIF('Pemetaan Variant'!$A$5:$A$32,$B6,'Pemetaan Variant'!$D$5:$D$32))/AVERAGEIF('Pemetaan Variant'!$A$5:$A$32,$B6,'Pemetaan Variant'!$D$5:$D$32)*100,"n/a"),"n/a") -> 0 | L6: =IFERROR(IF(ISNUMBER(K6),$C6*K6,"n/a"),"n/a") -> 0 | M6: =IFERROR(AVERAGEIF('Pemetaan Variant'!$A$5:$A$32,$B6,'Pemetaan Variant'!$O$5:$O$32),"n/a") -> 13000 | N6: =IFERROR(IF(ISNUMBER(M6),(M6-AVERAGEIF('Pemetaan Variant'!$A$5:$A$32,$B6,'Pemetaan Variant'!$D$5:$D$32))/AVERAGEIF('Pemetaan Variant'!$A$5:$A$32,$B6,'Pemetaan Variant'!$D$5:$D$32)*100,"n/a"),"n/a") -> 0 | O6: =IFERROR(IF(ISNUMBER(N6),$C6*N6,"n/a"),"n/a") -> 0 | P6: =IFERROR(AVERAGEIF('Pemetaan Variant'!$A$5:$A$32,$B6,'Pemetaan Variant'!$P$5:$P$32),"n/a") -> 13000 | Q6: =IFERROR(IF(ISNUMBER(P6),(P6-AVERAGEIF('Pemetaan Variant'!$A$5:$A$32,$B6,'Pemetaan Variant'!$D$5:$D$32))/AVERAGEIF('Pemetaan Variant'!$A$5:$A$32,$B6,'Pemetaan Variant'!$D$5:$D$32)*100,"n/a"),"n/a") -> 0 | R6: =IFERROR(IF(ISNUMBER(Q6),$C6*Q6,"n/a"),"n/a") -> 0 | S6: =IFERROR(AVERAGEIF('Pemetaan Variant'!$A$5:$A$32,$B6,'Pemetaan Variant'!$Q$5:$Q$32),"n/a") -> 13000 | T6: =IFERROR(IF(ISNUMBER(S6),(S6-AVERAGEIF('Pemetaan Variant'!$A$5:$A$32,$B6,'Pemetaan Variant'!$E$5:$E$32))/AVERAGEIF('Pemetaan Variant'!$A$5:$A$32,$B6,'Pemetaan Variant'!$E$5:$E$32)*100,"n/a"),"n/a") -> 0 | U6: =IFERROR(IF(ISNUMBER(T6),$C6*T6,"n/a"),"n/a") -> 0 | V6: =IFERROR(AVERAGEIF('Pemetaan Variant'!$A$5:$A$32,$B6,'Pemetaan Variant'!$R$5:$R$32),"n/a") -> 13000 | W6: =IFERROR(IF(ISNUMBER(V6),(V6-AVERAGEIF('Pemetaan Variant'!$A$5:$A$32,$B6,'Pemetaan Variant'!$E$5:$E$32))/AVERAGEIF('Pemetaan Variant'!$A$5:$A$32,$B6,'Pemetaan Variant'!$E$5:$E$32)*100,"n/a"),"n/a") -> 0 | X6: =IFERROR(IF(ISNUMBER(W6),$C6*W6,"n/a"),"n/a") -> 0 | Y6: =IFERROR(AVERAGEIF('Pemetaan Variant'!$A$5:$A$32,$B6,'Pemetaan Variant'!$S$5:$S$32),"n/a") -> 13000 | Z6: =IFERROR(IF(ISNUMBER(Y6),(Y6-AVERAGEIF('Pemetaan Variant'!$A$5:$A$32,$B6,'Pemetaan Variant'!$E$5:$E$32))/AVERAGEIF('Pemetaan Variant'!$A$5:$A$32,$B6,'Pemetaan Variant'!$E$5:$E$32)*100,"n/a"),"n/a") -> 0 | AA6: =IFERROR(IF(ISNUMBER(Z6),$C6*Z6,"n/a"),"n/a") -> 0 | AB6: =IFERROR(AVERAGEIF('Pemetaan Variant'!$A$5:$A$32,$B6,'Pemetaan Variant'!$T$5:$T$32),"n/a") -> 13000 | AC6: =IFERROR(IF(ISNUMBER(AB6),(AB6-AVERAGEIF('Pemetaan Variant'!$A$5:$A$32,$B6,'Pemetaan Variant'!$E$5:$E$32))/AVERAGEIF('Pemetaan Variant'!$A$5:$A$32,$B6,'Pemetaan Variant'!$E$5:$E$32)*100,"n/a"),"n/a") -> 0 | AD6: =IFERROR(IF(ISNUMBER(AC6),$C6*AC6,"n/a"),"n/a") -> 0 | AE6: =IFERROR(AVERAGEIF('Pemetaan Variant'!$A$5:$A$32,$B6,'Pemetaan Variant'!$U$5:$U$32),"n/a") -> 13000 | AF6: =IFERROR(IF(ISNUMBER(AE6),(AE6-AVERAGEIF('Pemetaan Variant'!$A$5:$A$32,$B6,'Pemetaan Variant'!$F$5:$F$32))/AVERAGEIF('Pemetaan Variant'!$A$5:$A$32,$B6,'Pemetaan Variant'!$F$5:$F$32)*100,"n/a"),"n/a") -> 0 | AG6: =IFERROR(IF(ISNUMBER(AF6),$C6*AF6,"n/a"),"n/a") -> 0 | AH6: =IFERROR(AVERAGEIF('Pemetaan Variant'!$A$5:$A$32,$B6,'Pemetaan Variant'!$V$5:$V$32),"n/a") -> 13000 | AI6: =IFERROR(IF(ISNUMBER(AH6),(AH6-AVERAGEIF('Pemetaan Variant'!$A$5:$A$32,$B6,'Pemetaan Variant'!$F$5:$F$32))/AVERAGEIF('Pemetaan Variant'!$A$5:$A$32,$B6,'Pemetaan Variant'!$F$5:$F$32)*100,"n/a"),"n/a") -> 0 | AJ6: =IFERROR(IF(ISNUMBER(AI6),$C6*AI6,"n/a"),"n/a") -> 0 | AK6: =IFERROR(AVERAGEIF('Pemetaan Variant'!$A$5:$A$32,$B6,'Pemetaan Variant'!$W$5:$W$32),"n/a") -> 13000 | AL6: =IFERROR(IF(ISNUMBER(AK6),(AK6-AVERAGEIF('Pemetaan Variant'!$A$5:$A$32,$B6,'Pemetaan Variant'!$F$5:$F$32))/AVERAGEIF('Pemetaan Variant'!$A$5:$A$32,$B6,'Pemetaan Variant'!$F$5:$F$32)*100,"n/a"),"n/a") -> 0 | AM6: =IFERROR(IF(ISNUMBER(AL6),$C6*AL6,"n/a"),"n/a") -> 0 | AN6: =IFERROR(AVERAGEIF('Pemetaan Variant'!$A$5:$A$32,$B6,'Pemetaan Variant'!$X$5:$X$32),"n/a") -> 13000 | AO6: =IFERROR(IF(ISNUMBER(AN6),(AN6-AVERAGEIF('Pemetaan Variant'!$A$5:$A$32,$B6,'Pemetaan Variant'!$F$5:$F$32))/AVERAGEIF('Pemetaan Variant'!$A$5:$A$32,$B6,'Pemetaan Variant'!$F$5:$F$32)*100,"n/a"),"n/a") -> 0 | AP6: =IFERROR(IF(ISNUMBER(AO6),$C6*AO6,"n/a"),"n/a") -> 0 | AQ6: =IFERROR(AVERAGEIF('Pemetaan Variant'!$A$5:$A$32,$B6,'Pemetaan Variant'!$Y$5:$Y$32),"n/a") -> 13000 | AR6: =IFERROR(IF(ISNUMBER(AQ6),(AQ6-AVERAGEIF('Pemetaan Variant'!$A$5:$A$32,$B6,'Pemetaan Variant'!$F$5:$F$32))/AVERAGEIF('Pemetaan Variant'!$A$5:$A$32,$B6,'Pemetaan Variant'!$F$5:$F$32)*100,"n/a"),"n/a") -> 0 | AS6: =IFERROR(IF(ISNUMBER(AR6),$C6*AR6,"n/a"),"n/a") -> 0 | AT6: =IFERROR(AVERAGEIF('Pemetaan Variant'!$A$5:$A$32,$B6,'Pemetaan Variant'!$Z$5:$Z$32),"n/a") -> 13000 | AU6: =IFERROR(IF(ISNUMBER(AT6),(AT6-AVERAGEIF('Pemetaan Variant'!$A$5:$A$32,$B6,'Pemetaan Variant'!$G$5:$G$32))/AVERAGEIF('Pemetaan Variant'!$A$5:$A$32,$B6,'Pemetaan Variant'!$G$5:$G$32)*100,"n/a"),"n/a") -> 0 | AV6: =IFERROR(IF(ISNUMBER(AU6),$C6*AU6,"n/a"),"n/a") -> 0 | AW6: =IFERROR(AVERAGEIF('Pemetaan Variant'!$A$5:$A$32,$B6,'Pemetaan Variant'!$AA$5:$AA$32),"n/a") -> 13000 | AX6: =IFERROR(IF(ISNUMBER(AW6),(AW6-AVERAGEIF('Pemetaan Variant'!$A$5:$A$32,$B6,'Pemetaan Variant'!$G$5:$G$32))/AVERAGEIF('Pemetaan Variant'!$A$5:$A$32,$B6,'Pemetaan Variant'!$G$5:$G$32)*100,"n/a"),"n/a") -> 0 | AY6: =IFERROR(IF(ISNUMBER(AX6),$C6*AX6,"n/a"),"n/a") -> 0 | AZ6: =IFERROR(AVERAGEIF('Pemetaan Variant'!$A$5:$A$32,$B6,'Pemetaan Variant'!$AB$5:$AB$32),"n/a") -> 13000 | BA6: =IFERROR(IF(ISNUMBER(AZ6),(AZ6-AVERAGEIF('Pemetaan Variant'!$A$5:$A$32,$B6,'Pemetaan Variant'!$G$5:$G$32))/AVERAGEIF('Pemetaan Variant'!$A$5:$A$32,$B6,'Pemetaan Variant'!$G$5:$G$32)*100,"n/a"),"n/a") -> 0 | BB6: =IFERROR(IF(ISNUMBER(BA6),$C6*BA6,"n/a"),"n/a") -> 0 | BC6: =IFERROR(AVERAGEIF('Pemetaan Variant'!$A$5:$A$32,$B6,'Pemetaan Variant'!$AC$5:$AC$32),"n/a") -> 13633.333 | BD6: =IFERROR(IF(ISNUMBER(BC6),(BC6-AVERAGEIF('Pemetaan Variant'!$A$5:$A$32,$B6,'Pemetaan Variant'!$G$5:$G$32))/AVERAGEIF('Pemetaan Variant'!$A$5:$A$32,$B6,'Pemetaan Variant'!$G$5:$G$32)*100,"n/a"),"n/a") -> 4.8717949 | BE6: =IFERROR(IF(ISNUMBER(BD6),$C6*BD6,"n/a"),"n/a") -> 0.60940823 | BF6: =IFERROR(AVERAGEIF('Pemetaan Variant'!$A$5:$A$32,$B6,'Pemetaan Variant'!$AD$5:$AD$32),"n/a") -> 13633.333 | BG6: =IFERROR(IF(ISNUMBER(BF6),(BF6-AVERAGEIF('Pemetaan Variant'!$A$5:$A$32,$B6,'Pemetaan Variant'!$G$5:$G$32))/AVERAGEIF('Pemetaan Variant'!$A$5:$A$32,$B6,'Pemetaan Variant'!$G$5:$G$32)*100,"n/a"),"n/a") -> 4.8717949 | BH6: =IFERROR(IF(ISNUMBER(BG6),$C6*BG6,"n/a"),"n/a") -> 0.60940823 | BI6: =IFERROR(AVERAGEIF('Pemetaan Variant'!$A$5:$A$32,$B6,'Pemetaan Variant'!$AE$5:$AE$32),"n/a") -> n/a | BJ6: =IFERROR(IF(ISNUMBER(BI6),(BI6-AVERAGEIF('Pemetaan Variant'!$A$5:$A$32,$B6,'Pemetaan Variant'!$H$5:$H$32))/AVERAGEIF('Pemetaan Variant'!$A$5:$A$32,$B6,'Pemetaan Variant'!$H$5:$H$32)*100,"n/a"),"n/a") -> n/a | BK6: =IFERROR(IF(ISNUMBER(BJ6),$C6*BJ6,"n/a"),"n/a") -> n/a | BL6: =IFERROR(AVERAGEIF('Pemetaan Variant'!$A$5:$A$32,$B6,'Pemetaan Variant'!$AF$5:$AF$32),"n/a") -> 13633.333 | BM6: =IFERROR(IF(ISNUMBER(BL6),(BL6-AVERAGEIF('Pemetaan Variant'!$A$5:$A$32,$B6,'Pemetaan Variant'!$H$5:$H$32))/AVERAGEIF('Pemetaan Variant'!$A$5:$A$32,$B6,'Pemetaan Variant'!$H$5:$H$32)*100,"n/a"),"n/a") -> 2.7269465 | BN6: =IFERROR(IF(ISNUMBER(BM6),$C6*BM6,"n/a"),"n/a") -> 0.34111117 | BO6: =IFERROR(AVERAGEIF('Pemetaan Variant'!$A$5:$A$32,$B6,'Pemetaan Variant'!$AG$5:$AG$32),"n/a") -> 13608.333 | BP6: =IFERROR(IF(ISNUMBER(BO6),(BO6-AVERAGEIF('Pemetaan Variant'!$A$5:$A$32,$B6,'Pemetaan Variant'!$H$5:$H$32))/AVERAGEIF('Pemetaan Variant'!$A$5:$A$32,$B6,'Pemetaan Variant'!$H$5:$H$32)*100,"n/a"),"n/a") -> 2.5385719 | BQ6: =IFERROR(IF(ISNUMBER(BP6),$C6*BP6,"n/a"),"n/a") -> 0.31754757 | BR6: =IFERROR(AVERAGEIF('Pemetaan Variant'!$A$5:$A$32,$B6,'Pemetaan Variant'!$AH$5:$AH$32),"n/a") -> 13586.667 | BS6: =IFERROR(IF(ISNUMBER(BR6),(BR6-AVERAGEIF('Pemetaan Variant'!$A$5:$A$32,$B6,'Pemetaan Variant'!$H$5:$H$32))/AVERAGEIF('Pemetaan Variant'!$A$5:$A$32,$B6,'Pemetaan Variant'!$H$5:$H$32)*100,"n/a"),"n/a") -> 2.375314 | BT6: =IFERROR(IF(ISNUMBER(BS6),$C6*BS6,"n/a"),"n/a") -> 0.29712578 | BU6: =IFERROR(AVERAGEIF('Pemetaan Variant'!$A$5:$A$32,$B6,'Pemetaan Variant'!$AI$5:$AI$32),"n/a") -> 13233.333 | BV6: =IFERROR(IF(ISNUMBER(BU6),(BU6-AVERAGEIF('Pemetaan Variant'!$A$5:$A$32,$B6,'Pemetaan Variant'!$H$5:$H$32))/AVERAGEIF('Pemetaan Variant'!$A$5:$A$32,$B6,'Pemetaan Variant'!$H$5:$H$32)*100,"n/a"),"n/a") -> -0.287047 | BW6: =IFERROR(IF(ISNUMBER(BV6),$C6*BV6,"n/a"),"n/a") -> -0.035906439 | BX6: =IFERROR(AVERAGEIF('Pemetaan Variant'!$A$5:$A$32,$B6,'Pemetaan Variant'!$AJ$5:$AJ$32),"n/a") -> 12933.333 | BY6: =IFERROR(IF(ISNUMBER(BX6),(BX6-AVERAGEIF('Pemetaan Variant'!$A$5:$A$32,$B6,'Pemetaan Variant'!$I$5:$I$32))/AVERAGEIF('Pemetaan Variant'!$A$5:$A$32,$B6,'Pemetaan Variant'!$I$5:$I$32)*100,"n/a"),"n/a") -> -4.4739373 | BZ6: =IFERROR(IF(ISNUMBER(BY6),$C6*BY6,"n/a"),"n/a") -> -0.5596406 | CA6: =IFERROR(AVERAGEIF('Pemetaan Variant'!$A$5:$A$32,$B6,'Pemetaan Variant'!$AK$5:$AK$32),"n/a") -> 12860 | CB6: =IFERROR(IF(ISNUMBER(CA6),(CA6-AVERAGEIF('Pemetaan Variant'!$A$5:$A$32,$B6,'Pemetaan Variant'!$I$5:$I$32))/AVERAGEIF('Pemetaan Variant'!$A$5:$A$32,$B6,'Pemetaan Variant'!$I$5:$I$32)*100,"n/a"),"n/a") -> -5.0155799 | CC6: =IFERROR(IF(ISNUMBER(CB6),$C6*CB6,"n/a"),"n/a") -> -0.62739416 | CD6: =IFERROR(AVERAGEIF('Pemetaan Variant'!$A$5:$A$32,$B6,'Pemetaan Variant'!$AL$5:$AL$32),"n/a") -> 12925 | CE6: =IFERROR(IF(ISNUMBER(CD6),(CD6-AVERAGEIF('Pemetaan Variant'!$A$5:$A$32,$B6,'Pemetaan Variant'!$I$5:$I$32))/AVERAGEIF('Pemetaan Variant'!$A$5:$A$32,$B6,'Pemetaan Variant'!$I$5:$I$32)*100,"n/a"),"n/a") -> -4.5354876 | CF6: =IFERROR(IF(ISNUMBER(CE6),$C6*CE6,"n/a"),"n/a") -> -0.56733987 | CG6: =IFERROR(AVERAGEIF('Pemetaan Variant'!$A$5:$A$32,$B6,'Pemetaan Variant'!$AM$5:$AM$32),"n/a") -> 12866.667 | CH6: =IFERROR(IF(ISNUMBER(CG6),(CG6-AVERAGEIF('Pemetaan Variant'!$A$5:$A$32,$B6,'Pemetaan Variant'!$I$5:$I$32))/AVERAGEIF('Pemetaan Variant'!$A$5:$A$32,$B6,'Pemetaan Variant'!$I$5:$I$32)*100,"n/a"),"n/a") -> -4.9663397 | CI6: =IFERROR(IF(ISNUMBER(CH6),$C6*CH6,"n/a"),"n/a") -> -0.62123475 | CJ6: =IFERROR(AVERAGEIF('Pemetaan Variant'!$A$5:$A$32,$B6,'Pemetaan Variant'!$AN$5:$AN$32),"n/a") -> 12866.667 | CK6: =IFERROR(IF(ISNUMBER(CJ6),(CJ6-AVERAGEIF('Pemetaan Variant'!$A$5:$A$32,$B6,'Pemetaan Variant'!$I$5:$I$32))/AVERAGEIF('Pemetaan Variant'!$A$5:$A$32,$B6,'Pemetaan Variant'!$I$5:$I$32)*100,"n/a"),"n/a") -> -4.9663397 | CL6: =IFERROR(IF(ISNUMBER(CK6),$C6*CK6,"n/a"),"n/a") -> -0.62123475 | CM6: =IFERROR(AVERAGEIF('Pemetaan Variant'!$A$5:$A$32,$B6,'Pemetaan Variant'!$AO$5:$AO$32),"n/a") -> 12866.667 | CN6: =IFERROR(IF(ISNUMBER(CM6),(CM6-AVERAGEIF('Pemetaan Variant'!$A$5:$A$32,$B6,'Pemetaan Variant'!$J$5:$J$32))/AVERAGEIF('Pemetaan Variant'!$A$5:$A$32,$B6,'Pemetaan Variant'!$J$5:$J$32)*100,"n/a"),"n/a") -> -0.18101888 | CO6: =IFERROR(IF(ISNUMBER(CN6),$C6*CN6,"n/a"),"n/a") -> -0.022643481 | CP6: =IFERROR(AVERAGEIF('Pemetaan Variant'!$A$5:$A$32,$B6,'Pemetaan Variant'!$AP$5:$AP$32),"n/a") -> 12866.667 | CQ6: =IFERROR(IF(ISNUMBER(CP6),(CP6-AVERAGEIF('Pemetaan Variant'!$A$5:$A$32,$B6,'Pemetaan Variant'!$J$5:$J$32))/AVERAGEIF('Pemetaan Variant'!$A$5:$A$32,$B6,'Pemetaan Variant'!$J$5:$J$32)*100,"n/a"),"n/a") -> -0.18101888 | CR6: =IFERROR(IF(ISNUMBER(CQ6),$C6*CQ6,"n/a"),"n/a") -> -0.022643481 | CS6: =IFERROR(AVERAGEIF('Pemetaan Variant'!$A$5:$A$32,$B6,'Pemetaan Variant'!$AQ$5:$AQ$32),"n/a") -> 12866.667 | CT6: =IFERROR(IF(ISNUMBER(CS6),(CS6-AVERAGEIF('Pemetaan Variant'!$A$5:$A$32,$B6,'Pemetaan Variant'!$J$5:$J$32))/AVERAGEIF('Pemetaan Variant'!$A$5:$A$32,$B6,'Pemetaan Variant'!$J$5:$J$32)*100,"n/a"),"n/a") -> -0.18101888 | CU6: =IFERROR(IF(ISNUMBER(CT6),$C6*CT6,"n/a"),"n/a") -> -0.022643481 | CV6: =IFERROR(AVERAGEIF('Pemetaan Variant'!$A$5:$A$32,$B6,'Pemetaan Variant'!$AR$5:$AR$32),"n/a") -> 12866.667 | CW6: =IFERROR(IF(ISNUMBER(CV6),(CV6-AVERAGEIF('Pemetaan Variant'!$A$5:$A$32,$B6,'Pemetaan Variant'!$J$5:$J$32))/AVERAGEIF('Pemetaan Variant'!$A$5:$A$32,$B6,'Pemetaan Variant'!$J$5:$J$32)*100,"n/a"),"n/a") -> -0.18101888 | CX6: =IFERROR(IF(ISNUMBER(CW6),$C6*CW6,"n/a"),"n/a") -> -0.022643481 | CY6: =IFERROR(AVERAGEIF('Pemetaan Variant'!$A$5:$A$32,$B6,'Pemetaan Variant'!$AS$5:$AS$32),"n/a") -> 12866.667 | CZ6: =IFERROR(IF(ISNUMBER(CY6),(CY6-AVERAGEIF('Pemetaan Variant'!$A$5:$A$32,$B6,'Pemetaan Variant'!$J$5:$J$32))/AVERAGEIF('Pemetaan Variant'!$A$5:$A$32,$B6,'Pemetaan Variant'!$J$5:$J$32)*100,"n/a"),"n/a") -> -0.18101888 | DA6: =IFERROR(IF(ISNUMBER(CZ6),$C6*CZ6,"n/a"),"n/a") -> -0.022643481 | DB6: =IFERROR(AVERAGEIF('Pemetaan Variant'!$A$5:$A$32,$B6,'Pemetaan Variant'!$AT$5:$AT$32),"n/a") -> 12866.667 | DC6: =IFERROR(IF(ISNUMBER(DB6),(DB6-AVERAGEIF('Pemetaan Variant'!$A$5:$A$32,$B6,'Pemetaan Variant'!$K$5:$K$32))/AVERAGEIF('Pemetaan Variant'!$A$5:$A$32,$B6,'Pemetaan Variant'!$K$5:$K$32)*100,"n/a"),"n/a") -> 0 | DD6: =IFERROR(IF(ISNUMBER(DC6),$C6*DC6,"n/a"),"n/a") -> 0 | DE6: =IFERROR(AVERAGEIF('Pemetaan Variant'!$A$5:$A$32,$B6,'Pemetaan Variant'!$AU$5:$AU$32),"n/a") -> 12866.667 | DF6: =IFERROR(IF(ISNUMBER(DE6),(DE6-AVERAGEIF('Pemetaan Variant'!$A$5:$A$32,$B6,'Pemetaan Variant'!$K$5:$K$32))/AVERAGEIF('Pemetaan Variant'!$A$5:$A$32,$B6,'Pemetaan Variant'!$K$5:$K$32)*100,"n/a"),"n/a") -> 0 | DG6: =IFERROR(IF(ISNUMBER(DF6),$C6*DF6,"n/a"),"n/a") -> 0 | DH6: =IFERROR(AVERAGEIF('Pemetaan Variant'!$A$5:$A$32,$B6,'Pemetaan Variant'!$AV$5:$AV$32),"n/a") -> 12866.667 | DI6: =IFERROR(IF(ISNUMBER(DH6),(DH6-AVERAGEIF('Pemetaan Variant'!$A$5:$A$32,$B6,'Pemetaan Variant'!$K$5:$K$32))/AVERAGEIF('Pemetaan Variant'!$A$5:$A$32,$B6,'Pemetaan Variant'!$K$5:$K$32)*100,"n/a"),"n/a") -> 0 | DJ6: =IFERROR(IF(ISNUMBER(DI6),$C6*DI6,"n/a"),"n/a") -> 0 | DK6: =IFERROR(AVERAGEIF('Pemetaan Variant'!$A$5:$A$32,$B6,'Pemetaan Variant'!$AW$5:$AW$32),"n/a") -> 12879.167 | DL6: =IFERROR(IF(ISNUMBER(DK6),(DK6-AVERAGEIF('Pemetaan Variant'!$A$5:$A$32,$B6,'Pemetaan Variant'!$K$5:$K$32))/AVERAGEIF('Pemetaan Variant'!$A$5:$A$32,$B6,'Pemetaan Variant'!$K$5:$K$32)*100,"n/a"),"n/a") -> 0.097150259 | DM6: =IFERROR(IF(ISNUMBER(DL6),$C6*DL6,"n/a"),"n/a") -> 0.012152434 | DN6: =IFERROR(AVERAGEIF('Pemetaan Variant'!$A$5:$A$32,$B6,'Pemetaan Variant'!$AZ$5:$AZ$32),"n/a") -> 12883.333 | DO6: =IFERROR(IF(ISNUMBER(DN6),(DN6-AVERAGEIF('Pemetaan Variant'!$A$5:$A$32,$B6,'Pemetaan Variant'!$AY$5:$AY$32))/AVERAGEIF('Pemetaan Variant'!$A$5:$A$32,$B6,'Pemetaan Variant'!$AY$5:$AY$32)*100,"n/a"),"n/a") -> 0.10792143 | DP6: =IFERROR(IF(ISNUMBER(DO6),$C6*DO6,"n/a"),"n/a") -> 0.01349979 | DQ6: =IFERROR(AVERAGEIF('Pemetaan Variant'!$A$5:$A$32,$B6,'Pemetaan Variant'!$BA$5:$BA$32),"n/a") -> n/a | DR6: =IFERROR(IF(ISNUMBER(DQ6),(DQ6-AVERAGEIF('Pemetaan Variant'!$A$5:$A$32,$B6,'Pemetaan Variant'!$AY$5:$AY$32))/AVERAGEIF('Pemetaan Variant'!$A$5:$A$32,$B6,'Pemetaan Variant'!$AY$5:$AY$32)*100,"n/a"),"n/a") -> n/a | DS6: =IFERROR(IF(ISNUMBER(DR6),$C6*DR6,"n/a"),"n/a") -> n/a | DT6: =IFERROR(AVERAGEIF('Pemetaan Variant'!$A$5:$A$32,$B6,'Pemetaan Variant'!$BB$5:$BB$32),"n/a") -> n/a | DU6: =IFERROR(IF(ISNUMBER(DT6),(DT6-AVERAGEIF('Pemetaan Variant'!$A$5:$A$32,$B6,'Pemetaan Variant'!$AY$5:$AY$32))/AVERAGEIF('Pemetaan Variant'!$A$5:$A$32,$B6,'Pemetaan Variant'!$AY$5:$AY$32)*100,"n/a"),"n/a") -> n/a | DV6: =IFERROR(IF(ISNUMBER(DU6),$C6*DU6,"n/a"),"n/a") -> n/a | DW6: =IFERROR(AVERAGEIF('Pemetaan Variant'!$A$5:$A$32,$B6,'Pemetaan Variant'!$BC$5:$BC$32),"n/a") -> n/a | DX6: =IFERROR(IF(ISNUMBER(DW6),(DW6-AVERAGEIF('Pemetaan Variant'!$A$5:$A$32,$B6,'Pemetaan Variant'!$AY$5:$AY$32))/AVERAGEIF('Pemetaan Variant'!$A$5:$A$32,$B6,'Pemetaan Variant'!$AY$5:$AY$32)*100,"n/a"),"n/a") -> n/a | DY6: =IFERROR(IF(ISNUMBER(DX6),$C6*DX6,"n/a"),"n/a") -> n/a | DZ6: =IFERROR(AVERAGEIF('Pemetaan Variant'!$A$5:$A$32,$B6,'Pemetaan Variant'!$BD$5:$BD$32),"n/a") -> n/a | EA6: =IFERROR(IF(ISNUMBER(DZ6),(DZ6-AVERAGEIF('Pemetaan Variant'!$A$5:$A$32,$B6,'Pemetaan Variant'!$AY$5:$AY$32))/AVERAGEIF('Pemetaan Variant'!$A$5:$A$32,$B6,'Pemetaan Variant'!$AY$5:$AY$32)*100,"n/a"),"n/a") -> n/a | EB6: =IFERROR(IF(ISNUMBER(EA6),$C6*EA6,"n/a"),"n/a") -> n/a | ED6: =IFERROR(ABS(F6),0) -> 0 | EE6: =IFERROR(ABS(I6),0) -> 0 | EF6: =IFERROR(ABS(L6),0) -> 0 | EG6: =IFERROR(ABS(O6),0) -> 0 | EH6: =IFERROR(ABS(R6),0) -> 0 | EI6: =IFERROR(ABS(U6),0) -> 0 | EJ6: =IFERROR(ABS(X6),0) -> 0 | EK6: =IFERROR(ABS(AA6),0) -> 0 | EL6: =IFERROR(ABS(AD6),0) -> 0 | EM6: =IFERROR(ABS(AG6),0) -> 0 | EN6: =IFERROR(ABS(AJ6),0) -> 0 | EO6: =IFERROR(ABS(AM6),0) -> 0 | EP6: =IFERROR(ABS(AP6),0) -> 0 | EQ6: =IFERROR(ABS(AS6),0) -> 0 | ER6: =IFERROR(ABS(AV6),0) -> 0 | ES6: =IFERROR(ABS(AY6),0) -> 0 | ET6: =IFERROR(ABS(BB6),0) -> 0 | EU6: =IFERROR(ABS(BE6),0) -> 0.60940823 | EV6: =IFERROR(ABS(BH6),0) -> 0.60940823 | EW6: =IFERROR(ABS(BK6),0) -> 0 | EX6: =IFERROR(ABS(BN6),0) -> 0.34111117 | EY6: =IFERROR(ABS(BQ6),0) -> 0.31754757 | EZ6: =IFERROR(ABS(BT6),0) -> 0.29712578 | FA6: =IFERROR(ABS(BW6),0) -> 0.035906439 | FB6: =IFERROR(ABS(BZ6),0) -> 0.5596406 | FC6: =IFERROR(ABS(CC6),0) -> 0.62739416 | FD6: =IFERROR(ABS(CF6),0) -> 0.56733987 | FE6: =IFERROR(ABS(CI6),0) -> 0.62123475 | FF6: =IFERROR(ABS(CL6),0) -> 0.62123475 | FG6: =IFERROR(ABS(CO6),0) -> 0.022643481 | FH6: =IFERROR(ABS(CR6),0) -> 0.022643481 | FI6: =IFERROR(ABS(CU6),0) -> 0.022643481 | FJ6: =IFERROR(ABS(CX6),0) -> 0.022643481 | FK6: =IFERROR(ABS(DA6),0) -> 0.022643481 | FL6: =IFERROR(ABS(DD6),0) -> 0 | FM6: =IFERROR(ABS(DG6),0) -> 0 | FN6: =IFERROR(ABS(DJ6),0) -> 0 | FO6: =IFERROR(ABS(DM6),0) -> 0.012152434 | FP6: =IFERROR(ABS(#REF!),0) -> 0 | FQ6: =IFERROR(ABS(DP6),0) -> 0.01349979 | FR6: =IFERROR(ABS(DS6),0) -> 0 | FS6: =IFERROR(ABS(DV6),0) -> 0 | FT6: =IFERROR(ABS(DY6),0) -> 0 | FU6: =IFERROR(ABS(EB6),0) -> 0
A7: 2 | B7: tepung terigu 01115005 | C7: ='P0Q0 Dasar 2022'!F6 -> 0.0079366405 | D7: =IFERROR(AVERAGEIF('Pemetaan Variant'!$A$5:$A$32,$B7,'Pemetaan Variant'!$L$5:$L$32),"n/a") -> 11000 | E7: =IFERROR(IF(ISNUMBER(D7),(D7-AVERAGEIF('Pemetaan Variant'!$A$5:$A$32,$B7,'Pemetaan Variant'!$D$5:$D$32))/AVERAGEIF('Pemetaan Variant'!$A$5:$A$32,$B7,'Pemetaan Variant'!$D$5:$D$32)*100,"n/a"),"n/a") -> 0 | F7: =IFERROR(IF(ISNUMBER(E7),$C7*E7,"n/a"),"n/a") -> 0 | G7: =IFERROR(AVERAGEIF('Pemetaan Variant'!$A$5:$A$32,$B7,'Pemetaan Variant'!$M$5:$M$32),"n/a") -> 11000 | H7: =IFERROR(IF(ISNUMBER(G7),(G7-AVERAGEIF('Pemetaan Variant'!$A$5:$A$32,$B7,'Pemetaan Variant'!$D$5:$D$32))/AVERAGEIF('Pemetaan Variant'!$A$5:$A$32,$B7,'Pemetaan Variant'!$D$5:$D$32)*100,"n/a"),"n/a") -> 0 | I7: =IFERROR(IF(ISNUMBER(H7),$C7*H7,"n/a"),"n/a") -> 0 | J7: =IFERROR(AVERAGEIF('Pemetaan Variant'!$A$5:$A$32,$B7,'Pemetaan Variant'!$N$5:$N$32),"n/a") -> 11000 | K7: =IFERROR(IF(ISNUMBER(J7),(J7-AVERAGEIF('Pemetaan Variant'!$A$5:$A$32,$B7,'Pemetaan Variant'!$D$5:$D$32))/AVERAGEIF('Pemetaan Variant'!$A$5:$A$32,$B7,'Pemetaan Variant'!$D$5:$D$32)*100,"n/a"),"n/a") -> 0 | L7: =IFERROR(IF(ISNUMBER(K7),$C7*K7,"n/a"),"n/a") -> 0 | M7: =IFERROR(AVERAGEIF('Pemetaan Variant'!$A$5:$A$32,$B7,'Pemetaan Variant'!$O$5:$O$32),"n/a") -> 11000 | N7: =IFERROR(IF(ISNUMBER(M7),(M7-AVERAGEIF('Pemetaan Variant'!$A$5:$A$32,$B7,'Pemetaan Variant'!$D$5:$D$32))/AVERAGEIF('Pemetaan Variant'!$A$5:$A$32,$B7,'Pemetaan Variant'!$D$5:$D$32)*100,"n/a"),"n/a") -> 0 | O7: =IFERROR(IF(ISNUMBER(N7),$C7*N7,"n/a"),"n/a") -> 0 | P7: =IFERROR(AVERAGEIF('Pemetaan Variant'!$A$5:$A$32,$B7,'Pemetaan Variant'!$P$5:$P$32),"n/a") -> 11000 | Q7: =IFERROR(IF(ISNUMBER(P7),(P7-AVERAGEIF('Pemetaan Variant'!$A$5:$A$32,$B7,'Pemetaan Variant'!$D$5:$D$32))/AVERAGEIF('Pemetaan Variant'!$A$5:$A$32,$B7,'Pemetaan Variant'!$D$5:$D$32)*100,"n/a"),"n/a") -> 0 | R7: =IFERROR(IF(ISNUMBER(Q7),$C7*Q7,"n/a"),"n/a") -> 0 | S7: =IFERROR(AVERAGEIF('Pemetaan Variant'!$A$5:$A$32,$B7,'Pemetaan Variant'!$Q$5:$Q$32),"n/a") -> 11000 | T7: =IFERROR(IF(ISNUMBER(S7),(S7-AVERAGEIF('Pemetaan Variant'!$A$5:$A$32,$B7,'Pemetaan Variant'!$E$5:$E$32))/AVERAGEIF('Pemetaan Variant'!$A$5:$A$32,$B7,'Pemetaan Variant'!$E$5:$E$32)*100,"n/a"),"n/a") -> 0 | U7: =IFERROR(IF(ISNUMBER(T7),$C7*T7,"n/a"),"n/a") -> 0 | V7: =IFERROR(AVERAGEIF('Pemetaan Variant'!$A$5:$A$32,$B7,'Pemetaan Variant'!$R$5:$R$32),"n/a") -> 11000 | W7: =IFERROR(IF(ISNUMBER(V7),(V7-AVERAGEIF('Pemetaan Variant'!$A$5:$A$32,$B7,'Pemetaan Variant'!$E$5:$E$32))/AVERAGEIF('Pemetaan Variant'!$A$5:$A$32,$B7,'Pemetaan Variant'!$E$5:$E$32)*100,"n/a"),"n/a") -> 0 | X7: =IFERROR(IF(ISNUMBER(W7),$C7*W7,"n/a"),"n/a") -> 0 | Y7: =IFERROR(AVERAGEIF('Pemetaan Variant'!$A$5:$A$32,$B7,'Pemetaan Variant'!$S$5:$S$32),"n/a") -> 11000 | Z7: =IFERROR(IF(ISNUMBER(Y7),(Y7-AVERAGEIF('Pemetaan Variant'!$A$5:$A$32,$B7,'Pemetaan Variant'!$E$5:$E$32))/AVERAGEIF('Pemetaan Variant'!$A$5:$A$32,$B7,'Pemetaan Variant'!$E$5:$E$32)*100,"n/a"),"n/a") -> 0 | AA7: =IFERROR(IF(ISNUMBER(Z7),$C7*Z7,"n/a"),"n/a") -> 0 | AB7: =IFERROR(AVERAGEIF('Pemetaan Variant'!$A$5:$A$32,$B7,'Pemetaan Variant'!$T$5:$T$32),"n/a") -> 11000 | AC7: =IFERROR(IF(ISNUMBER(AB7),(AB7-AVERAGEIF('Pemetaan Variant'!$A$5:$A$32,$B7,'Pemetaan Variant'!$E$5:$E$32))/AVERAGEIF('Pemetaan Variant'!$A$5:$A$32,$B7,'Pemetaan Variant'!$E$5:$E$32)*100,"n/a"),"n/a") -> 0 | AD7: =IFERROR(IF(ISNUMBER(AC7),$C7*AC7,"n/a"),"n/a") -> 0 | AE7: =IFERROR(AVERAGEIF('Pemetaan Variant'!$A$5:$A$32,$B7,'Pemetaan Variant'!$U$5:$U$32),"n/a") -> 11000 | AF7: =IFERROR(IF(ISNUMBER(AE7),(AE7-AVERAGEIF('Pemetaan Variant'!$A$5:$A$32,$B7,'Pemetaan Variant'!$F$5:$F$32))/AVERAGEIF('Pemetaan Variant'!$A$5:$A$32,$B7,'Pemetaan Variant'!$F$5:$F$32)*100,"n/a"),"n/a") -> 0 | AG7: =IFERROR(IF(ISNUMBER(AF7),$C7*AF7,"n/a"),"n/a") -> 0 | AH7: =IFERROR(AVERAGEIF('Pemetaan Variant'!$A$5:$A$32,$B7,'Pemetaan Variant'!$V$5:$V$32),"n/a") -> 11000 | AI7: =IFERROR(IF(ISNUMBER(AH7),(AH7-AVERAGEIF('Pemetaan Variant'!$A$5:$A$32,$B7,'Pemetaan Variant'!$F$5:$F$32))/AVERAGEIF('Pemetaan Variant'!$A$5:$A$32,$B7,'Pemetaan Variant'!$F$5:$F$32)*100,"n/a"),"n/a") -> 0 | AJ7: =IFERROR(IF(ISNUMBER(AI7),$C7*AI7,"n/a"),"n/a") -> 0 | AK7: =IFERROR(AVERAGEIF('Pemetaan Variant'!$A$5:$A$32,$B7,'Pemetaan Variant'!$W$5:$W$32),"n/a") -> 11000 | AL7: =IFERROR(IF(ISNUMBER(AK7),(AK7-AVERAGEIF('Pemetaan Variant'!$A$5:$A$32,$B7,'Pemetaan Variant'!$F$5:$F$32))/AVERAGEIF('Pemetaan Variant'!$A$5:$A$32,$B7,'Pemetaan Variant'!$F$5:$F$32)*100,"n/a"),"n/a") -> 0 | AM7: =IFERROR(IF(ISNUMBER(AL7),$C7*AL7,"n/a"),"n/a") -> 0 | AN7: =IFERROR(AVERAGEIF('Pemetaan Variant'!$A$5:$A$32,$B7,'Pemetaan Variant'!$X$5:$X$32),"n/a") -> 11000 | AO7: =IFERROR(IF(ISNUMBER(AN7),(AN7-AVERAGEIF('Pemetaan Variant'!$A$5:$A$32,$B7,'Pemetaan Variant'!$F$5:$F$32))/AVERAGEIF('Pemetaan Variant'!$A$5:$A$32,$B7,'Pemetaan Variant'!$F$5:$F$32)*100,"n/a"),"n/a") -> 0 | AP7: =IFERROR(IF(ISNUMBER(AO7),$C7*AO7,"n/a"),"n/a") -> 0 | AQ7: =IFERROR(AVERAGEIF('Pemetaan Variant'!$A$5:$A$32,$B7,'Pemetaan Variant'!$Y$5:$Y$32),"n/a") -> 11000 | AR7: =IFERROR(IF(ISNUMBER(AQ7),(AQ7-AVERAGEIF('Pemetaan Variant'!$A$5:$A$32,$B7,'Pemetaan Variant'!$F$5:$F$32))/AVERAGEIF('Pemetaan Variant'!$A$5:$A$32,$B7,'Pemetaan Variant'!$F$5:$F$32)*100,"n/a"),"n/a") -> 0 | AS7: =IFERROR(IF(ISNUMBER(AR7),$C7*AR7,"n/a"),"n/a") -> 0 | AT7: =IFERROR(AVERAGEIF('Pemetaan Variant'!$A$5:$A$32,$B7,'Pemetaan Variant'!$Z$5:$Z$32),"n/a") -> 11000 | AU7: =IFERROR(IF(ISNUMBER(AT7),(AT7-AVERAGEIF('Pemetaan Variant'!$A$5:$A$32,$B7,'Pemetaan Variant'!$G$5:$G$32))/AVERAGEIF('Pemetaan Variant'!$A$5:$A$32,$B7,'Pemetaan Variant'!$G$5:$G$32)*100,"n/a"),"n/a") -> 0 | AV7: =IFERROR(IF(ISNUMBER(AU7),$C7*AU7,"n/a"),"n/a") -> 0 | AW7: =IFERROR(AVERAGEIF('Pemetaan Variant'!$A$5:$A$32,$B7,'Pemetaan Variant'!$AA$5:$AA$32),"n/a") -> 11000 | AX7: =IFERROR(IF(ISNUMBER(AW7),(AW7-AVERAGEIF('Pemetaan Variant'!$A$5:$A$32,$B7,'Pemetaan Variant'!$G$5:$G$32))/AVERAGEIF('Pemetaan Variant'!$A$5:$A$32,$B7,'Pemetaan Variant'!$G$5:$G$32)*100,"n/a"),"n/a") -> 0 | AY7: =IFERROR(IF(ISNUMBER(AX7),$C7*AX7,"n/a"),"n/a") -> 0 | AZ7: =IFERROR(AVERAGEIF('Pemetaan Variant'!$A$5:$A$32,$B7,'Pemetaan Variant'!$AB$5:$AB$32),"n/a") -> 11000 | BA7: =IFERROR(IF(ISNUMBER(AZ7),(AZ7-AVERAGEIF('Pemetaan Variant'!$A$5:$A$32,$B7,'Pemetaan Variant'!$G$5:$G$32))/AVERAGEIF('Pemetaan Variant'!$A$5:$A$32,$B7,'Pemetaan Variant'!$G$5:$G$32)*100,"n/a"),"n/a") -> 0 | BB7: =IFERROR(IF(ISNUMBER(BA7),$C7*BA7,"n/a"),"n/a") -> 0 | BC7: =IFERROR(AVERAGEIF('Pemetaan Variant'!$A$5:$A$32,$B7,'Pemetaan Variant'!$AC$5:$AC$32),"n/a") -> 11000 | BD7: =IFERROR(IF(ISNUMBER(BC7),(BC7-AVERAGEIF('Pemetaan Variant'!$A$5:$A$32,$B7,'Pemetaan Variant'!$G$5:$G$32))/AVERAGEIF('Pemetaan Variant'!$A$5:$A$32,$B7,'Pemetaan Variant'!$G$5:$G$32)*100,"n/a"),"n/a") -> 0 | BE7: =IFERROR(IF(ISNUMBER(BD7),$C7*BD7,"n/a"),"n/a") -> 0 | BF7: =IFERROR(AVERAGEIF('Pemetaan Variant'!$A$5:$A$32,$B7,'Pemetaan Variant'!$AD$5:$AD$32),"n/a") -> 11000 | BG7: =IFERROR(IF(ISNUMBER(BF7),(BF7-AVERAGEIF('Pemetaan Variant'!$A$5:$A$32,$B7,'Pemetaan Variant'!$G$5:$G$32))/AVERAGEIF('Pemetaan Variant'!$A$5:$A$32,$B7,'Pemetaan Variant'!$G$5:$G$32)*100,"n/a"),"n/a") -> 0 | BH7: =IFERROR(IF(ISNUMBER(BG7),$C7*BG7,"n/a"),"n/a") -> 0 | BI7: =IFERROR(AVERAGEIF('Pemetaan Variant'!$A$5:$A$32,$B7,'Pemetaan Variant'!$AE$5:$AE$32),"n/a") -> n/a | BJ7: =IFERROR(IF(ISNUMBER(BI7),(BI7-AVERAGEIF('Pemetaan Variant'!$A$5:$A$32,$B7,'Pemetaan Variant'!$H$5:$H$32))/AVERAGEIF('Pemetaan Variant'!$A$5:$A$32,$B7,'Pemetaan Variant'!$H$5:$H$32)*100,"n/a"),"n/a") -> n/a | BK7: =IFERROR(IF(ISNUMBER(BJ7),$C7*BJ7,"n/a"),"n/a") -> n/a | BL7: =IFERROR(AVERAGEIF('Pemetaan Variant'!$A$5:$A$32,$B7,'Pemetaan Variant'!$AF$5:$AF$32),"n/a") -> 11000 | BM7: =IFERROR(IF(ISNUMBER(BL7),(BL7-AVERAGEIF('Pemetaan Variant'!$A$5:$A$32,$B7,'Pemetaan Variant'!$H$5:$H$32))/AVERAGEIF('Pemetaan Variant'!$A$5:$A$32,$B7,'Pemetaan Variant'!$H$5:$H$32)*100,"n/a"),"n/a") -> 0 | BN7: =IFERROR(IF(ISNUMBER(BM7),$C7*BM7,"n/a"),"n/a") -> 0 | BO7: =IFERROR(AVERAGEIF('Pemetaan Variant'!$A$5:$A$32,$B7,'Pemetaan Variant'!$AG$5:$AG$32),"n/a") -> 11000 | BP7: =IFERROR(IF(ISNUMBER(BO7),(BO7-AVERAGEIF('Pemetaan Variant'!$A$5:$A$32,$B7,'Pemetaan Variant'!$H$5:$H$32))/AVERAGEIF('Pemetaan Variant'!$A$5:$A$32,$B7,'Pemetaan Variant'!$H$5:$H$32)*100,"n/a"),"n/a") -> 0 | BQ7: =IFERROR(IF(ISNUMBER(BP7),$C7*BP7,"n/a"),"n/a") -> 0 | BR7: =IFERROR(AVERAGEIF('Pemetaan Variant'!$A$5:$A$32,$B7,'Pemetaan Variant'!$AH$5:$AH$32),"n/a") -> 11000 | BS7: =IFERROR(IF(ISNUMBER(BR7),(BR7-AVERAGEIF('Pemetaan Variant'!$A$5:$A$32,$B7,'Pemetaan Variant'!$H$5:$H$32))/AVERAGEIF('Pemetaan Variant'!$A$5:$A$32,$B7,'Pemetaan Variant'!$H$5:$H$32)*100,"n/a"),"n/a") -> 0 | BT7: =IFERROR(IF(ISNUMBER(BS7),$C7*BS7,"n/a"),"n/a") -> 0 | BU7: =IFERROR(AVERAGEIF('Pemetaan Variant'!$A$5:$A$32,$B7,'Pemetaan Variant'!$AI$5:$AI$32),"n/a") -> 11000 | BV7: =IFERROR(IF(ISNUMBER(BU7),(BU7-AVERAGEIF('Pemetaan Variant'!$A$5:$A$32,$B7,'Pemetaan Variant'!$H$5:$H$32))/AVERAGEIF('Pemetaan Variant'!$A$5:$A$32,$B7,'Pemetaan Variant'!$H$5:$H$32)*100,"n/a"),"n/a") -> 0 | BW7: =IFERROR(IF(ISNUMBER(BV7),$C7*BV7,"n/a"),"n/a") -> 0 | BX7: =IFERROR(AVERAGEIF('Pemetaan Variant'!$A$5:$A$32,$B7,'Pemetaan Variant'!$AJ$5:$AJ$32),"n/a") -> 11000 | BY7: =IFERROR(IF(ISNUMBER(BX7),(BX7-AVERAGEIF('Pemetaan Variant'!$A$5:$A$32,$B7,'Pemetaan Variant'!$I$5:$I$32))/AVERAGEIF('Pemetaan Variant'!$A$5:$A$32,$B7,'Pemetaan Variant'!$I$5:$I$32)*100,"n/a"),"n/a") -> 0 | BZ7: =IFERROR(IF(ISNUMBER(BY7),$C7*BY7,"n/a"),"n/a") -> 0 | CA7: =IFERROR(AVERAGEIF('Pemetaan Variant'!$A$5:$A$32,$B7,'Pemetaan Variant'!$AK$5:$AK$32),"n/a") -> 11000 | CB7: =IFERROR(IF(ISNUMBER(CA7),(CA7-AVERAGEIF('Pemetaan Variant'!$A$5:$A$32,$B7,'Pemetaan Variant'!$I$5:$I$32))/AVERAGEIF('Pemetaan Variant'!$A$5:$A$32,$B7,'Pemetaan Variant'!$I$5:$I$32)*100,"n/a"),"n/a") -> 0 | CC7: =IFERROR(IF(ISNUMBER(CB7),$C7*CB7,"n/a"),"n/a") -> 0 | CD7: =IFERROR(AVERAGEIF('Pemetaan Variant'!$A$5:$A$32,$B7,'Pemetaan Variant'!$AL$5:$AL$32),"n/a") -> 11000 | CE7: =IFERROR(IF(ISNUMBER(CD7),(CD7-AVERAGEIF('Pemetaan Variant'!$A$5:$A$32,$B7,'Pemetaan Variant'!$I$5:$I$32))/AVERAGEIF('Pemetaan Variant'!$A$5:$A$32,$B7,'Pemetaan Variant'!$I$5:$I$32)*100,"n/a"),"n/a") -> 0 | CF7: =IFERROR(IF(ISNUMBER(CE7),$C7*CE7,"n/a"),"n/a") -> 0 | CG7: =IFERROR(AVERAGEIF('Pemetaan Variant'!$A$5:$A$32,$B7,'Pemetaan Variant'!$AM$5:$AM$32),"n/a") -> 11000 | CH7: =IFERROR(IF(ISNUMBER(CG7),(CG7-AVERAGEIF('Pemetaan Variant'!$A$5:$A$32,$B7,'Pemetaan Variant'!$I$5:$I$32))/AVERAGEIF('Pemetaan Variant'!$A$5:$A$32,$B7,'Pemetaan Variant'!$I$5:$I$32)*100,"n/a"),"n/a") -> 0 | CI7: =IFERROR(IF(ISNUMBER(CH7),$C7*CH7,"n/a"),"n/a") -> 0 | CJ7: =IFERROR(AVERAGEIF('Pemetaan Variant'!$A$5:$A$32,$B7,'Pemetaan Variant'!$AN$5:$AN$32),"n/a") -> 11000 | CK7: =IFERROR(IF(ISNUMBER(CJ7),(CJ7-AVERAGEIF('Pemetaan Variant'!$A$5:$A$32,$B7,'Pemetaan Variant'!$I$5:$I$32))/AVERAGEIF('Pemetaan Variant'!$A$5:$A$32,$B7,'Pemetaan Variant'!$I$5:$I$32)*100,"n/a"),"n/a") -> 0 | CL7: =IFERROR(IF(ISNUMBER(CK7),$C7*CK7,"n/a"),"n/a") -> 0 | CM7: =IFERROR(AVERAGEIF('Pemetaan Variant'!$A$5:$A$32,$B7,'Pemetaan Variant'!$AO$5:$AO$32),"n/a") -> 11000 | CN7: =IFERROR(IF(ISNUMBER(CM7),(CM7-AVERAGEIF('Pemetaan Variant'!$A$5:$A$32,$B7,'Pemetaan Variant'!$J$5:$J$32))/AVERAGEIF('Pemetaan Variant'!$A$5:$A$32,$B7,'Pemetaan Variant'!$J$5:$J$32)*100,"n/a"),"n/a") -> 0 | CO7: =IFERROR(IF(ISNUMBER(CN7),$C7*CN7,"n/a"),"n/a") -> 0 | CP7: =IFERROR(AVERAGEIF('Pemetaan Variant'!$A$5:$A$32,$B7,'Pemetaan Variant'!$AP$5:$AP$32),"n/a") -> 11000 | CQ7: =IFERROR(IF(ISNUMBER(CP7),(CP7-AVERAGEIF('Pemetaan Variant'!$A$5:$A$32,$B7,'Pemetaan Variant'!$J$5:$J$32))/AVERAGEIF('Pemetaan Variant'!$A$5:$A$32,$B7,'Pemetaan Variant'!$J$5:$J$32)*100,"n/a"),"n/a") -> 0 | CR7: =IFERROR(IF(ISNUMBER(CQ7),$C7*CQ7,"n/a"),"n/a") -> 0 | CS7: =IFERROR(AVERAGEIF('Pemetaan Variant'!$A$5:$A$32,$B7,'Pemetaan Variant'!$AQ$5:$AQ$32),"n/a") -> 11000 | CT7: =IFERROR(IF(ISNUMBER(CS7),(CS7-AVERAGEIF('Pemetaan Variant'!$A$5:$A$32,$B7,'Pemetaan Variant'!$J$5:$J$32))/AVERAGEIF('Pemetaan Variant'!$A$5:$A$32,$B7,'Pemetaan Variant'!$J$5:$J$32)*100,"n/a"),"n/a") -> 0 | CU7: =IFERROR(IF(ISNUMBER(CT7),$C7*CT7,"n/a"),"n/a") -> 0 | CV7: =IFERROR(AVERAGEIF('Pemetaan Variant'!$A$5:$A$32,$B7,'Pemetaan Variant'!$AR$5:$AR$32),"n/a") -> 11000 | CW7: =IFERROR(IF(ISNUMBER(CV7),(CV7-AVERAGEIF('Pemetaan Variant'!$A$5:$A$32,$B7,'Pemetaan Variant'!$J$5:$J$32))/AVERAGEIF('Pemetaan Variant'!$A$5:$A$32,$B7,'Pemetaan Variant'!$J$5:$J$32)*100,"n/a"),"n/a") -> 0 | CX7: =IFERROR(IF(ISNUMBER(CW7),$C7*CW7,"n/a"),"n/a") -> 0 | CY7: =IFERROR(AVERAGEIF('Pemetaan Variant'!$A$5:$A$32,$B7,'Pemetaan Variant'!$AS$5:$AS$32),"n/a") -> 11000 | CZ7: =IFERROR(IF(ISNUMBER(CY7),(CY7-AVERAGEIF('Pemetaan Variant'!$A$5:$A$32,$B7,'Pemetaan Variant'!$J$5:$J$32))/AVERAGEIF('Pemetaan Variant'!$A$5:$A$32,$B7,'Pemetaan Variant'!$J$5:$J$32)*100,"n/a"),"n/a") -> 0 | DA7: =IFERROR(IF(ISNUMBER(CZ7),$C7*CZ7,"n/a"),"n/a") -> 0 | DB7: =IFERROR(AVERAGEIF('Pemetaan Variant'!$A$5:$A$32,$B7,'Pemetaan Variant'!$AT$5:$AT$32),"n/a") -> 11000 | DC7: =IFERROR(IF(ISNUMBER(DB7),(DB7-AVERAGEIF('Pemetaan Variant'!$A$5:$A$32,$B7,'Pemetaan Variant'!$K$5:$K$32))/AVERAGEIF('Pemetaan Variant'!$A$5:$A$32,$B7,'Pemetaan Variant'!$K$5:$K$32)*100,"n/a"),"n/a") -> 0 | DD7: =IFERROR(IF(ISNUMBER(DC7),$C7*DC7,"n/a"),"n/a") -> 0 | DE7: =IFERROR(AVERAGEIF('Pemetaan Variant'!$A$5:$A$32,$B7,'Pemetaan Variant'!$AU$5:$AU$32),"n/a") -> 11000 | DF7: =IFERROR(IF(ISNUMBER(DE7),(DE7-AVERAGEIF('Pemetaan Variant'!$A$5:$A$32,$B7,'Pemetaan Variant'!$K$5:$K$32))/AVERAGEIF('Pemetaan Variant'!$A$5:$A$32,$B7,'Pemetaan Variant'!$K$5:$K$32)*100,"n/a"),"n/a") -> 0 | DG7: =IFERROR(IF(ISNUMBER(DF7),$C7*DF7,"n/a"),"n/a") -> 0 | DH7: =IFERROR(AVERAGEIF('Pemetaan Variant'!$A$5:$A$32,$B7,'Pemetaan Variant'!$AV$5:$AV$32),"n/a") -> 11000 | DI7: =IFERROR(IF(ISNUMBER(DH7),(DH7-AVERAGEIF('Pemetaan Variant'!$A$5:$A$32,$B7,'Pemetaan Variant'!$K$5:$K$32))/AVERAGEIF('Pemetaan Variant'!$A$5:$A$32,$B7,'Pemetaan Variant'!$K$5:$K$32)*100,"n/a"),"n/a") -> 0 | DJ7: =IFERROR(IF(ISNUMBER(DI7),$C7*DI7,"n/a"),"n/a") -> 0 | DK7: =IFERROR(AVERAGEIF('Pemetaan Variant'!$A$5:$A$32,$B7,'Pemetaan Variant'!$AW$5:$AW$32),"n/a") -> 11000 | DL7: =IFERROR(IF(ISNUMBER(DK7),(DK7-AVERAGEIF('Pemetaan Variant'!$A$5:$A$32,$B7,'Pemetaan Variant'!$K$5:$K$32))/AVERAGEIF('Pemetaan Variant'!$A$5:$A$32,$B7,'Pemetaan Variant'!$K$5:$K$32)*100,"n/a"),"n/a") -> 0 | DM7: =IFERROR(IF(ISNUMBER(DL7),$C7*DL7,"n/a"),"n/a") -> 0 | DN7: =IFERROR(AVERAGEIF('Pemetaan Variant'!$A$5:$A$32,$B7,'Pemetaan Variant'!$AZ$5:$AZ$32),"n/a") -> 11000 | DO7: =IFERROR(IF(ISNUMBER(DN7),(DN7-AVERAGEIF('Pemetaan Variant'!$A$5:$A$32,$B7,'Pemetaan Variant'!$AY$5:$AY$32))/AVERAGEIF('Pemetaan Variant'!$A$5:$A$32,$B7,'Pemetaan Variant'!$AY$5:$AY$32)*100,"n/a"),"n/a") -> 0 | DP7: =IFERROR(IF(ISNUMBER(DO7),$C7*DO7,"n/a"),"n/a") -> 0 | DQ7: =IFERROR(AVERAGEIF('Pemetaan Variant'!$A$5:$A$32,$B7,'Pemetaan Variant'!$BA$5:$BA$32),"n/a") -> n/a | DR7: =IFERROR(IF(ISNUMBER(DQ7),(DQ7-AVERAGEIF('Pemetaan Variant'!$A$5:$A$32,$B7,'Pemetaan Variant'!$AY$5:$AY$32))/AVERAGEIF('Pemetaan Variant'!$A$5:$A$32,$B7,'Pemetaan Variant'!$AY$5:$AY$32)*100,"n/a"),"n/a") -> n/a | DS7: =IFERROR(IF(ISNUMBER(DR7),$C7*DR7,"n/a"),"n/a") -> n/a | DT7: =IFERROR(AVERAGEIF('Pemetaan Variant'!$A$5:$A$32,$B7,'Pemetaan Variant'!$BB$5:$BB$32),"n/a") -> n/a | DU7: =IFERROR(IF(ISNUMBER(DT7),(DT7-AVERAGEIF('Pemetaan Variant'!$A$5:$A$32,$B7,'Pemetaan Variant'!$AY$5:$AY$32))/AVERAGEIF('Pemetaan Variant'!$A$5:$A$32,$B7,'Pemetaan Variant'!$AY$5:$AY$32)*100,"n/a"),"n/a") -> n/a | DV7: =IFERROR(IF(ISNUMBER(DU7),$C7*DU7,"n/a"),"n/a") -> n/a | DW7: =IFERROR(AVERAGEIF('Pemetaan Variant'!$A$5:$A$32,$B7,'Pemetaan Variant'!$BC$5:$BC$32),"n/a") -> n/a | DX7: =IFERROR(IF(ISNUMBER(DW7),(DW7-AVERAGEIF('Pemetaan Variant'!$A$5:$A$32,$B7,'Pemetaan Variant'!$AY$5:$AY$32))/AVERAGEIF('Pemetaan Variant'!$A$5:$A$32,$B7,'Pemetaan Variant'!$AY$5:$AY$32)*100,"n/a"),"n/a") -> n/a | DY7: =IFERROR(IF(ISNUMBER(DX7),$C7*DX7,"n/a"),"n/a") -> n/a | DZ7: =IFERROR(AVERAGEIF('Pemetaan Variant'!$A$5:$A$32,$B7,'Pemetaan Variant'!$BD$5:$BD$32),"n/a") -> n/a | EA7: =IFERROR(IF(ISNUMBER(DZ7),(DZ7-AVERAGEIF('Pemetaan Variant'!$A$5:$A$32,$B7,'Pemetaan Variant'!$AY$5:$AY$32))/AVERAGEIF('Pemetaan Variant'!$A$5:$A$32,$B7,'Pemetaan Variant'!$AY$5:$AY$32)*100,"n/a"),"n/a") -> n/a | EB7: =IFERROR(IF(ISNUMBER(EA7),$C7*EA7,"n/a"),"n/a") -> n/a | ED7: =IFERROR(ABS(F7),0) -> 0 | EE7: =IFERROR(ABS(I7),0) -> 0 | EF7: =IFERROR(ABS(L7),0) -> 0 | EG7: =IFERROR(ABS(O7),0) -> 0 | EH7: =IFERROR(ABS(R7),0) -> 0 | EI7: =IFERROR(ABS(U7),0) -> 0 | EJ7: =IFERROR(ABS(X7),0) -> 0 | EK7: =IFERROR(ABS(AA7),0) -> 0 | EL7: =IFERROR(ABS(AD7),0) -> 0 | EM7: =IFERROR(ABS(AG7),0) -> 0 | EN7: =IFERROR(ABS(AJ7),0) -> 0 | EO7: =IFERROR(ABS(AM7),0) -> 0 | EP7: =IFERROR(ABS(AP7),0) -> 0 | EQ7: =IFERROR(ABS(AS7),0) -> 0 | ER7: =IFERROR(ABS(AV7),0) -> 0 | ES7: =IFERROR(ABS(AY7),0) -> 0 | ET7: =IFERROR(ABS(BB7),0) -> 0 | EU7: =IFERROR(ABS(BE7),0) -> 0 | EV7: =IFERROR(ABS(BH7),0) -> 0 | EW7: =IFERROR(ABS(BK7),0) -> 0 | EX7: =IFERROR(ABS(BN7),0) -> 0 | EY7: =IFERROR(ABS(BQ7),0) -> 0 | EZ7: =IFERROR(ABS(BT7),0) -> 0 | FA7: =IFERROR(ABS(BW7),0) -> 0 | FB7: =IFERROR(ABS(BZ7),0) -> 0 | FC7: =IFERROR(ABS(CC7),0) -> 0 | FD7: =IFERROR(ABS(CF7),0) -> 0 | FE7: =IFERROR(ABS(CI7),0) -> 0 | FF7: =IFERROR(ABS(CL7),0) -> 0 | FG7: =IFERROR(ABS(CO7),0) -> 0 | FH7: =IFERROR(ABS(CR7),0) -> 0 | FI7: =IFERROR(ABS(CU7),0) -> 0 | FJ7: =IFERROR(ABS(CX7),0) -> 0 | FK7: =IFERROR(ABS(DA7),0) -> 0 | FL7: =IFERROR(ABS(DD7),0) -> 0 | FM7: =IFERROR(ABS(DG7),0) -> 0 | FN7: =IFERROR(ABS(DJ7),0) -> 0 | FO7: =IFERROR(ABS(DM7),0) -> 0 | FP7: =IFERROR(ABS(#REF!),0) -> 0 | FQ7: =IFERROR(ABS(DP7),0) -> 0 | FR7: =IFERROR(ABS(DS7),0) -> 0 | FS7: =IFERROR(ABS(DV7),0) -> 0 | FT7: =IFERROR(ABS(DY7),0) -> 0 | FU7: =IFERROR(ABS(EB7),0) -> 0
A8: 3 | B8: tahu mentah 1194011 | C8: ='P0Q0 Dasar 2022'!F7 -> 0.021332158 | D8: =IFERROR(AVERAGEIF('Pemetaan Variant'!$A$5:$A$32,$B8,'Pemetaan Variant'!$L$5:$L$32),"n/a") -> 6000 | E8: =IFERROR(IF(ISNUMBER(D8),(D8-AVERAGEIF('Pemetaan Variant'!$A$5:$A$32,$B8,'Pemetaan Variant'!$D$5:$D$32))/AVERAGEIF('Pemetaan Variant'!$A$5:$A$32,$B8,'Pemetaan Variant'!$D$5:$D$32)*100,"n/a"),"n/a") -> 0 | F8: =IFERROR(IF(ISNUMBER(E8),$C8*E8,"n/a"),"n/a") -> 0 | G8: =IFERROR(AVERAGEIF('Pemetaan Variant'!$A$5:$A$32,$B8,'Pemetaan Variant'!$M$5:$M$32),"n/a") -> 6000 | H8: =IFERROR(IF(ISNUMBER(G8),(G8-AVERAGEIF('Pemetaan Variant'!$A$5:$A$32,$B8,'Pemetaan Variant'!$D$5:$D$32))/AVERAGEIF('Pemetaan Variant'!$A$5:$A$32,$B8,'Pemetaan Variant'!$D$5:$D$32)*100,"n/a"),"n/a") -> 0 | I8: =IFERROR(IF(ISNUMBER(H8),$C8*H8,"n/a"),"n/a") -> 0 | J8: =IFERROR(AVERAGEIF('Pemetaan Variant'!$A$5:$A$32,$B8,'Pemetaan Variant'!$N$5:$N$32),"n/a") -> 6000 | K8: =IFERROR(IF(ISNUMBER(J8),(J8-AVERAGEIF('Pemetaan Variant'!$A$5:$A$32,$B8,'Pemetaan Variant'!$D$5:$D$32))/AVERAGEIF('Pemetaan Variant'!$A$5:$A$32,$B8,'Pemetaan Variant'!$D$5:$D$32)*100,"n/a"),"n/a") -> 0 | L8: =IFERROR(IF(ISNUMBER(K8),$C8*K8,"n/a"),"n/a") -> 0 | M8: =IFERROR(AVERAGEIF('Pemetaan Variant'!$A$5:$A$32,$B8,'Pemetaan Variant'!$O$5:$O$32),"n/a") -> 6000 | N8: =IFERROR(IF(ISNUMBER(M8),(M8-AVERAGEIF('Pemetaan Variant'!$A$5:$A$32,$B8,'Pemetaan Variant'!$D$5:$D$32))/AVERAGEIF('Pemetaan Variant'!$A$5:$A$32,$B8,'Pemetaan Variant'!$D$5:$D$32)*100,"n/a"),"n/a") -> 0 | O8: =IFERROR(IF(ISNUMBER(N8),$C8*N8,"n/a"),"n/a") -> 0 | P8: =IFERROR(AVERAGEIF('Pemetaan Variant'!$A$5:$A$32,$B8,'Pemetaan Variant'!$P$5:$P$32),"n/a") -> 6000 | Q8: =IFERROR(IF(ISNUMBER(P8),(P8-AVERAGEIF('Pemetaan Variant'!$A$5:$A$32,$B8,'Pemetaan Variant'!$D$5:$D$32))/AVERAGEIF('Pemetaan Variant'!$A$5:$A$32,$B8,'Pemetaan Variant'!$D$5:$D$32)*100,"n/a"),"n/a") -> 0 | R8: =IFERROR(IF(ISNUMBER(Q8),$C8*Q8,"n/a"),"n/a") -> 0 | S8: =IFERROR(AVERAGEIF('Pemetaan Variant'!$A$5:$A$32,$B8,'Pemetaan Variant'!$Q$5:$Q$32),"n/a") -> 6000 | T8: =IFERROR(IF(ISNUMBER(S8),(S8-AVERAGEIF('Pemetaan Variant'!$A$5:$A$32,$B8,'Pemetaan Variant'!$E$5:$E$32))/AVERAGEIF('Pemetaan Variant'!$A$5:$A$32,$B8,'Pemetaan Variant'!$E$5:$E$32)*100,"n/a"),"n/a") -> 0 | U8: =IFERROR(IF(ISNUMBER(T8),$C8*T8,"n/a"),"n/a") -> 0 | V8: =IFERROR(AVERAGEIF('Pemetaan Variant'!$A$5:$A$32,$B8,'Pemetaan Variant'!$R$5:$R$32),"n/a") -> 6000 | W8: =IFERROR(IF(ISNUMBER(V8),(V8-AVERAGEIF('Pemetaan Variant'!$A$5:$A$32,$B8,'Pemetaan Variant'!$E$5:$E$32))/AVERAGEIF('Pemetaan Variant'!$A$5:$A$32,$B8,'Pemetaan Variant'!$E$5:$E$32)*100,"n/a"),"n/a") -> 0 | X8: =IFERROR(IF(ISNUMBER(W8),$C8*W8,"n/a"),"n/a") -> 0 | Y8: =IFERROR(AVERAGEIF('Pemetaan Variant'!$A$5:$A$32,$B8,'Pemetaan Variant'!$S$5:$S$32),"n/a") -> 6000 | Z8: =IFERROR(IF(ISNUMBER(Y8),(Y8-AVERAGEIF('Pemetaan Variant'!$A$5:$A$32,$B8,'Pemetaan Variant'!$E$5:$E$32))/AVERAGEIF('Pemetaan Variant'!$A$5:$A$32,$B8,'Pemetaan Variant'!$E$5:$E$32)*100,"n/a"),"n/a") -> 0 | AA8: =IFERROR(IF(ISNUMBER(Z8),$C8*Z8,"n/a"),"n/a") -> 0 | AB8: =IFERROR(AVERAGEIF('Pemetaan Variant'!$A$5:$A$32,$B8,'Pemetaan Variant'!$T$5:$T$32),"n/a") -> 6000 | AC8: =IFERROR(IF(ISNUMBER(AB8),(AB8-AVERAGEIF('Pemetaan Variant'!$A$5:$A$32,$B8,'Pemetaan Variant'!$E$5:$E$32))/AVERAGEIF('Pemetaan Variant'!$A$5:$A$32,$B8,'Pemetaan Variant'!$E$5:$E$32)*100,"n/a"),"n/a") -> 0 | AD8: =IFERROR(IF(ISNUMBER(AC8),$C8*AC8,"n/a"),"n/a") -> 0 | AE8: =IFERROR(AVERAGEIF('Pemetaan Variant'!$A$5:$A$32,$B8,'Pemetaan Variant'!$U$5:$U$32),"n/a") -> 6000 | AF8: =IFERROR(IF(ISNUMBER(AE8),(AE8-AVERAGEIF('Pemetaan Variant'!$A$5:$A$32,$B8,'Pemetaan Variant'!$F$5:$F$32))/AVERAGEIF('Pemetaan Variant'!$A$5:$A$32,$B8,'Pemetaan Variant'!$F$5:$F$32)*100,"n/a"),"n/a") -> 0 | AG8: =IFERROR(IF(ISNUMBER(AF8),$C8*AF8,"n/a"),"n/a") -> 0 | AH8: =IFERROR(AVERAGEIF('Pemetaan Variant'!$A$5:$A$32,$B8,'Pemetaan Variant'!$V$5:$V$32),"n/a") -> 6000 | AI8: =IFERROR(IF(ISNUMBER(AH8),(AH8-AVERAGEIF('Pemetaan Variant'!$A$5:$A$32,$B8,'Pemetaan Variant'!$F$5:$F$32))/AVERAGEIF('Pemetaan Variant'!$A$5:$A$32,$B8,'Pemetaan Variant'!$F$5:$F$32)*100,"n/a"),"n/a") -> 0 | AJ8: =IFERROR(IF(ISNUMBER(AI8),$C8*AI8,"n/a"),"n/a") -> 0 | AK8: =IFERROR(AVERAGEIF('Pemetaan Variant'!$A$5:$A$32,$B8,'Pemetaan Variant'!$W$5:$W$32),"n/a") -> 6000 | AL8: =IFERROR(IF(ISNUMBER(AK8),(AK8-AVERAGEIF('Pemetaan Variant'!$A$5:$A$32,$B8,'Pemetaan Variant'!$F$5:$F$32))/AVERAGEIF('Pemetaan Variant'!$A$5:$A$32,$B8,'Pemetaan Variant'!$F$5:$F$32)*100,"n/a"),"n/a") -> 0 | AM8: =IFERROR(IF(ISNUMBER(AL8),$C8*AL8,"n/a"),"n/a") -> 0 | AN8: =IFERROR(AVERAGEIF('Pemetaan Variant'!$A$5:$A$32,$B8,'Pemetaan Variant'!$X$5:$X$32),"n/a") -> 6000 | AO8: =IFERROR(IF(ISNUMBER(AN8),(AN8-AVERAGEIF('Pemetaan Variant'!$A$5:$A$32,$B8,'Pemetaan Variant'!$F$5:$F$32))/AVERAGEIF('Pemetaan Variant'!$A$5:$A$32,$B8,'Pemetaan Variant'!$F$5:$F$32)*100,"n/a"),"n/a") -> 0 | AP8: =IFERROR(IF(ISNUMBER(AO8),$C8*AO8,"n/a"),"n/a") -> 0 | AQ8: =IFERROR(AVERAGEIF('Pemetaan Variant'!$A$5:$A$32,$B8,'Pemetaan Variant'!$Y$5:$Y$32),"n/a") -> 6000 | AR8: =IFERROR(IF(ISNUMBER(AQ8),(AQ8-AVERAGEIF('Pemetaan Variant'!$A$5:$A$32,$B8,'Pemetaan Variant'!$F$5:$F$32))/AVERAGEIF('Pemetaan Variant'!$A$5:$A$32,$B8,'Pemetaan Variant'!$F$5:$F$32)*100,"n/a"),"n/a") -> 0 | AS8: =IFERROR(IF(ISNUMBER(AR8),$C8*AR8,"n/a"),"n/a") -> 0 | AT8: =IFERROR(AVERAGEIF('Pemetaan Variant'!$A$5:$A$32,$B8,'Pemetaan Variant'!$Z$5:$Z$32),"n/a") -> 6000 | AU8: =IFERROR(IF(ISNUMBER(AT8),(AT8-AVERAGEIF('Pemetaan Variant'!$A$5:$A$32,$B8,'Pemetaan Variant'!$G$5:$G$32))/AVERAGEIF('Pemetaan Variant'!$A$5:$A$32,$B8,'Pemetaan Variant'!$G$5:$G$32)*100,"n/a"),"n/a") -> 0 | AV8: =IFERROR(IF(ISNUMBER(AU8),$C8*AU8,"n/a"),"n/a") -> 0 | AW8: =IFERROR(AVERAGEIF('Pemetaan Variant'!$A$5:$A$32,$B8,'Pemetaan Variant'!$AA$5:$AA$32),"n/a") -> 6000 | AX8: =IFERROR(IF(ISNUMBER(AW8),(AW8-AVERAGEIF('Pemetaan Variant'!$A$5:$A$32,$B8,'Pemetaan Variant'!$G$5:$G$32))/AVERAGEIF('Pemetaan Variant'!$A$5:$A$32,$B8,'Pemetaan Variant'!$G$5:$G$32)*100,"n/a"),"n/a") -> 0 | AY8: =IFERROR(IF(ISNUMBER(AX8),$C8*AX8,"n/a"),"n/a") -> 0 | AZ8: =IFERROR(AVERAGEIF('Pemetaan Variant'!$A$5:$A$32,$B8,'Pemetaan Variant'!$AB$5:$AB$32),"n/a") -> 6000 | BA8: =IFERROR(IF(ISNUMBER(AZ8),(AZ8-AVERAGEIF('Pemetaan Variant'!$A$5:$A$32,$B8,'Pemetaan Variant'!$G$5:$G$32))/AVERAGEIF('Pemetaan Variant'!$A$5:$A$32,$B8,'Pemetaan Variant'!$G$5:$G$32)*100,"n/a"),"n/a") -> 0 | BB8: =IFERROR(IF(ISNUMBER(BA8),$C8*BA8,"n/a"),"n/a") -> 0 | BC8: =IFERROR(AVERAGEIF('Pemetaan Variant'!$A$5:$A$32,$B8,'Pemetaan Variant'!$AC$5:$AC$32),"n/a") -> 6000 | BD8: =IFERROR(IF(ISNUMBER(BC8),(BC8-AVERAGEIF('Pemetaan Variant'!$A$5:$A$32,$B8,'Pemetaan Variant'!$G$5:$G$32))/AVERAGEIF('Pemetaan Variant'!$A$5:$A$32,$B8,'Pemetaan Variant'!$G$5:$G$32)*100,"n/a"),"n/a") -> 0 | BE8: =IFERROR(IF(ISNUMBER(BD8),$C8*BD8,"n/a"),"n/a") -> 0 | BF8: =IFERROR(AVERAGEIF('Pemetaan Variant'!$A$5:$A$32,$B8,'Pemetaan Variant'!$AD$5:$AD$32),"n/a") -> 6000 | BG8: =IFERROR(IF(ISNUMBER(BF8),(BF8-AVERAGEIF('Pemetaan Variant'!$A$5:$A$32,$B8,'Pemetaan Variant'!$G$5:$G$32))/AVERAGEIF('Pemetaan Variant'!$A$5:$A$32,$B8,'Pemetaan Variant'!$G$5:$G$32)*100,"n/a"),"n/a") -> 0 | BH8: =IFERROR(IF(ISNUMBER(BG8),$C8*BG8,"n/a"),"n/a") -> 0 | BI8: =IFERROR(AVERAGEIF('Pemetaan Variant'!$A$5:$A$32,$B8,'Pemetaan Variant'!$AE$5:$AE$32),"n/a") -> n/a | BJ8: =IFERROR(IF(ISNUMBER(BI8),(BI8-AVERAGEIF('Pemetaan Variant'!$A$5:$A$32,$B8,'Pemetaan Variant'!$H$5:$H$32))/AVERAGEIF('Pemetaan Variant'!$A$5:$A$32,$B8,'Pemetaan Variant'!$H$5:$H$32)*100,"n/a"),"n/a") -> n/a | BK8: =IFERROR(IF(ISNUMBER(BJ8),$C8*BJ8,"n/a"),"n/a") -> n/a | BL8: =IFERROR(AVERAGEIF('Pemetaan Variant'!$A$5:$A$32,$B8,'Pemetaan Variant'!$AF$5:$AF$32),"n/a") -> 6000 | BM8: =IFERROR(IF(ISNUMBER(BL8),(BL8-AVERAGEIF('Pemetaan Variant'!$A$5:$A$32,$B8,'Pemetaan Variant'!$H$5:$H$32))/AVERAGEIF('Pemetaan Variant'!$A$5:$A$32,$B8,'Pemetaan Variant'!$H$5:$H$32)*100,"n/a"),"n/a") -> 0 | BN8: =IFERROR(IF(ISNUMBER(BM8),$C8*BM8,"n/a"),"n/a") -> 0 | BO8: =IFERROR(AVERAGEIF('Pemetaan Variant'!$A$5:$A$32,$B8,'Pemetaan Variant'!$AG$5:$AG$32),"n/a") -> 6000 | BP8: =IFERROR(IF(ISNUMBER(BO8),(BO8-AVERAGEIF('Pemetaan Variant'!$A$5:$A$32,$B8,'Pemetaan Variant'!$H$5:$H$32))/AVERAGEIF('Pemetaan Variant'!$A$5:$A$32,$B8,'Pemetaan Variant'!$H$5:$H$32)*100,"n/a"),"n/a") -> 0 | BQ8: =IFERROR(IF(ISNUMBER(BP8),$C8*BP8,"n/a"),"n/a") -> 0 | BR8: =IFERROR(AVERAGEIF('Pemetaan Variant'!$A$5:$A$32,$B8,'Pemetaan Variant'!$AH$5:$AH$32),"n/a") -> 6000 | BS8: =IFERROR(IF(ISNUMBER(BR8),(BR8-AVERAGEIF('Pemetaan Variant'!$A$5:$A$32,$B8,'Pemetaan Variant'!$H$5:$H$32))/AVERAGEIF('Pemetaan Variant'!$A$5:$A$32,$B8,'Pemetaan Variant'!$H$5:$H$32)*100,"n/a"),"n/a") -> 0 | BT8: =IFERROR(IF(ISNUMBER(BS8),$C8*BS8,"n/a"),"n/a") -> 0 | BU8: =IFERROR(AVERAGEIF('Pemetaan Variant'!$A$5:$A$32,$B8,'Pemetaan Variant'!$AI$5:$AI$32),"n/a") -> 6000 | BV8: =IFERROR(IF(ISNUMBER(BU8),(BU8-AVERAGEIF('Pemetaan Variant'!$A$5:$A$32,$B8,'Pemetaan Variant'!$H$5:$H$32))/AVERAGEIF('Pemetaan Variant'!$A$5:$A$32,$B8,'Pemetaan Variant'!$H$5:$H$32)*100,"n/a"),"n/a") -> 0 | BW8: =IFERROR(IF(ISNUMBER(BV8),$C8*BV8,"n/a"),"n/a") -> 0 | BX8: =IFERROR(AVERAGEIF('Pemetaan Variant'!$A$5:$A$32,$B8,'Pemetaan Variant'!$AJ$5:$AJ$32),"n/a") -> 6000 | BY8: =IFERROR(IF(ISNUMBER(BX8),(BX8-AVERAGEIF('Pemetaan Variant'!$A$5:$A$32,$B8,'Pemetaan Variant'!$I$5:$I$32))/AVERAGEIF('Pemetaan Variant'!$A$5:$A$32,$B8,'Pemetaan Variant'!$I$5:$I$32)*100,"n/a"),"n/a") -> 0 | BZ8: =IFERROR(IF(ISNUMBER(BY8),$C8*BY8,"n/a"),"n/a") -> 0 | CA8: =IFERROR(AVERAGEIF('Pemetaan Variant'!$A$5:$A$32,$B8,'Pemetaan Variant'!$AK$5:$AK$32),"n/a") -> 6000 | CB8: =IFERROR(IF(ISNUMBER(CA8),(CA8-AVERAGEIF('Pemetaan Variant'!$A$5:$A$32,$B8,'Pemetaan Variant'!$I$5:$I$32))/AVERAGEIF('Pemetaan Variant'!$A$5:$A$32,$B8,'Pemetaan Variant'!$I$5:$I$32)*100,"n/a"),"n/a") -> 0 | CC8: =IFERROR(IF(ISNUMBER(CB8),$C8*CB8,"n/a"),"n/a") -> 0 | CD8: =IFERROR(AVERAGEIF('Pemetaan Variant'!$A$5:$A$32,$B8,'Pemetaan Variant'!$AL$5:$AL$32),"n/a") -> 6000 | CE8: =IFERROR(IF(ISNUMBER(CD8),(CD8-AVERAGEIF('Pemetaan Variant'!$A$5:$A$32,$B8,'Pemetaan Variant'!$I$5:$I$32))/AVERAGEIF('Pemetaan Variant'!$A$5:$A$32,$B8,'Pemetaan Variant'!$I$5:$I$32)*100,"n/a"),"n/a") -> 0 | CF8: =IFERROR(IF(ISNUMBER(CE8),$C8*CE8,"n/a"),"n/a") -> 0 | CG8: =IFERROR(AVERAGEIF('Pemetaan Variant'!$A$5:$A$32,$B8,'Pemetaan Variant'!$AM$5:$AM$32),"n/a") -> 6000 | CH8: =IFERROR(IF(ISNUMBER(CG8),(CG8-AVERAGEIF('Pemetaan Variant'!$A$5:$A$32,$B8,'Pemetaan Variant'!$I$5:$I$32))/AVERAGEIF('Pemetaan Variant'!$A$5:$A$32,$B8,'Pemetaan Variant'!$I$5:$I$32)*100,"n/a"),"n/a") -> 0 | CI8: =IFERROR(IF(ISNUMBER(CH8),$C8*CH8,"n/a"),"n/a") -> 0 | CJ8: =IFERROR(AVERAGEIF('Pemetaan Variant'!$A$5:$A$32,$B8,'Pemetaan Variant'!$AN$5:$AN$32),"n/a") -> 6000 | CK8: =IFERROR(IF(ISNUMBER(CJ8),(CJ8-AVERAGEIF('Pemetaan Variant'!$A$5:$A$32,$B8,'Pemetaan Variant'!$I$5:$I$32))/AVERAGEIF('Pemetaan Variant'!$A$5:$A$32,$B8,'Pemetaan Variant'!$I$5:$I$32)*100,"n/a"),"n/a") -> 0 | CL8: =IFERROR(IF(ISNUMBER(CK8),$C8*CK8,"n/a"),"n/a") -> 0 | CM8: =IFERROR(AVERAGEIF('Pemetaan Variant'!$A$5:$A$32,$B8,'Pemetaan Variant'!$AO$5:$AO$32),"n/a") -> 6000 | CN8: =IFERROR(IF(ISNUMBER(CM8),(CM8-AVERAGEIF('Pemetaan Variant'!$A$5:$A$32,$B8,'Pemetaan Variant'!$J$5:$J$32))/AVERAGEIF('Pemetaan Variant'!$A$5:$A$32,$B8,'Pemetaan Variant'!$J$5:$J$32)*100,"n/a"),"n/a") -> 0 | CO8: =IFERROR(IF(ISNUMBER(CN8),$C8*CN8,"n/a"),"n/a") -> 0 | CP8: =IFERROR(AVERAGEIF('Pemetaan Variant'!$A$5:$A$32,$B8,'Pemetaan Variant'!$AP$5:$AP$32),"n/a") -> 6000 | CQ8: =IFERROR(IF(ISNUMBER(CP8),(CP8-AVERAGEIF('Pemetaan Variant'!$A$5:$A$32,$B8,'Pemetaan Variant'!$J$5:$J$32))/AVERAGEIF('Pemetaan Variant'!$A$5:$A$32,$B8,'Pemetaan Variant'!$J$5:$J$32)*100,"n/a"),"n/a") -> 0 | CR8: =IFERROR(IF(ISNUMBER(CQ8),$C8*CQ8,"n/a"),"n/a") -> 0 | CS8: =IFERROR(AVERAGEIF('Pemetaan Variant'!$A$5:$A$32,$B8,'Pemetaan Variant'!$AQ$5:$AQ$32),"n/a") -> 6000 | CT8: =IFERROR(IF(ISNUMBER(CS8),(CS8-AVERAGEIF('Pemetaan Variant'!$A$5:$A$32,$B8,'Pemetaan Variant'!$J$5:$J$32))/AVERAGEIF('Pemetaan Variant'!$A$5:$A$32,$B8,'Pemetaan Variant'!$J$5:$J$32)*100,"n/a"),"n/a") -> 0 | CU8: =IFERROR(IF(ISNUMBER(CT8),$C8*CT8,"n/a"),"n/a") -> 0 | CV8: =IFERROR(AVERAGEIF('Pemetaan Variant'!$A$5:$A$32,$B8,'Pemetaan Variant'!$AR$5:$AR$32),"n/a") -> 6000 | CW8: =IFERROR(IF(ISNUMBER(CV8),(CV8-AVERAGEIF('Pemetaan Variant'!$A$5:$A$32,$B8,'Pemetaan Variant'!$J$5:$J$32))/AVERAGEIF('Pemetaan Variant'!$A$5:$A$32,$B8,'Pemetaan Variant'!$J$5:$J$32)*100,"n/a"),"n/a") -> 0 | CX8: =IFERROR(IF(ISNUMBER(CW8),$C8*CW8,"n/a"),"n/a") -> 0 | CY8: =IFERROR(AVERAGEIF('Pemetaan Variant'!$A$5:$A$32,$B8,'Pemetaan Variant'!$AS$5:$AS$32),"n/a") -> 6000 | CZ8: =IFERROR(IF(ISNUMBER(CY8),(CY8-AVERAGEIF('Pemetaan Variant'!$A$5:$A$32,$B8,'Pemetaan Variant'!$J$5:$J$32))/AVERAGEIF('Pemetaan Variant'!$A$5:$A$32,$B8,'Pemetaan Variant'!$J$5:$J$32)*100,"n/a"),"n/a") -> 0 | DA8: =IFERROR(IF(ISNUMBER(CZ8),$C8*CZ8,"n/a"),"n/a") -> 0 | DB8: =IFERROR(AVERAGEIF('Pemetaan Variant'!$A$5:$A$32,$B8,'Pemetaan Variant'!$AT$5:$AT$32),"n/a") -> 6000 | DC8: =IFERROR(IF(ISNUMBER(DB8),(DB8-AVERAGEIF('Pemetaan Variant'!$A$5:$A$32,$B8,'Pemetaan Variant'!$K$5:$K$32))/AVERAGEIF('Pemetaan Variant'!$A$5:$A$32,$B8,'Pemetaan Variant'!$K$5:$K$32)*100,"n/a"),"n/a") -> 0 | DD8: =IFERROR(IF(ISNUMBER(DC8),$C8*DC8,"n/a"),"n/a") -> 0 | DE8: =IFERROR(AVERAGEIF('Pemetaan Variant'!$A$5:$A$32,$B8,'Pemetaan Variant'!$AU$5:$AU$32),"n/a") -> 6000 | DF8: =IFERROR(IF(ISNUMBER(DE8),(DE8-AVERAGEIF('Pemetaan Variant'!$A$5:$A$32,$B8,'Pemetaan Variant'!$K$5:$K$32))/AVERAGEIF('Pemetaan Variant'!$A$5:$A$32,$B8,'Pemetaan Variant'!$K$5:$K$32)*100,"n/a"),"n/a") -> 0 | DG8: =IFERROR(IF(ISNUMBER(DF8),$C8*DF8,"n/a"),"n/a") -> 0 | DH8: =IFERROR(AVERAGEIF('Pemetaan Variant'!$A$5:$A$32,$B8,'Pemetaan Variant'!$AV$5:$AV$32),"n/a") -> 6000 | DI8: =IFERROR(IF(ISNUMBER(DH8),(DH8-AVERAGEIF('Pemetaan Variant'!$A$5:$A$32,$B8,'Pemetaan Variant'!$K$5:$K$32))/AVERAGEIF('Pemetaan Variant'!$A$5:$A$32,$B8,'Pemetaan Variant'!$K$5:$K$32)*100,"n/a"),"n/a") -> 0 | DJ8: =IFERROR(IF(ISNUMBER(DI8),$C8*DI8,"n/a"),"n/a") -> 0 | DK8: =IFERROR(AVERAGEIF('Pemetaan Variant'!$A$5:$A$32,$B8,'Pemetaan Variant'!$AW$5:$AW$32),"n/a") -> 6000 | DL8: =IFERROR(IF(ISNUMBER(DK8),(DK8-AVERAGEIF('Pemetaan Variant'!$A$5:$A$32,$B8,'Pemetaan Variant'!$K$5:$K$32))/AVERAGEIF('Pemetaan Variant'!$A$5:$A$32,$B8,'Pemetaan Variant'!$K$5:$K$32)*100,"n/a"),"n/a") -> 0 | DM8: =IFERROR(IF(ISNUMBER(DL8),$C8*DL8,"n/a"),"n/a") -> 0 | DN8: =IFERROR(AVERAGEIF('Pemetaan Variant'!$A$5:$A$32,$B8,'Pemetaan Variant'!$AZ$5:$AZ$32),"n/a") -> 6000 | DO8: =IFERROR(IF(ISNUMBER(DN8),(DN8-AVERAGEIF('Pemetaan Variant'!$A$5:$A$32,$B8,'Pemetaan Variant'!$AY$5:$AY$32))/AVERAGEIF('Pemetaan Variant'!$A$5:$A$32,$B8,'Pemetaan Variant'!$AY$5:$AY$32)*100,"n/a"),"n/a") -> 0 | DP8: =IFERROR(IF(ISNUMBER(DO8),$C8*DO8,"n/a"),"n/a") -> 0 | DQ8: =IFERROR(AVERAGEIF('Pemetaan Variant'!$A$5:$A$32,$B8,'Pemetaan Variant'!$BA$5:$BA$32),"n/a") -> n/a | DR8: =IFERROR(IF(ISNUMBER(DQ8),(DQ8-AVERAGEIF('Pemetaan Variant'!$A$5:$A$32,$B8,'Pemetaan Variant'!$AY$5:$AY$32))/AVERAGEIF('Pemetaan Variant'!$A$5:$A$32,$B8,'Pemetaan Variant'!$AY$5:$AY$32)*100,"n/a"),"n/a") -> n/a | DS8: =IFERROR(IF(ISNUMBER(DR8),$C8*DR8,"n/a"),"n/a") -> n/a | DT8: =IFERROR(AVERAGEIF('Pemetaan Variant'!$A$5:$A$32,$B8,'Pemetaan Variant'!$BB$5:$BB$32),"n/a") -> n/a | DU8: =IFERROR(IF(ISNUMBER(DT8),(DT8-AVERAGEIF('Pemetaan Variant'!$A$5:$A$32,$B8,'Pemetaan Variant'!$AY$5:$AY$32))/AVERAGEIF('Pemetaan Variant'!$A$5:$A$32,$B8,'Pemetaan Variant'!$AY$5:$AY$32)*100,"n/a"),"n/a") -> n/a | DV8: =IFERROR(IF(ISNUMBER(DU8),$C8*DU8,"n/a"),"n/a") -> n/a | DW8: =IFERROR(AVERAGEIF('Pemetaan Variant'!$A$5:$A$32,$B8,'Pemetaan Variant'!$BC$5:$BC$32),"n/a") -> n/a | DX8: =IFERROR(IF(ISNUMBER(DW8),(DW8-AVERAGEIF('Pemetaan Variant'!$A$5:$A$32,$B8,'Pemetaan Variant'!$AY$5:$AY$32))/AVERAGEIF('Pemetaan Variant'!$A$5:$A$32,$B8,'Pemetaan Variant'!$AY$5:$AY$32)*100,"n/a"),"n/a") -> n/a | DY8: =IFERROR(IF(ISNUMBER(DX8),$C8*DX8,"n/a"),"n/a") -> n/a | DZ8: =IFERROR(AVERAGEIF('Pemetaan Variant'!$A$5:$A$32,$B8,'Pemetaan Variant'!$BD$5:$BD$32),"n/a") -> n/a | EA8: =IFERROR(IF(ISNUMBER(DZ8),(DZ8-AVERAGEIF('Pemetaan Variant'!$A$5:$A$32,$B8,'Pemetaan Variant'!$AY$5:$AY$32))/AVERAGEIF('Pemetaan Variant'!$A$5:$A$32,$B8,'Pemetaan Variant'!$AY$5:$AY$32)*100,"n/a"),"n/a") -> n/a | EB8: =IFERROR(IF(ISNUMBER(EA8),$C8*EA8,"n/a"),"n/a") -> n/a | ED8: =IFERROR(ABS(F8),0) -> 0 | EE8: =IFERROR(ABS(I8),0) -> 0 | EF8: =IFERROR(ABS(L8),0) -> 0 | EG8: =IFERROR(ABS(O8),0) -> 0 | EH8: =IFERROR(ABS(R8),0) -> 0 | EI8: =IFERROR(ABS(U8),0) -> 0 | EJ8: =IFERROR(ABS(X8),0) -> 0 | EK8: =IFERROR(ABS(AA8),0) -> 0 | EL8: =IFERROR(ABS(AD8),0) -> 0 | EM8: =IFERROR(ABS(AG8),0) -> 0 | EN8: =IFERROR(ABS(AJ8),0) -> 0 | EO8: =IFERROR(ABS(AM8),0) -> 0 | EP8: =IFERROR(ABS(AP8),0) -> 0 | EQ8: =IFERROR(ABS(AS8),0) -> 0 | ER8: =IFERROR(ABS(AV8),0) -> 0 | ES8: =IFERROR(ABS(AY8),0) -> 0 | ET8: =IFERROR(ABS(BB8),0) -> 0 | EU8: =IFERROR(ABS(BE8),0) -> 0 | EV8: =IFERROR(ABS(BH8),0) -> 0 | EW8: =IFERROR(ABS(BK8),0) -> 0 | EX8: =IFERROR(ABS(BN8),0) -> 0 | EY8: =IFERROR(ABS(BQ8),0) -> 0 | EZ8: =IFERROR(ABS(BT8),0) -> 0 | FA8: =IFERROR(ABS(BW8),0) -> 0 | FB8: =IFERROR(ABS(BZ8),0) -> 0 | FC8: =IFERROR(ABS(CC8),0) -> 0 | FD8: =IFERROR(ABS(CF8),0) -> 0 | FE8: =IFERROR(ABS(CI8),0) -> 0 | FF8: =IFERROR(ABS(CL8),0) -> 0 | FG8: =IFERROR(ABS(CO8),0) -> 0 | FH8: =IFERROR(ABS(CR8),0) -> 0 | FI8: =IFERROR(ABS(CU8),0) -> 0 | FJ8: =IFERROR(ABS(CX8),0) -> 0 | FK8: =IFERROR(ABS(DA8),0) -> 0 | FL8: =IFERROR(ABS(DD8),0) -> 0 | FM8: =IFERROR(ABS(DG8),0) -> 0 | FN8: =IFERROR(ABS(DJ8),0) -> 0 | FO8: =IFERROR(ABS(DM8),0) -> 0 | FP8: =IFERROR(ABS(#REF!),0) -> 0 | FQ8: =IFERROR(ABS(DP8),0) -> 0 | FR8: =IFERROR(ABS(DS8),0) -> 0 | FS8: =IFERROR(ABS(DV8),0) -> 0 | FT8: =IFERROR(ABS(DY8),0) -> 0 | FU8: =IFERROR(ABS(EB8),0) -> 0
A9: 4 | B9: daging ayam ras 1124003 | C9: ='P0Q0 Dasar 2022'!F8 -> 0.047910778 | D9: =IFERROR(AVERAGEIF('Pemetaan Variant'!$A$5:$A$32,$B9,'Pemetaan Variant'!$L$5:$L$32),"n/a") -> 26000 | E9: =IFERROR(IF(ISNUMBER(D9),(D9-AVERAGEIF('Pemetaan Variant'!$A$5:$A$32,$B9,'Pemetaan Variant'!$D$5:$D$32))/AVERAGEIF('Pemetaan Variant'!$A$5:$A$32,$B9,'Pemetaan Variant'!$D$5:$D$32)*100,"n/a"),"n/a") -> 2.1515435 | F9: =IFERROR(IF(ISNUMBER(E9),$C9*E9,"n/a"),"n/a") -> 0.10308212 | G9: =IFERROR(AVERAGEIF('Pemetaan Variant'!$A$5:$A$32,$B9,'Pemetaan Variant'!$M$5:$M$32),"n/a") -> 26000 | H9: =IFERROR(IF(ISNUMBER(G9),(G9-AVERAGEIF('Pemetaan Variant'!$A$5:$A$32,$B9,'Pemetaan Variant'!$D$5:$D$32))/AVERAGEIF('Pemetaan Variant'!$A$5:$A$32,$B9,'Pemetaan Variant'!$D$5:$D$32)*100,"n/a"),"n/a") -> 2.1515435 | I9: =IFERROR(IF(ISNUMBER(H9),$C9*H9,"n/a"),"n/a") -> 0.10308212 | J9: =IFERROR(AVERAGEIF('Pemetaan Variant'!$A$5:$A$32,$B9,'Pemetaan Variant'!$N$5:$N$32),"n/a") -> 26000 | K9: =IFERROR(IF(ISNUMBER(J9),(J9-AVERAGEIF('Pemetaan Variant'!$A$5:$A$32,$B9,'Pemetaan Variant'!$D$5:$D$32))/AVERAGEIF('Pemetaan Variant'!$A$5:$A$32,$B9,'Pemetaan Variant'!$D$5:$D$32)*100,"n/a"),"n/a") -> 2.1515435 | L9: =IFERROR(IF(ISNUMBER(K9),$C9*K9,"n/a"),"n/a") -> 0.10308212 | M9: =IFERROR(AVERAGEIF('Pemetaan Variant'!$A$5:$A$32,$B9,'Pemetaan Variant'!$O$5:$O$32),"n/a") -> 26000 | N9: =IFERROR(IF(ISNUMBER(M9),(M9-AVERAGEIF('Pemetaan Variant'!$A$5:$A$32,$B9,'Pemetaan Variant'!$D$5:$D$32))/AVERAGEIF('Pemetaan Variant'!$A$5:$A$32,$B9,'Pemetaan Variant'!$D$5:$D$32)*100,"n/a"),"n/a") -> 2.1515435 | O9: =IFERROR(IF(ISNUMBER(N9),$C9*N9,"n/a"),"n/a") -> 0.10308212 | P9: =IFERROR(AVERAGEIF('Pemetaan Variant'!$A$5:$A$32,$B9,'Pemetaan Variant'!$P$5:$P$32),"n/a") -> 26000 | Q9: =IFERROR(IF(ISNUMBER(P9),(P9-AVERAGEIF('Pemetaan Variant'!$A$5:$A$32,$B9,'Pemetaan Variant'!$D$5:$D$32))/AVERAGEIF('Pemetaan Variant'!$A$5:$A$32,$B9,'Pemetaan Variant'!$D$5:$D$32)*100,"n/a"),"n/a") -> 2.1515435 | R9: =IFERROR(IF(ISNUMBER(Q9),$C9*Q9,"n/a"),"n/a") -> 0.10308212 | S9: =IFERROR(AVERAGEIF('Pemetaan Variant'!$A$5:$A$32,$B9,'Pemetaan Variant'!$Q$5:$Q$32),"n/a") -> 28200 | T9: =IFERROR(IF(ISNUMBER(S9),(S9-AVERAGEIF('Pemetaan Variant'!$A$5:$A$32,$B9,'Pemetaan Variant'!$E$5:$E$32))/AVERAGEIF('Pemetaan Variant'!$A$5:$A$32,$B9,'Pemetaan Variant'!$E$5:$E$32)*100,"n/a"),"n/a") -> 8.4615385 | U9: =IFERROR(IF(ISNUMBER(T9),$C9*T9,"n/a"),"n/a") -> 0.40539889 | V9: =IFERROR(AVERAGEIF('Pemetaan Variant'!$A$5:$A$32,$B9,'Pemetaan Variant'!$R$5:$R$32),"n/a") -> 26400 | W9: =IFERROR(IF(ISNUMBER(V9),(V9-AVERAGEIF('Pemetaan Variant'!$A$5:$A$32,$B9,'Pemetaan Variant'!$E$5:$E$32))/AVERAGEIF('Pemetaan Variant'!$A$5:$A$32,$B9,'Pemetaan Variant'!$E$5:$E$32)*100,"n/a"),"n/a") -> 1.5384615 | X9: =IFERROR(IF(ISNUMBER(W9),$C9*W9,"n/a"),"n/a") -> 0.073708889 | Y9: =IFERROR(AVERAGEIF('Pemetaan Variant'!$A$5:$A$32,$B9,'Pemetaan Variant'!$S$5:$S$32),"n/a") -> 35000 | Z9: =IFERROR(IF(ISNUMBER(Y9),(Y9-AVERAGEIF('Pemetaan Variant'!$A$5:$A$32,$B9,'Pemetaan Variant'!$E$5:$E$32))/AVERAGEIF('Pemetaan Variant'!$A$5:$A$32,$B9,'Pemetaan Variant'!$E$5:$E$32)*100,"n/a"),"n/a") -> 34.615385 | AA9: =IFERROR(IF(ISNUMBER(Z9),$C9*Z9,"n/a"),"n/a") -> 1.65845 | AB9: =IFERROR(AVERAGEIF('Pemetaan Variant'!$A$5:$A$32,$B9,'Pemetaan Variant'!$T$5:$T$32),"n/a") -> 34600 | AC9: =IFERROR(IF(ISNUMBER(AB9),(AB9-AVERAGEIF('Pemetaan Variant'!$A$5:$A$32,$B9,'Pemetaan Variant'!$E$5:$E$32))/AVERAGEIF('Pemetaan Variant'!$A$5:$A$32,$B9,'Pemetaan Variant'!$E$5:$E$32)*100,"n/a"),"n/a") -> 33.076923 | AD9: =IFERROR(IF(ISNUMBER(AC9),$C9*AC9,"n/a"),"n/a") -> 1.5847411 | AE9: =IFERROR(AVERAGEIF('Pemetaan Variant'!$A$5:$A$32,$B9,'Pemetaan Variant'!$U$5:$U$32),"n/a") -> 37000 | AF9: =IFERROR(IF(ISNUMBER(AE9),(AE9-AVERAGEIF('Pemetaan Variant'!$A$5:$A$32,$B9,'Pemetaan Variant'!$F$5:$F$32))/AVERAGEIF('Pemetaan Variant'!$A$5:$A$32,$B9,'Pemetaan Variant'!$F$5:$F$32)*100,"n/a"),"n/a") -> 20.871143 | AG9: =IFERROR(IF(ISNUMBER(AF9),$C9*AF9,"n/a"),"n/a") -> 0.99995271 | AH9: =IFERROR(AVERAGEIF('Pemetaan Variant'!$A$5:$A$32,$B9,'Pemetaan Variant'!$V$5:$V$32),"n/a") -> 37600 | AI9: =IFERROR(IF(ISNUMBER(AH9),(AH9-AVERAGEIF('Pemetaan Variant'!$A$5:$A$32,$B9,'Pemetaan Variant'!$F$5:$F$32))/AVERAGEIF('Pemetaan Variant'!$A$5:$A$32,$B9,'Pemetaan Variant'!$F$5:$F$32)*100,"n/a"),"n/a") -> 22.831216 | AJ9: =IFERROR(IF(ISNUMBER(AI9),$C9*AI9,"n/a"),"n/a") -> 1.0938613 | AK9: =IFERROR(AVERAGEIF('Pemetaan Variant'!$A$5:$A$32,$B9,'Pemetaan Variant'!$W$5:$W$32),"n/a") -> 40000 | AL9: =IFERROR(IF(ISNUMBER(AK9),(AK9-AVERAGEIF('Pemetaan Variant'!$A$5:$A$32,$B9,'Pemetaan Variant'!$F$5:$F$32))/AVERAGEIF('Pemetaan Variant'!$A$5:$A$32,$B9,'Pemetaan Variant'!$F$5:$F$32)*100,"n/a"),"n/a") -> 30.671506 | AM9: =IFERROR(IF(ISNUMBER(AL9),$C9*AL9,"n/a"),"n/a") -> 1.4694957 | AN9: =IFERROR(AVERAGEIF('Pemetaan Variant'!$A$5:$A$32,$B9,'Pemetaan Variant'!$X$5:$X$32),"n/a") -> 40000 | AO9: =IFERROR(IF(ISNUMBER(AN9),(AN9-AVERAGEIF('Pemetaan Variant'!$A$5:$A$32,$B9,'Pemetaan Variant'!$F$5:$F$32))/AVERAGEIF('Pemetaan Variant'!$A$5:$A$32,$B9,'Pemetaan Variant'!$F$5:$F$32)*100,"n/a"),"n/a") -> 30.671506 | AP9: =IFERROR(IF(ISNUMBER(AO9),$C9*AO9,"n/a"),"n/a") -> 1.4694957 | AQ9: =IFERROR(AVERAGEIF('Pemetaan Variant'!$A$5:$A$32,$B9,'Pemetaan Variant'!$Y$5:$Y$32),"n/a") -> 36000 | AR9: =IFERROR(IF(ISNUMBER(AQ9),(AQ9-AVERAGEIF('Pemetaan Variant'!$A$5:$A$32,$B9,'Pemetaan Variant'!$F$5:$F$32))/AVERAGEIF('Pemetaan Variant'!$A$5:$A$32,$B9,'Pemetaan Variant'!$F$5:$F$32)*100,"n/a"),"n/a") -> 17.604356 | AS9: =IFERROR(IF(ISNUMBER(AR9),$C9*AR9,"n/a"),"n/a") -> 0.84343837 | AT9: =IFERROR(AVERAGEIF('Pemetaan Variant'!$A$5:$A$32,$B9,'Pemetaan Variant'!$Z$5:$Z$32),"n/a") -> 35000 | AU9: =IFERROR(IF(ISNUMBER(AT9),(AT9-AVERAGEIF('Pemetaan Variant'!$A$5:$A$32,$B9,'Pemetaan Variant'!$G$5:$G$32))/AVERAGEIF('Pemetaan Variant'!$A$5:$A$32,$B9,'Pemetaan Variant'!$G$5:$G$32)*100,"n/a"),"n/a") -> -8.496732 | AV9: =IFERROR(IF(ISNUMBER(AU9),$C9*AU9,"n/a"),"n/a") -> -0.40708504 | AW9: =IFERROR(AVERAGEIF('Pemetaan Variant'!$A$5:$A$32,$B9,'Pemetaan Variant'!$AA$5:$AA$32),"n/a") -> 32400 | AX9: =IFERROR(IF(ISNUMBER(AW9),(AW9-AVERAGEIF('Pemetaan Variant'!$A$5:$A$32,$B9,'Pemetaan Variant'!$G$5:$G$32))/AVERAGEIF('Pemetaan Variant'!$A$5:$A$32,$B9,'Pemetaan Variant'!$G$5:$G$32)*100,"n/a"),"n/a") -> -15.294118 | AY9: =IFERROR(IF(ISNUMBER(AX9),$C9*AX9,"n/a"),"n/a") -> -0.73275307 | AZ9: =IFERROR(AVERAGEIF('Pemetaan Variant'!$A$5:$A$32,$B9,'Pemetaan Variant'!$AB$5:$AB$32),"n/a") -> 33000 | BA9: =IFERROR(IF(ISNUMBER(AZ9),(AZ9-AVERAGEIF('Pemetaan Variant'!$A$5:$A$32,$B9,'Pemetaan Variant'!$G$5:$G$32))/AVERAGEIF('Pemetaan Variant'!$A$5:$A$32,$B9,'Pemetaan Variant'!$G$5:$G$32)*100,"n/a"),"n/a") -> -13.72549 | BB9: =IFERROR(IF(ISNUMBER(BA9),$C9*BA9,"n/a"),"n/a") -> -0.65759891 | BC9: =IFERROR(AVERAGEIF('Pemetaan Variant'!$A$5:$A$32,$B9,'Pemetaan Variant'!$AC$5:$AC$32),"n/a") -> 32600 | BD9: =IFERROR(IF(ISNUMBER(BC9),(BC9-AVERAGEIF('Pemetaan Variant'!$A$5:$A$32,$B9,'Pemetaan Variant'!$G$5:$G$32))/AVERAGEIF('Pemetaan Variant'!$A$5:$A$32,$B9,'Pemetaan Variant'!$G$5:$G$32)*100,"n/a"),"n/a") -> -14.771242 | BE9: =IFERROR(IF(ISNUMBER(BD9),$C9*BD9,"n/a"),"n/a") -> -0.70770168 | BF9: =IFERROR(AVERAGEIF('Pemetaan Variant'!$A$5:$A$32,$B9,'Pemetaan Variant'!$AD$5:$AD$32),"n/a") -> 32500 | BG9: =IFERROR(IF(ISNUMBER(BF9),(BF9-AVERAGEIF('Pemetaan Variant'!$A$5:$A$32,$B9,'Pemetaan Variant'!$G$5:$G$32))/AVERAGEIF('Pemetaan Variant'!$A$5:$A$32,$B9,'Pemetaan Variant'!$G$5:$G$32)*100,"n/a"),"n/a") -> -15.03268 | BH9: =IFERROR(IF(ISNUMBER(BG9),$C9*BG9,"n/a"),"n/a") -> -0.72022738 | BI9: =IFERROR(AVERAGEIF('Pemetaan Variant'!$A$5:$A$32,$B9,'Pemetaan Variant'!$AE$5:$AE$32),"n/a") -> n/a | BJ9: =IFERROR(IF(ISNUMBER(BI9),(BI9-AVERAGEIF('Pemetaan Variant'!$A$5:$A$32,$B9,'Pemetaan Variant'!$H$5:$H$32))/AVERAGEIF('Pemetaan Variant'!$A$5:$A$32,$B9,'Pemetaan Variant'!$H$5:$H$32)*100,"n/a"),"n/a") -> n/a | BK9: =IFERROR(IF(ISNUMBER(BJ9),$C9*BJ9,"n/a"),"n/a") -> n/a | BL9: =IFERROR(AVERAGEIF('Pemetaan Variant'!$A$5:$A$32,$B9,'Pemetaan Variant'!$AF$5:$AF$32),"n/a") -> 34000 | BM9: =IFERROR(IF(ISNUMBER(BL9),(BL9-AVERAGEIF('Pemetaan Variant'!$A$5:$A$32,$B9,'Pemetaan Variant'!$H$5:$H$32))/AVERAGEIF('Pemetaan Variant'!$A$5:$A$32,$B9,'Pemetaan Variant'!$H$5:$H$32)*100,"n/a"),"n/a") -> 3.4782609 | BN9: =IFERROR(IF(ISNUMBER(BM9),$C9*BM9,"n/a"),"n/a") -> 0.16664618 | BO9: =IFERROR(AVERAGEIF('Pemetaan Variant'!$A$5:$A$32,$B9,'Pemetaan Variant'!$AG$5:$AG$32),"n/a") -> 33666.667 | BP9: =IFERROR(IF(ISNUMBER(BO9),(BO9-AVERAGEIF('Pemetaan Variant'!$A$5:$A$32,$B9,'Pemetaan Variant'!$H$5:$H$32))/AVERAGEIF('Pemetaan Variant'!$A$5:$A$32,$B9,'Pemetaan Variant'!$H$5:$H$32)*100,"n/a"),"n/a") -> 2.4637681 | BQ9: =IFERROR(IF(ISNUMBER(BP9),$C9*BP9,"n/a"),"n/a") -> 0.11804105 | BR9: =IFERROR(AVERAGEIF('Pemetaan Variant'!$A$5:$A$32,$B9,'Pemetaan Variant'!$AH$5:$AH$32),"n/a") -> 32000 | BS9: =IFERROR(IF(ISNUMBER(BR9),(BR9-AVERAGEIF('Pemetaan Variant'!$A$5:$A$32,$B9,'Pemetaan Variant'!$H$5:$H$32))/AVERAGEIF('Pemetaan Variant'!$A$5:$A$32,$B9,'Pemetaan Variant'!$H$5:$H$32)*100,"n/a"),"n/a") -> -2.6086957 | BT9: =IFERROR(IF(ISNUMBER(BS9),$C9*BS9,"n/a"),"n/a") -> -0.12498464 | BU9: =IFERROR(AVERAGEIF('Pemetaan Variant'!$A$5:$A$32,$B9,'Pemetaan Variant'!$AI$5:$AI$32),"n/a") -> 32000 | BV9: =IFERROR(IF(ISNUMBER(BU9),(BU9-AVERAGEIF('Pemetaan Variant'!$A$5:$A$32,$B9,'Pemetaan Variant'!$H$5:$H$32))/AVERAGEIF('Pemetaan Variant'!$A$5:$A$32,$B9,'Pemetaan Variant'!$H$5:$H$32)*100,"n/a"),"n/a") -> -2.6086957 | BW9: =IFERROR(IF(ISNUMBER(BV9),$C9*BV9,"n/a"),"n/a") -> -0.12498464 | BX9: =IFERROR(AVERAGEIF('Pemetaan Variant'!$A$5:$A$32,$B9,'Pemetaan Variant'!$AJ$5:$AJ$32),"n/a") -> 31750 | BY9: =IFERROR(IF(ISNUMBER(BX9),(BX9-AVERAGEIF('Pemetaan Variant'!$A$5:$A$32,$B9,'Pemetaan Variant'!$I$5:$I$32))/AVERAGEIF('Pemetaan Variant'!$A$5:$A$32,$B9,'Pemetaan Variant'!$I$5:$I$32)*100,"n/a"),"n/a") -> -3.6053131 | BZ9: =IFERROR(IF(ISNUMBER(BY9),$C9*BY9,"n/a"),"n/a") -> -0.17273335 | CA9: =IFERROR(AVERAGEIF('Pemetaan Variant'!$A$5:$A$32,$B9,'Pemetaan Variant'!$AK$5:$AK$32),"n/a") -> 29200 | CB9: =IFERROR(IF(ISNUMBER(CA9),(CA9-AVERAGEIF('Pemetaan Variant'!$A$5:$A$32,$B9,'Pemetaan Variant'!$I$5:$I$32))/AVERAGEIF('Pemetaan Variant'!$A$5:$A$32,$B9,'Pemetaan Variant'!$I$5:$I$32)*100,"n/a"),"n/a") -> -11.347249 | CC9: =IFERROR(IF(ISNUMBER(CB9),$C9*CB9,"n/a"),"n/a") -> -0.54365551 | CD9: =IFERROR(AVERAGEIF('Pemetaan Variant'!$A$5:$A$32,$B9,'Pemetaan Variant'!$AL$5:$AL$32),"n/a") -> 29750 | CE9: =IFERROR(IF(ISNUMBER(CD9),(CD9-AVERAGEIF('Pemetaan Variant'!$A$5:$A$32,$B9,'Pemetaan Variant'!$I$5:$I$32))/AVERAGEIF('Pemetaan Variant'!$A$5:$A$32,$B9,'Pemetaan Variant'!$I$5:$I$32)*100,"n/a"),"n/a") -> -9.6774194 | CF9: =IFERROR(IF(ISNUMBER(CE9),$C9*CE9,"n/a"),"n/a") -> -0.46365269 | CG9: =IFERROR(AVERAGEIF('Pemetaan Variant'!$A$5:$A$32,$B9,'Pemetaan Variant'!$AM$5:$AM$32),"n/a") -> 30000 | CH9: =IFERROR(IF(ISNUMBER(CG9),(CG9-AVERAGEIF('Pemetaan Variant'!$A$5:$A$32,$B9,'Pemetaan Variant'!$I$5:$I$32))/AVERAGEIF('Pemetaan Variant'!$A$5:$A$32,$B9,'Pemetaan Variant'!$I$5:$I$32)*100,"n/a"),"n/a") -> -8.9184061 | CI9: =IFERROR(IF(ISNUMBER(CH9),$C9*CH9,"n/a"),"n/a") -> -0.42728777 | CJ9: =IFERROR(AVERAGEIF('Pemetaan Variant'!$A$5:$A$32,$B9,'Pemetaan Variant'!$AN$5:$AN$32),"n/a") -> 30000 | CK9: =IFERROR(IF(ISNUMBER(CJ9),(CJ9-AVERAGEIF('Pemetaan Variant'!$A$5:$A$32,$B9,'Pemetaan Variant'!$I$5:$I$32))/AVERAGEIF('Pemetaan Variant'!$A$5:$A$32,$B9,'Pemetaan Variant'!$I$5:$I$32)*100,"n/a"),"n/a") -> -8.9184061 | CL9: =IFERROR(IF(ISNUMBER(CK9),$C9*CK9,"n/a"),"n/a") -> -0.42728777 | CM9: =IFERROR(AVERAGEIF('Pemetaan Variant'!$A$5:$A$32,$B9,'Pemetaan Variant'!$AO$5:$AO$32),"n/a") -> 30000 | CN9: =IFERROR(IF(ISNUMBER(CM9),(CM9-AVERAGEIF('Pemetaan Variant'!$A$5:$A$32,$B9,'Pemetaan Variant'!$J$5:$J$32))/AVERAGEIF('Pemetaan Variant'!$A$5:$A$32,$B9,'Pemetaan Variant'!$J$5:$J$32)*100,"n/a"),"n/a") -> -0.33222591 | CO9: =IFERROR(IF(ISNUMBER(CN9),$C9*CN9,"n/a"),"n/a") -> -0.015917202 | CP9: =IFERROR(AVERAGEIF('Pemetaan Variant'!$A$5:$A$32,$B9,'Pemetaan Variant'!$AP$5:$AP$32),"n/a") -> 30000 | CQ9: =IFERROR(IF(ISNUMBER(CP9),(CP9-AVERAGEIF('Pemetaan Variant'!$A$5:$A$32,$B9,'Pemetaan Variant'!$J$5:$J$32))/AVERAGEIF('Pemetaan Variant'!$A$5:$A$32,$B9,'Pemetaan Variant'!$J$5:$J$32)*100,"n/a"),"n/a") -> -0.33222591 | CR9: =IFERROR(IF(ISNUMBER(CQ9),$C9*CQ9,"n/a"),"n/a") -> -0.015917202 | CS9: =IFERROR(AVERAGEIF('Pemetaan Variant'!$A$5:$A$32,$B9,'Pemetaan Variant'!$AQ$5:$AQ$32),"n/a") -> 30000 | CT9: =IFERROR(IF(ISNUMBER(CS9),(CS9-AVERAGEIF('Pemetaan Variant'!$A$5:$A$32,$B9,'Pemetaan Variant'!$J$5:$J$32))/AVERAGEIF('Pemetaan Variant'!$A$5:$A$32,$B9,'Pemetaan Variant'!$J$5:$J$32)*100,"n/a"),"n/a") -> -0.33222591 | CU9: =IFERROR(IF(ISNUMBER(CT9),$C9*CT9,"n/a"),"n/a") -> -0.015917202 | CV9: =IFERROR(AVERAGEIF('Pemetaan Variant'!$A$5:$A$32,$B9,'Pemetaan Variant'!$AR$5:$AR$32),"n/a") -> 30400 | CW9: =IFERROR(IF(ISNUMBER(CV9),(CV9-AVERAGEIF('Pemetaan Variant'!$A$5:$A$32,$B9,'Pemetaan Variant'!$J$5:$J$32))/AVERAGEIF('Pemetaan Variant'!$A$5:$A$32,$B9,'Pemetaan Variant'!$J$5:$J$32)*100,"n/a"),"n/a") -> 0.99667774 | CX9: =IFERROR(IF(ISNUMBER(CW9),$C9*CW9,"n/a"),"n/a") -> 0.047751606 | CY9: =IFERROR(AVERAGEIF('Pemetaan Variant'!$A$5:$A$32,$B9,'Pemetaan Variant'!$AS$5:$AS$32),"n/a") -> 33200 | CZ9: =IFERROR(IF(ISNUMBER(CY9),(CY9-AVERAGEIF('Pemetaan Variant'!$A$5:$A$32,$B9,'Pemetaan Variant'!$J$5:$J$32))/AVERAGEIF('Pemetaan Variant'!$A$5:$A$32,$B9,'Pemetaan Variant'!$J$5:$J$32)*100,"n/a"),"n/a") -> 10.299003 | DA9: =IFERROR(IF(ISNUMBER(CZ9),$C9*CZ9,"n/a"),"n/a") -> 0.49343326 | DB9: =IFERROR(AVERAGEIF('Pemetaan Variant'!$A$5:$A$32,$B9,'Pemetaan Variant'!$AT$5:$AT$32),"n/a") -> 34000 | DC9: =IFERROR(IF(ISNUMBER(DB9),(DB9-AVERAGEIF('Pemetaan Variant'!$A$5:$A$32,$B9,'Pemetaan Variant'!$K$5:$K$32))/AVERAGEIF('Pemetaan Variant'!$A$5:$A$32,$B9,'Pemetaan Variant'!$K$5:$K$32)*100,"n/a"),"n/a") -> 10.451977 | DD9: =IFERROR(IF(ISNUMBER(DC9),$C9*DC9,"n/a"),"n/a") -> 0.50076237 | DE9: =IFERROR(AVERAGEIF('Pemetaan Variant'!$A$5:$A$32,$B9,'Pemetaan Variant'!$AU$5:$AU$32),"n/a") -> 34000 | DF9: =IFERROR(IF(ISNUMBER(DE9),(DE9-AVERAGEIF('Pemetaan Variant'!$A$5:$A$32,$B9,'Pemetaan Variant'!$K$5:$K$32))/AVERAGEIF('Pemetaan Variant'!$A$5:$A$32,$B9,'Pemetaan Variant'!$K$5:$K$32)*100,"n/a"),"n/a") -> 10.451977 | DG9: =IFERROR(IF(ISNUMBER(DF9),$C9*DF9,"n/a"),"n/a") -> 0.50076237 | DH9: =IFERROR(AVERAGEIF('Pemetaan Variant'!$A$5:$A$32,$B9,'Pemetaan Variant'!$AV$5:$AV$32),"n/a") -> 35500 | DI9: =IFERROR(IF(ISNUMBER(DH9),(DH9-AVERAGEIF('Pemetaan Variant'!$A$5:$A$32,$B9,'Pemetaan Variant'!$K$5:$K$32))/AVERAGEIF('Pemetaan Variant'!$A$5:$A$32,$B9,'Pemetaan Variant'!$K$5:$K$32)*100,"n/a"),"n/a") -> 15.324859 | DJ9: =IFERROR(IF(ISNUMBER(DI9),$C9*DI9,"n/a"),"n/a") -> 0.7342259 | DK9: =IFERROR(AVERAGEIF('Pemetaan Variant'!$A$5:$A$32,$B9,'Pemetaan Variant'!$AW$5:$AW$32),"n/a") -> 36000 | DL9: =IFERROR(IF(ISNUMBER(DK9),(DK9-AVERAGEIF('Pemetaan Variant'!$A$5:$A$32,$B9,'Pemetaan Variant'!$K$5:$K$32))/AVERAGEIF('Pemetaan Variant'!$A$5:$A$32,$B9,'Pemetaan Variant'!$K$5:$K$32)*100,"n/a"),"n/a") -> 16.949153 | DM9: =IFERROR(IF(ISNUMBER(DL9),$C9*DL9,"n/a"),"n/a") -> 0.81204708 | DN9: =IFERROR(AVERAGEIF('Pemetaan Variant'!$A$5:$A$32,$B9,'Pemetaan Variant'!$AZ$5:$AZ$32),"n/a") -> 36000 | DO9: =IFERROR(IF(ISNUMBER(DN9),(DN9-AVERAGEIF('Pemetaan Variant'!$A$5:$A$32,$B9,'Pemetaan Variant'!$AY$5:$AY$32))/AVERAGEIF('Pemetaan Variant'!$A$5:$A$32,$B9,'Pemetaan Variant'!$AY$5:$AY$32)*100,"n/a"),"n/a") -> 3.514377 | DP9: =IFERROR(IF(ISNUMBER(DO9),$C9*DO9,"n/a"),"n/a") -> 0.16837654 | DQ9: =IFERROR(AVERAGEIF('Pemetaan Variant'!$A$5:$A$32,$B9,'Pemetaan Variant'!$BA$5:$BA$32),"n/a") -> n/a | DR9: =IFERROR(IF(ISNUMBER(DQ9),(DQ9-AVERAGEIF('Pemetaan Variant'!$A$5:$A$32,$B9,'Pemetaan Variant'!$AY$5:$AY$32))/AVERAGEIF('Pemetaan Variant'!$A$5:$A$32,$B9,'Pemetaan Variant'!$AY$5:$AY$32)*100,"n/a"),"n/a") -> n/a | DS9: =IFERROR(IF(ISNUMBER(DR9),$C9*DR9,"n/a"),"n/a") -> n/a | DT9: =IFERROR(AVERAGEIF('Pemetaan Variant'!$A$5:$A$32,$B9,'Pemetaan Variant'!$BB$5:$BB$32),"n/a") -> n/a | DU9: =IFERROR(IF(ISNUMBER(DT9),(DT9-AVERAGEIF('Pemetaan Variant'!$A$5:$A$32,$B9,'Pemetaan Variant'!$AY$5:$AY$32))/AVERAGEIF('Pemetaan Variant'!$A$5:$A$32,$B9,'Pemetaan Variant'!$AY$5:$AY$32)*100,"n/a"),"n/a") -> n/a | DV9: =IFERROR(IF(ISNUMBER(DU9),$C9*DU9,"n/a"),"n/a") -> n/a | DW9: =IFERROR(AVERAGEIF('Pemetaan Variant'!$A$5:$A$32,$B9,'Pemetaan Variant'!$BC$5:$BC$32),"n/a") -> n/a | DX9: =IFERROR(IF(ISNUMBER(DW9),(DW9-AVERAGEIF('Pemetaan Variant'!$A$5:$A$32,$B9,'Pemetaan Variant'!$AY$5:$AY$32))/AVERAGEIF('Pemetaan Variant'!$A$5:$A$32,$B9,'Pemetaan Variant'!$AY$5:$AY$32)*100,"n/a"),"n/a") -> n/a | DY9: =IFERROR(IF(ISNUMBER(DX9),$C9*DX9,"n/a"),"n/a") -> n/a | DZ9: =IFERROR(AVERAGEIF('Pemetaan Variant'!$A$5:$A$32,$B9,'Pemetaan Variant'!$BD$5:$BD$32),"n/a") -> n/a | EA9: =IFERROR(IF(ISNUMBER(DZ9),(DZ9-AVERAGEIF('Pemetaan Variant'!$A$5:$A$32,$B9,'Pemetaan Variant'!$AY$5:$AY$32))/AVERAGEIF('Pemetaan Variant'!$A$5:$A$32,$B9,'Pemetaan Variant'!$AY$5:$AY$32)*100,"n/a"),"n/a") -> n/a | EB9: =IFERROR(IF(ISNUMBER(EA9),$C9*EA9,"n/a"),"n/a") -> n/a | ED9: =IFERROR(ABS(F9),0) -> 0.10308212 | EE9: =IFERROR(ABS(I9),0) -> 0.10308212 | EF9: =IFERROR(ABS(L9),0) -> 0.10308212 | EG9: =IFERROR(ABS(O9),0) -> 0.10308212 | EH9: =IFERROR(ABS(R9),0) -> 0.10308212 | EI9: =IFERROR(ABS(U9),0) -> 0.40539889 | EJ9: =IFERROR(ABS(X9),0) -> 0.073708889 | EK9: =IFERROR(ABS(AA9),0) -> 1.65845 | EL9: =IFERROR(ABS(AD9),0) -> 1.5847411 | EM9: =IFERROR(ABS(AG9),0) -> 0.99995271 | EN9: =IFERROR(ABS(AJ9),0) -> 1.0938613 | EO9: =IFERROR(ABS(AM9),0) -> 1.4694957 | EP9: =IFERROR(ABS(AP9),0) -> 1.4694957 | EQ9: =IFERROR(ABS(AS9),0) -> 0.84343837 | ER9: =IFERROR(ABS(AV9),0) -> 0.40708504 | ES9: =IFERROR(ABS(AY9),0) -> 0.73275307 | ET9: =IFERROR(ABS(BB9),0) -> 0.65759891 | EU9: =IFERROR(ABS(BE9),0) -> 0.70770168 | EV9: =IFERROR(ABS(BH9),0) -> 0.72022738 | EW9: =IFERROR(ABS(BK9),0) -> 0 | EX9: =IFERROR(ABS(BN9),0) -> 0.16664618 | EY9: =IFERROR(ABS(BQ9),0) -> 0.11804105 | EZ9: =IFERROR(ABS(BT9),0) -> 0.12498464 | FA9: =IFERROR(ABS(BW9),0) -> 0.12498464 | FB9: =IFERROR(ABS(BZ9),0) -> 0.17273335 | FC9: =IFERROR(ABS(CC9),0) -> 0.54365551 | FD9: =IFERROR(ABS(CF9),0) -> 0.46365269 | FE9: =IFERROR(ABS(CI9),0) -> 0.42728777 | FF9: =IFERROR(ABS(CL9),0) -> 0.42728777 | FG9: =IFERROR(ABS(CO9),0) -> 0.015917202 | FH9: =IFERROR(ABS(CR9),0) -> 0.015917202 | FI9: =IFERROR(ABS(CU9),0) -> 0.015917202 | FJ9: =IFERROR(ABS(CX9),0) -> 0.047751606 | FK9: =IFERROR(ABS(DA9),0) -> 0.49343326 | FL9: =IFERROR(ABS(DD9),0) -> 0.50076237 | FM9: =IFERROR(ABS(DG9),0) -> 0.50076237 | FN9: =IFERROR(ABS(DJ9),0) -> 0.7342259 | FO9: =IFERROR(ABS(DM9),0) -> 0.81204708 | FP9: =IFERROR(ABS(#REF!),0) -> 0 | FQ9: =IFERROR(ABS(DP9),0) -> 0.16837654 | FR9: =IFERROR(ABS(DS9),0) -> 0 | FS9: =IFERROR(ABS(DV9),0) -> 0 | FT9: =IFERROR(ABS(DY9),0) -> 0 | FU9: =IFERROR(ABS(EB9),0) -> 0
A10: 5 | B10: minyak goreng 01154001/4 | C10: ='P0Q0 Dasar 2022'!F9 -> 0.045176623 | D10: =IFERROR(AVERAGEIF('Pemetaan Variant'!$A$5:$A$32,$B10,'Pemetaan Variant'!$L$5:$L$32),"n/a") -> 16233.333 | E10: =IFERROR(IF(ISNUMBER(D10),(D10-AVERAGEIF('Pemetaan Variant'!$A$5:$A$32,$B10,'Pemetaan Variant'!$D$5:$D$32))/AVERAGEIF('Pemetaan Variant'!$A$5:$A$32,$B10,'Pemetaan Variant'!$D$5:$D$32)*100,"n/a"),"n/a") -> 0 | F10: =IFERROR(IF(ISNUMBER(E10),$C10*E10,"n/a"),"n/a") -> 0 | G10: =IFERROR(AVERAGEIF('Pemetaan Variant'!$A$5:$A$32,$B10,'Pemetaan Variant'!$M$5:$M$32),"n/a") -> 16233.333 | H10: =IFERROR(IF(ISNUMBER(G10),(G10-AVERAGEIF('Pemetaan Variant'!$A$5:$A$32,$B10,'Pemetaan Variant'!$D$5:$D$32))/AVERAGEIF('Pemetaan Variant'!$A$5:$A$32,$B10,'Pemetaan Variant'!$D$5:$D$32)*100,"n/a"),"n/a") -> 0 | I10: =IFERROR(IF(ISNUMBER(H10),$C10*H10,"n/a"),"n/a") -> 0 | J10: =IFERROR(AVERAGEIF('Pemetaan Variant'!$A$5:$A$32,$B10,'Pemetaan Variant'!$N$5:$N$32),"n/a") -> 16233.333 | K10: =IFERROR(IF(ISNUMBER(J10),(J10-AVERAGEIF('Pemetaan Variant'!$A$5:$A$32,$B10,'Pemetaan Variant'!$D$5:$D$32))/AVERAGEIF('Pemetaan Variant'!$A$5:$A$32,$B10,'Pemetaan Variant'!$D$5:$D$32)*100,"n/a"),"n/a") -> 0 | L10: =IFERROR(IF(ISNUMBER(K10),$C10*K10,"n/a"),"n/a") -> 0 | M10: =IFERROR(AVERAGEIF('Pemetaan Variant'!$A$5:$A$32,$B10,'Pemetaan Variant'!$O$5:$O$32),"n/a") -> 16233.333 | N10: =IFERROR(IF(ISNUMBER(M10),(M10-AVERAGEIF('Pemetaan Variant'!$A$5:$A$32,$B10,'Pemetaan Variant'!$D$5:$D$32))/AVERAGEIF('Pemetaan Variant'!$A$5:$A$32,$B10,'Pemetaan Variant'!$D$5:$D$32)*100,"n/a"),"n/a") -> 0 | O10: =IFERROR(IF(ISNUMBER(N10),$C10*N10,"n/a"),"n/a") -> 0 | P10: =IFERROR(AVERAGEIF('Pemetaan Variant'!$A$5:$A$32,$B10,'Pemetaan Variant'!$P$5:$P$32),"n/a") -> 16233.333 | Q10: =IFERROR(IF(ISNUMBER(P10),(P10-AVERAGEIF('Pemetaan Variant'!$A$5:$A$32,$B10,'Pemetaan Variant'!$D$5:$D$32))/AVERAGEIF('Pemetaan Variant'!$A$5:$A$32,$B10,'Pemetaan Variant'!$D$5:$D$32)*100,"n/a"),"n/a") -> 0 | R10: =IFERROR(IF(ISNUMBER(Q10),$C10*Q10,"n/a"),"n/a") -> 0 | S10: =IFERROR(AVERAGEIF('Pemetaan Variant'!$A$5:$A$32,$B10,'Pemetaan Variant'!$Q$5:$Q$32),"n/a") -> 16533.333 | T10: =IFERROR(IF(ISNUMBER(S10),(S10-AVERAGEIF('Pemetaan Variant'!$A$5:$A$32,$B10,'Pemetaan Variant'!$E$5:$E$32))/AVERAGEIF('Pemetaan Variant'!$A$5:$A$32,$B10,'Pemetaan Variant'!$E$5:$E$32)*100,"n/a"),"n/a") -> 1.8480493 | U10: =IFERROR(IF(ISNUMBER(T10),$C10*T10,"n/a"),"n/a") -> 0.083488626 | V10: =IFERROR(AVERAGEIF('Pemetaan Variant'!$A$5:$A$32,$B10,'Pemetaan Variant'!$R$5:$R$32),"n/a") -> 16233.333 | W10: =IFERROR(IF(ISNUMBER(V10),(V10-AVERAGEIF('Pemetaan Variant'!$A$5:$A$32,$B10,'Pemetaan Variant'!$E$5:$E$32))/AVERAGEIF('Pemetaan Variant'!$A$5:$A$32,$B10,'Pemetaan Variant'!$E$5:$E$32)*100,"n/a"),"n/a") -> 0 | X10: =IFERROR(IF(ISNUMBER(W10),$C10*W10,"n/a"),"n/a") -> 0 | Y10: =IFERROR(AVERAGEIF('Pemetaan Variant'!$A$5:$A$32,$B10,'Pemetaan Variant'!$S$5:$S$32),"n/a") -> 17233.333 | Z10: =IFERROR(IF(ISNUMBER(Y10),(Y10-AVERAGEIF('Pemetaan Variant'!$A$5:$A$32,$B10,'Pemetaan Variant'!$E$5:$E$32))/AVERAGEIF('Pemetaan Variant'!$A$5:$A$32,$B10,'Pemetaan Variant'!$E$5:$E$32)*100,"n/a"),"n/a") -> 6.1601643 | AA10: =IFERROR(IF(ISNUMBER(Z10),$C10*Z10,"n/a"),"n/a") -> 0.27829542 | AB10: =IFERROR(AVERAGEIF('Pemetaan Variant'!$A$5:$A$32,$B10,'Pemetaan Variant'!$T$5:$T$32),"n/a") -> 17133.333 | AC10: =IFERROR(IF(ISNUMBER(AB10),(AB10-AVERAGEIF('Pemetaan Variant'!$A$5:$A$32,$B10,'Pemetaan Variant'!$E$5:$E$32))/AVERAGEIF('Pemetaan Variant'!$A$5:$A$32,$B10,'Pemetaan Variant'!$E$5:$E$32)*100,"n/a"),"n/a") -> 5.5441478 | AD10: =IFERROR(IF(ISNUMBER(AC10),$C10*AC10,"n/a"),"n/a") -> 0.25046588 | AE10: =IFERROR(AVERAGEIF('Pemetaan Variant'!$A$5:$A$32,$B10,'Pemetaan Variant'!$U$5:$U$32),"n/a") -> 17733.333 | AF10: =IFERROR(IF(ISNUMBER(AE10),(AE10-AVERAGEIF('Pemetaan Variant'!$A$5:$A$32,$B10,'Pemetaan Variant'!$F$5:$F$32))/AVERAGEIF('Pemetaan Variant'!$A$5:$A$32,$B10,'Pemetaan Variant'!$F$5:$F$32)*100,"n/a"),"n/a") -> 5.9760956 | AG10: =IFERROR(IF(ISNUMBER(AF10),$C10*AF10,"n/a"),"n/a") -> 0.26997982 | AH10: =IFERROR(AVERAGEIF('Pemetaan Variant'!$A$5:$A$32,$B10,'Pemetaan Variant'!$V$5:$V$32),"n/a") -> 17766.667 | AI10: =IFERROR(IF(ISNUMBER(AH10),(AH10-AVERAGEIF('Pemetaan Variant'!$A$5:$A$32,$B10,'Pemetaan Variant'!$F$5:$F$32))/AVERAGEIF('Pemetaan Variant'!$A$5:$A$32,$B10,'Pemetaan Variant'!$F$5:$F$32)*100,"n/a"),"n/a") -> 6.1752988 | AJ10: =IFERROR(IF(ISNUMBER(AI10),$C10*AI10,"n/a"),"n/a") -> 0.27897915 | AK10: =IFERROR(AVERAGEIF('Pemetaan Variant'!$A$5:$A$32,$B10,'Pemetaan Variant'!$W$5:$W$32),"n/a") -> 18930 | AL10: =IFERROR(IF(ISNUMBER(AK10),(AK10-AVERAGEIF('Pemetaan Variant'!$A$5:$A$32,$B10,'Pemetaan Variant'!$F$5:$F$32))/AVERAGEIF('Pemetaan Variant'!$A$5:$A$32,$B10,'Pemetaan Variant'!$F$5:$F$32)*100,"n/a"),"n/a") -> 13.12749 | AM10: =IFERROR(IF(ISNUMBER(AL10),$C10*AL10,"n/a"),"n/a") -> 0.59305567 | AN10: =IFERROR(AVERAGEIF('Pemetaan Variant'!$A$5:$A$32,$B10,'Pemetaan Variant'!$X$5:$X$32),"n/a") -> 19016.667 | AO10: =IFERROR(IF(ISNUMBER(AN10),(AN10-AVERAGEIF('Pemetaan Variant'!$A$5:$A$32,$B10,'Pemetaan Variant'!$F$5:$F$32))/AVERAGEIF('Pemetaan Variant'!$A$5:$A$32,$B10,'Pemetaan Variant'!$F$5:$F$32)*100,"n/a"),"n/a") -> 13.645418 | AP10: =IFERROR(IF(ISNUMBER(AO10),$C10*AO10,"n/a"),"n/a") -> 0.61645392 | AQ10: =IFERROR(AVERAGEIF('Pemetaan Variant'!$A$5:$A$32,$B10,'Pemetaan Variant'!$Y$5:$Y$32),"n/a") -> 19016.667 | AR10: =IFERROR(IF(ISNUMBER(AQ10),(AQ10-AVERAGEIF('Pemetaan Variant'!$A$5:$A$32,$B10,'Pemetaan Variant'!$F$5:$F$32))/AVERAGEIF('Pemetaan Variant'!$A$5:$A$32,$B10,'Pemetaan Variant'!$F$5:$F$32)*100,"n/a"),"n/a") -> 13.645418 | AS10: =IFERROR(IF(ISNUMBER(AR10),$C10*AR10,"n/a"),"n/a") -> 0.61645392 | AT10: =IFERROR(AVERAGEIF('Pemetaan Variant'!$A$5:$A$32,$B10,'Pemetaan Variant'!$Z$5:$Z$32),"n/a") -> 19016.667 | AU10: =IFERROR(IF(ISNUMBER(AT10),(AT10-AVERAGEIF('Pemetaan Variant'!$A$5:$A$32,$B10,'Pemetaan Variant'!$G$5:$G$32))/AVERAGEIF('Pemetaan Variant'!$A$5:$A$32,$B10,'Pemetaan Variant'!$G$5:$G$32)*100,"n/a"),"n/a") -> 3.5672143 | AV10: =IFERROR(IF(ISNUMBER(AU10),$C10*AU10,"n/a"),"n/a") -> 0.1611547 | AW10: =IFERROR(AVERAGEIF('Pemetaan Variant'!$A$5:$A$32,$B10,'Pemetaan Variant'!$AA$5:$AA$32),"n/a") -> 19016.667 | AX10: =IFERROR(IF(ISNUMBER(AW10),(AW10-AVERAGEIF('Pemetaan Variant'!$A$5:$A$32,$B10,'Pemetaan Variant'!$G$5:$G$32))/AVERAGEIF('Pemetaan Variant'!$A$5:$A$32,$B10,'Pemetaan Variant'!$G$5:$G$32)*100,"n/a"),"n/a") -> 3.5672143 | AY10: =IFERROR(IF(ISNUMBER(AX10),$C10*AX10,"n/a"),"n/a") -> 0.1611547 | AZ10: =IFERROR(AVERAGEIF('Pemetaan Variant'!$A$5:$A$32,$B10,'Pemetaan Variant'!$AB$5:$AB$32),"n/a") -> 19016.667 | BA10: =IFERROR(IF(ISNUMBER(AZ10),(AZ10-AVERAGEIF('Pemetaan Variant'!$A$5:$A$32,$B10,'Pemetaan Variant'!$G$5:$G$32))/AVERAGEIF('Pemetaan Variant'!$A$5:$A$32,$B10,'Pemetaan Variant'!$G$5:$G$32)*100,"n/a"),"n/a") -> 3.5672143 | BB10: =IFERROR(IF(ISNUMBER(BA10),$C10*BA10,"n/a"),"n/a") -> 0.1611547 | BC10: =IFERROR(AVERAGEIF('Pemetaan Variant'!$A$5:$A$32,$B10,'Pemetaan Variant'!$AC$5:$AC$32),"n/a") -> 19016.667 | BD10: =IFERROR(IF(ISNUMBER(BC10),(BC10-AVERAGEIF('Pemetaan Variant'!$A$5:$A$32,$B10,'Pemetaan Variant'!$G$5:$G$32))/AVERAGEIF('Pemetaan Variant'!$A$5:$A$32,$B10,'Pemetaan Variant'!$G$5:$G$32)*100,"n/a"),"n/a") -> 3.5672143 | BE10: =IFERROR(IF(ISNUMBER(BD10),$C10*BD10,"n/a"),"n/a") -> 0.1611547 | BF10: =IFERROR(AVERAGEIF('Pemetaan Variant'!$A$5:$A$32,$B10,'Pemetaan Variant'!$AD$5:$AD$32),"n/a") -> 18979.167 | BG10: =IFERROR(IF(ISNUMBER(BF10),(BF10-AVERAGEIF('Pemetaan Variant'!$A$5:$A$32,$B10,'Pemetaan Variant'!$G$5:$G$32))/AVERAGEIF('Pemetaan Variant'!$A$5:$A$32,$B10,'Pemetaan Variant'!$G$5:$G$32)*100,"n/a"),"n/a") -> 3.3629845 | BH10: =IFERROR(IF(ISNUMBER(BG10),$C10*BG10,"n/a"),"n/a") -> 0.15192828 | BI10: =IFERROR(AVERAGEIF('Pemetaan Variant'!$A$5:$A$32,$B10,'Pemetaan Variant'!$AE$5:$AE$32),"n/a") -> n/a | BJ10: =IFERROR(IF(ISNUMBER(BI10),(BI10-AVERAGEIF('Pemetaan Variant'!$A$5:$A$32,$B10,'Pemetaan Variant'!$H$5:$H$32))/AVERAGEIF('Pemetaan Variant'!$A$5:$A$32,$B10,'Pemetaan Variant'!$H$5:$H$32)*100,"n/a"),"n/a") -> n/a | BK10: =IFERROR(IF(ISNUMBER(BJ10),$C10*BJ10,"n/a"),"n/a") -> n/a | BL10: =IFERROR(AVERAGEIF('Pemetaan Variant'!$A$5:$A$32,$B10,'Pemetaan Variant'!$AF$5:$AF$32),"n/a") -> 19200 | BM10: =IFERROR(IF(ISNUMBER(BL10),(BL10-AVERAGEIF('Pemetaan Variant'!$A$5:$A$32,$B10,'Pemetaan Variant'!$H$5:$H$32))/AVERAGEIF('Pemetaan Variant'!$A$5:$A$32,$B10,'Pemetaan Variant'!$H$5:$H$32)*100,"n/a"),"n/a") -> 1.002004 | BN10: =IFERROR(IF(ISNUMBER(BM10),$C10*BM10,"n/a"),"n/a") -> 0.045267157 | BO10: =IFERROR(AVERAGEIF('Pemetaan Variant'!$A$5:$A$32,$B10,'Pemetaan Variant'!$AG$5:$AG$32),"n/a") -> 19200 | BP10: =IFERROR(IF(ISNUMBER(BO10),(BO10-AVERAGEIF('Pemetaan Variant'!$A$5:$A$32,$B10,'Pemetaan Variant'!$H$5:$H$32))/AVERAGEIF('Pemetaan Variant'!$A$5:$A$32,$B10,'Pemetaan Variant'!$H$5:$H$32)*100,"n/a"),"n/a") -> 1.002004 | BQ10: =IFERROR(IF(ISNUMBER(BP10),$C10*BP10,"n/a"),"n/a") -> 0.045267157 | BR10: =IFERROR(AVERAGEIF('Pemetaan Variant'!$A$5:$A$32,$B10,'Pemetaan Variant'!$AH$5:$AH$32),"n/a") -> 18983.333 | BS10: =IFERROR(IF(ISNUMBER(BR10),(BR10-AVERAGEIF('Pemetaan Variant'!$A$5:$A$32,$B10,'Pemetaan Variant'!$H$5:$H$32))/AVERAGEIF('Pemetaan Variant'!$A$5:$A$32,$B10,'Pemetaan Variant'!$H$5:$H$32)*100,"n/a"),"n/a") -> -0.13777555 | BT10: =IFERROR(IF(ISNUMBER(BS10),$C10*BS10,"n/a"),"n/a") -> -0.0062242341 | BU10: =IFERROR(AVERAGEIF('Pemetaan Variant'!$A$5:$A$32,$B10,'Pemetaan Variant'!$AI$5:$AI$32),"n/a") -> 18983.333 | BV10: =IFERROR(IF(ISNUMBER(BU10),(BU10-AVERAGEIF('Pemetaan Variant'!$A$5:$A$32,$B10,'Pemetaan Variant'!$H$5:$H$32))/AVERAGEIF('Pemetaan Variant'!$A$5:$A$32,$B10,'Pemetaan Variant'!$H$5:$H$32)*100,"n/a"),"n/a") -> -0.13777555 | BW10: =IFERROR(IF(ISNUMBER(BV10),$C10*BV10,"n/a"),"n/a") -> -0.0062242341 | BX10: =IFERROR(AVERAGEIF('Pemetaan Variant'!$A$5:$A$32,$B10,'Pemetaan Variant'!$AJ$5:$AJ$32),"n/a") -> 18983.333 | BY10: =IFERROR(IF(ISNUMBER(BX10),(BX10-AVERAGEIF('Pemetaan Variant'!$A$5:$A$32,$B10,'Pemetaan Variant'!$I$5:$I$32))/AVERAGEIF('Pemetaan Variant'!$A$5:$A$32,$B10,'Pemetaan Variant'!$I$5:$I$32)*100,"n/a"),"n/a") -> -0.5674378 | BZ10: =IFERROR(IF(ISNUMBER(BY10),$C10*BY10,"n/a"),"n/a") -> -0.025634924 | CA10: =IFERROR(AVERAGEIF('Pemetaan Variant'!$A$5:$A$32,$B10,'Pemetaan Variant'!$AK$5:$AK$32),"n/a") -> 18983.333 | CB10: =IFERROR(IF(ISNUMBER(CA10),(CA10-AVERAGEIF('Pemetaan Variant'!$A$5:$A$32,$B10,'Pemetaan Variant'!$I$5:$I$32))/AVERAGEIF('Pemetaan Variant'!$A$5:$A$32,$B10,'Pemetaan Variant'!$I$5:$I$32)*100,"n/a"),"n/a") -> -0.5674378 | CC10: =IFERROR(IF(ISNUMBER(CB10),$C10*CB10,"n/a"),"n/a") -> -0.025634924 | CD10: =IFERROR(AVERAGEIF('Pemetaan Variant'!$A$5:$A$32,$B10,'Pemetaan Variant'!$AL$5:$AL$32),"n/a") -> 18983.333 | CE10: =IFERROR(IF(ISNUMBER(CD10),(CD10-AVERAGEIF('Pemetaan Variant'!$A$5:$A$32,$B10,'Pemetaan Variant'!$I$5:$I$32))/AVERAGEIF('Pemetaan Variant'!$A$5:$A$32,$B10,'Pemetaan Variant'!$I$5:$I$32)*100,"n/a"),"n/a") -> -0.5674378 | CF10: =IFERROR(IF(ISNUMBER(CE10),$C10*CE10,"n/a"),"n/a") -> -0.025634924 | CG10: =IFERROR(AVERAGEIF('Pemetaan Variant'!$A$5:$A$32,$B10,'Pemetaan Variant'!$AM$5:$AM$32),"n/a") -> 18983.333 | CH10: =IFERROR(IF(ISNUMBER(CG10),(CG10-AVERAGEIF('Pemetaan Variant'!$A$5:$A$32,$B10,'Pemetaan Variant'!$I$5:$I$32))/AVERAGEIF('Pemetaan Variant'!$A$5:$A$32,$B10,'Pemetaan Variant'!$I$5:$I$32)*100,"n/a"),"n/a") -> -0.5674378 | CI10: =IFERROR(IF(ISNUMBER(CH10),$C10*CH10,"n/a"),"n/a") -> -0.025634924 | CJ10: =IFERROR(AVERAGEIF('Pemetaan Variant'!$A$5:$A$32,$B10,'Pemetaan Variant'!$AN$5:$AN$32),"n/a") -> 18983.333 | CK10: =IFERROR(IF(ISNUMBER(CJ10),(CJ10-AVERAGEIF('Pemetaan Variant'!$A$5:$A$32,$B10,'Pemetaan Variant'!$I$5:$I$32))/AVERAGEIF('Pemetaan Variant'!$A$5:$A$32,$B10,'Pemetaan Variant'!$I$5:$I$32)*100,"n/a"),"n/a") -> -0.5674378 | CL10: =IFERROR(IF(ISNUMBER(CK10),$C10*CK10,"n/a"),"n/a") -> -0.025634924 | CM10: =IFERROR(AVERAGEIF('Pemetaan Variant'!$A$5:$A$32,$B10,'Pemetaan Variant'!$AO$5:$AO$32),"n/a") -> 18983.333 | CN10: =IFERROR(IF(ISNUMBER(CM10),(CM10-AVERAGEIF('Pemetaan Variant'!$A$5:$A$32,$B10,'Pemetaan Variant'!$J$5:$J$32))/AVERAGEIF('Pemetaan Variant'!$A$5:$A$32,$B10,'Pemetaan Variant'!$J$5:$J$32)*100,"n/a"),"n/a") -> 0 | CO10: =IFERROR(IF(ISNUMBER(CN10),$C10*CN10,"n/a"),"n/a") -> 0 | CP10: =IFERROR(AVERAGEIF('Pemetaan Variant'!$A$5:$A$32,$B10,'Pemetaan Variant'!$AP$5:$AP$32),"n/a") -> 18983.333 | CQ10: =IFERROR(IF(ISNUMBER(CP10),(CP10-AVERAGEIF('Pemetaan Variant'!$A$5:$A$32,$B10,'Pemetaan Variant'!$J$5:$J$32))/AVERAGEIF('Pemetaan Variant'!$A$5:$A$32,$B10,'Pemetaan Variant'!$J$5:$J$32)*100,"n/a"),"n/a") -> 0 | CR10: =IFERROR(IF(ISNUMBER(CQ10),$C10*CQ10,"n/a"),"n/a") -> 0 | CS10: =IFERROR(AVERAGEIF('Pemetaan Variant'!$A$5:$A$32,$B10,'Pemetaan Variant'!$AQ$5:$AQ$32),"n/a") -> 18983.333 | CT10: =IFERROR(IF(ISNUMBER(CS10),(CS10-AVERAGEIF('Pemetaan Variant'!$A$5:$A$32,$B10,'Pemetaan Variant'!$J$5:$J$32))/AVERAGEIF('Pemetaan Variant'!$A$5:$A$32,$B10,'Pemetaan Variant'!$J$5:$J$32)*100,"n/a"),"n/a") -> 0 | CU10: =IFERROR(IF(ISNUMBER(CT10),$C10*CT10,"n/a"),"n/a") -> 0 | CV10: =IFERROR(AVERAGEIF('Pemetaan Variant'!$A$5:$A$32,$B10,'Pemetaan Variant'!$AR$5:$AR$32),"n/a") -> 18983.333 | CW10: =IFERROR(IF(ISNUMBER(CV10),(CV10-AVERAGEIF('Pemetaan Variant'!$A$5:$A$32,$B10,'Pemetaan Variant'!$J$5:$J$32))/AVERAGEIF('Pemetaan Variant'!$A$5:$A$32,$B10,'Pemetaan Variant'!$J$5:$J$32)*100,"n/a"),"n/a") -> 0 | CX10: =IFERROR(IF(ISNUMBER(CW10),$C10*CW10,"n/a"),"n/a") -> 0 | CY10: =IFERROR(AVERAGEIF('Pemetaan Variant'!$A$5:$A$32,$B10,'Pemetaan Variant'!$AS$5:$AS$32),"n/a") -> 18983.333 | CZ10: =IFERROR(IF(ISNUMBER(CY10),(CY10-AVERAGEIF('Pemetaan Variant'!$A$5:$A$32,$B10,'Pemetaan Variant'!$J$5:$J$32))/AVERAGEIF('Pemetaan Variant'!$A$5:$A$32,$B10,'Pemetaan Variant'!$J$5:$J$32)*100,"n/a"),"n/a") -> 0 | DA10: =IFERROR(IF(ISNUMBER(CZ10),$C10*CZ10,"n/a"),"n/a") -> 0 | DB10: =IFERROR(AVERAGEIF('Pemetaan Variant'!$A$5:$A$32,$B10,'Pemetaan Variant'!$AT$5:$AT$32),"n/a") -> 18983.333 | DC10: =IFERROR(IF(ISNUMBER(DB10),(DB10-AVERAGEIF('Pemetaan Variant'!$A$5:$A$32,$B10,'Pemetaan Variant'!$K$5:$K$32))/AVERAGEIF('Pemetaan Variant'!$A$5:$A$32,$B10,'Pemetaan Variant'!$K$5:$K$32)*100,"n/a"),"n/a") -> 0 | DD10: =IFERROR(IF(ISNUMBER(DC10),$C10*DC10,"n/a"),"n/a") -> 0 | DE10: =IFERROR(AVERAGEIF('Pemetaan Variant'!$A$5:$A$32,$B10,'Pemetaan Variant'!$AU$5:$AU$32),"n/a") -> 18983.333 | DF10: =IFERROR(IF(ISNUMBER(DE10),(DE10-AVERAGEIF('Pemetaan Variant'!$A$5:$A$32,$B10,'Pemetaan Variant'!$K$5:$K$32))/AVERAGEIF('Pemetaan Variant'!$A$5:$A$32,$B10,'Pemetaan Variant'!$K$5:$K$32)*100,"n/a"),"n/a") -> 0 | DG10: =IFERROR(IF(ISNUMBER(DF10),$C10*DF10,"n/a"),"n/a") -> 0 | DH10: =IFERROR(AVERAGEIF('Pemetaan Variant'!$A$5:$A$32,$B10,'Pemetaan Variant'!$AV$5:$AV$32),"n/a") -> 18983.333 | DI10: =IFERROR(IF(ISNUMBER(DH10),(DH10-AVERAGEIF('Pemetaan Variant'!$A$5:$A$32,$B10,'Pemetaan Variant'!$K$5:$K$32))/AVERAGEIF('Pemetaan Variant'!$A$5:$A$32,$B10,'Pemetaan Variant'!$K$5:$K$32)*100,"n/a"),"n/a") -> 0 | DJ10: =IFERROR(IF(ISNUMBER(DI10),$C10*DI10,"n/a"),"n/a") -> 0 | DK10: =IFERROR(AVERAGEIF('Pemetaan Variant'!$A$5:$A$32,$B10,'Pemetaan Variant'!$AW$5:$AW$32),"n/a") -> 18983.333 | DL10: =IFERROR(IF(ISNUMBER(DK10),(DK10-AVERAGEIF('Pemetaan Variant'!$A$5:$A$32,$B10,'Pemetaan Variant'!$K$5:$K$32))/AVERAGEIF('Pemetaan Variant'!$A$5:$A$32,$B10,'Pemetaan Variant'!$K$5:$K$32)*100,"n/a"),"n/a") -> 0 | DM10: =IFERROR(IF(ISNUMBER(DL10),$C10*DL10,"n/a"),"n/a") -> 0 | DN10: =IFERROR(AVERAGEIF('Pemetaan Variant'!$A$5:$A$32,$B10,'Pemetaan Variant'!$AZ$5:$AZ$32),"n/a") -> 18983.333 | DO10: =IFERROR(IF(ISNUMBER(DN10),(DN10-AVERAGEIF('Pemetaan Variant'!$A$5:$A$32,$B10,'Pemetaan Variant'!$AY$5:$AY$32))/AVERAGEIF('Pemetaan Variant'!$A$5:$A$32,$B10,'Pemetaan Variant'!$AY$5:$AY$32)*100,"n/a"),"n/a") -> 0 | DP10: =IFERROR(IF(ISNUMBER(DO10),$C10*DO10,"n/a"),"n/a") -> 0 | DQ10: =IFERROR(AVERAGEIF('Pemetaan Variant'!$A$5:$A$32,$B10,'Pemetaan Variant'!$BA$5:$BA$32),"n/a") -> n/a | DR10: =IFERROR(IF(ISNUMBER(DQ10),(DQ10-AVERAGEIF('Pemetaan Variant'!$A$5:$A$32,$B10,'Pemetaan Variant'!$AY$5:$AY$32))/AVERAGEIF('Pemetaan Variant'!$A$5:$A$32,$B10,'Pemetaan Variant'!$AY$5:$AY$32)*100,"n/a"),"n/a") -> n/a | DS10: =IFERROR(IF(ISNUMBER(DR10),$C10*DR10,"n/a"),"n/a") -> n/a | DT10: =IFERROR(AVERAGEIF('Pemetaan Variant'!$A$5:$A$32,$B10,'Pemetaan Variant'!$BB$5:$BB$32),"n/a") -> n/a | DU10: =IFERROR(IF(ISNUMBER(DT10),(DT10-AVERAGEIF('Pemetaan Variant'!$A$5:$A$32,$B10,'Pemetaan Variant'!$AY$5:$AY$32))/AVERAGEIF('Pemetaan Variant'!$A$5:$A$32,$B10,'Pemetaan Variant'!$AY$5:$AY$32)*100,"n/a"),"n/a") -> n/a | DV10: =IFERROR(IF(ISNUMBER(DU10),$C10*DU10,"n/a"),"n/a") -> n/a | DW10: =IFERROR(AVERAGEIF('Pemetaan Variant'!$A$5:$A$32,$B10,'Pemetaan Variant'!$BC$5:$BC$32),"n/a") -> n/a | DX10: =IFERROR(IF(ISNUMBER(DW10),(DW10-AVERAGEIF('Pemetaan Variant'!$A$5:$A$32,$B10,'Pemetaan Variant'!$AY$5:$AY$32))/AVERAGEIF('Pemetaan Variant'!$A$5:$A$32,$B10,'Pemetaan Variant'!$AY$5:$AY$32)*100,"n/a"),"n/a") -> n/a | DY10: =IFERROR(IF(ISNUMBER(DX10),$C10*DX10,"n/a"),"n/a") -> n/a | DZ10: =IFERROR(AVERAGEIF('Pemetaan Variant'!$A$5:$A$32,$B10,'Pemetaan Variant'!$BD$5:$BD$32),"n/a") -> n/a | EA10: =IFERROR(IF(ISNUMBER(DZ10),(DZ10-AVERAGEIF('Pemetaan Variant'!$A$5:$A$32,$B10,'Pemetaan Variant'!$AY$5:$AY$32))/AVERAGEIF('Pemetaan Variant'!$A$5:$A$32,$B10,'Pemetaan Variant'!$AY$5:$AY$32)*100,"n/a"),"n/a") -> n/a | EB10: =IFERROR(IF(ISNUMBER(EA10),$C10*EA10,"n/a"),"n/a") -> n/a | ED10: =IFERROR(ABS(F10),0) -> 0 | EE10: =IFERROR(ABS(I10),0) -> 0 | EF10: =IFERROR(ABS(L10),0) -> 0 | EG10: =IFERROR(ABS(O10),0) -> 0 | EH10: =IFERROR(ABS(R10),0) -> 0 | EI10: =IFERROR(ABS(U10),0) -> 0.083488626 | EJ10: =IFERROR(ABS(X10),0) -> 0 | EK10: =IFERROR(ABS(AA10),0) -> 0.27829542 | EL10: =IFERROR(ABS(AD10),0) -> 0.25046588 | EM10: =IFERROR(ABS(AG10),0) -> 0.26997982 | EN10: =IFERROR(ABS(AJ10),0) -> 0.27897915 | EO10: =IFERROR(ABS(AM10),0) -> 0.59305567 | EP10: =IFERROR(ABS(AP10),0) -> 0.61645392 | EQ10: =IFERROR(ABS(AS10),0) -> 0.61645392 | ER10: =IFERROR(ABS(AV10),0) -> 0.1611547 | ES10: =IFERROR(ABS(AY10),0) -> 0.1611547 | ET10: =IFERROR(ABS(BB10),0) -> 0.1611547 | EU10: =IFERROR(ABS(BE10),0) -> 0.1611547 | EV10: =IFERROR(ABS(BH10),0) -> 0.15192828 | EW10: =IFERROR(ABS(BK10),0) -> 0 | EX10: =IFERROR(ABS(BN10),0) -> 0.045267157 | EY10: =IFERROR(ABS(BQ10),0) -> 0.045267157 | EZ10: =IFERROR(ABS(BT10),0) -> 0.0062242341 | FA10: =IFERROR(ABS(BW10),0) -> 0.0062242341 | FB10: =IFERROR(ABS(BZ10),0) -> 0.025634924 | FC10: =IFERROR(ABS(CC10),0) -> 0.025634924 | FD10: =IFERROR(ABS(CF10),0) -> 0.025634924 | FE10: =IFERROR(ABS(CI10),0) -> 0.025634924 | FF10: =IFERROR(ABS(CL10),0) -> 0.025634924 | FG10: =IFERROR(ABS(CO10),0) -> 0 | FH10: =IFERROR(ABS(CR10),0) -> 0 | FI10: =IFERROR(ABS(CU10),0) -> 0 | FJ10: =IFERROR(ABS(CX10),0) -> 0 | FK10: =IFERROR(ABS(DA10),0) -> 0 | FL10: =IFERROR(ABS(DD10),0) -> 0 | FM10: =IFERROR(ABS(DG10),0) -> 0 | FN10: =IFERROR(ABS(DJ10),0) -> 0 | FO10: =IFERROR(ABS(DM10),0) -> 0 | FP10: =IFERROR(ABS(#REF!),0) -> 0 | FQ10: =IFERROR(ABS(DP10),0) -> 0 | FR10: =IFERROR(ABS(DS10),0) -> 0 | FS10: =IFERROR(ABS(DV10),0) -> 0 | FT10: =IFERROR(ABS(DY10),0) -> 0 | FU10: =IFERROR(ABS(EB10),0) -> 0
A11: 6 | B11: udang lobster 01132004 | C11: ='P0Q0 Dasar 2022'!F10 -> 0.037010754 | D11: =IFERROR(AVERAGEIF('Pemetaan Variant'!$A$5:$A$32,$B11,'Pemetaan Variant'!$L$5:$L$32),"n/a") -> 60000 | E11: =IFERROR(IF(ISNUMBER(D11),(D11-AVERAGEIF('Pemetaan Variant'!$A$5:$A$32,$B11,'Pemetaan Variant'!$D$5:$D$32))/AVERAGEIF('Pemetaan Variant'!$A$5:$A$32,$B11,'Pemetaan Variant'!$D$5:$D$32)*100,"n/a"),"n/a") -> 0 | F11: =IFERROR(IF(ISNUMBER(E11),$C11*E11,"n/a"),"n/a") -> 0 | G11: =IFERROR(AVERAGEIF('Pemetaan Variant'!$A$5:$A$32,$B11,'Pemetaan Variant'!$M$5:$M$32),"n/a") -> 60000 | H11: =IFERROR(IF(ISNUMBER(G11),(G11-AVERAGEIF('Pemetaan Variant'!$A$5:$A$32,$B11,'Pemetaan Variant'!$D$5:$D$32))/AVERAGEIF('Pemetaan Variant'!$A$5:$A$32,$B11,'Pemetaan Variant'!$D$5:$D$32)*100,"n/a"),"n/a") -> 0 | I11: =IFERROR(IF(ISNUMBER(H11),$C11*H11,"n/a"),"n/a") -> 0 | J11: =IFERROR(AVERAGEIF('Pemetaan Variant'!$A$5:$A$32,$B11,'Pemetaan Variant'!$N$5:$N$32),"n/a") -> 60000 | K11: =IFERROR(IF(ISNUMBER(J11),(J11-AVERAGEIF('Pemetaan Variant'!$A$5:$A$32,$B11,'Pemetaan Variant'!$D$5:$D$32))/AVERAGEIF('Pemetaan Variant'!$A$5:$A$32,$B11,'Pemetaan Variant'!$D$5:$D$32)*100,"n/a"),"n/a") -> 0 | L11: =IFERROR(IF(ISNUMBER(K11),$C11*K11,"n/a"),"n/a") -> 0 | M11: =IFERROR(AVERAGEIF('Pemetaan Variant'!$A$5:$A$32,$B11,'Pemetaan Variant'!$O$5:$O$32),"n/a") -> 66000 | N11: =IFERROR(IF(ISNUMBER(M11),(M11-AVERAGEIF('Pemetaan Variant'!$A$5:$A$32,$B11,'Pemetaan Variant'!$D$5:$D$32))/AVERAGEIF('Pemetaan Variant'!$A$5:$A$32,$B11,'Pemetaan Variant'!$D$5:$D$32)*100,"n/a"),"n/a") -> 10 | O11: =IFERROR(IF(ISNUMBER(N11),$C11*N11,"n/a"),"n/a") -> 0.37010754 | P11: =IFERROR(AVERAGEIF('Pemetaan Variant'!$A$5:$A$32,$B11,'Pemetaan Variant'!$P$5:$P$32),"n/a") -> 70000 | Q11: =IFERROR(IF(ISNUMBER(P11),(P11-AVERAGEIF('Pemetaan Variant'!$A$5:$A$32,$B11,'Pemetaan Variant'!$D$5:$D$32))/AVERAGEIF('Pemetaan Variant'!$A$5:$A$32,$B11,'Pemetaan Variant'!$D$5:$D$32)*100,"n/a"),"n/a") -> 16.666667 | R11: =IFERROR(IF(ISNUMBER(Q11),$C11*Q11,"n/a"),"n/a") -> 0.61684591 | S11: =IFERROR(AVERAGEIF('Pemetaan Variant'!$A$5:$A$32,$B11,'Pemetaan Variant'!$Q$5:$Q$32),"n/a") -> 70000 | T11: =IFERROR(IF(ISNUMBER(S11),(S11-AVERAGEIF('Pemetaan Variant'!$A$5:$A$32,$B11,'Pemetaan Variant'!$E$5:$E$32))/AVERAGEIF('Pemetaan Variant'!$A$5:$A$32,$B11,'Pemetaan Variant'!$E$5:$E$32)*100,"n/a"),"n/a") -> 9.375 | U11: =IFERROR(IF(ISNUMBER(T11),$C11*T11,"n/a"),"n/a") -> 0.34697582 | V11: =IFERROR(AVERAGEIF('Pemetaan Variant'!$A$5:$A$32,$B11,'Pemetaan Variant'!$R$5:$R$32),"n/a") -> 70000 | W11: =IFERROR(IF(ISNUMBER(V11),(V11-AVERAGEIF('Pemetaan Variant'!$A$5:$A$32,$B11,'Pemetaan Variant'!$E$5:$E$32))/AVERAGEIF('Pemetaan Variant'!$A$5:$A$32,$B11,'Pemetaan Variant'!$E$5:$E$32)*100,"n/a"),"n/a") -> 9.375 | X11: =IFERROR(IF(ISNUMBER(W11),$C11*W11,"n/a"),"n/a") -> 0.34697582 | Y11: =IFERROR(AVERAGEIF('Pemetaan Variant'!$A$5:$A$32,$B11,'Pemetaan Variant'!$S$5:$S$32),"n/a") -> 70000 | Z11: =IFERROR(IF(ISNUMBER(Y11),(Y11-AVERAGEIF('Pemetaan Variant'!$A$5:$A$32,$B11,'Pemetaan Variant'!$E$5:$E$32))/AVERAGEIF('Pemetaan Variant'!$A$5:$A$32,$B11,'Pemetaan Variant'!$E$5:$E$32)*100,"n/a"),"n/a") -> 9.375 | AA11: =IFERROR(IF(ISNUMBER(Z11),$C11*Z11,"n/a"),"n/a") -> 0.34697582 | AB11: =IFERROR(AVERAGEIF('Pemetaan Variant'!$A$5:$A$32,$B11,'Pemetaan Variant'!$T$5:$T$32),"n/a") -> 70000 | AC11: =IFERROR(IF(ISNUMBER(AB11),(AB11-AVERAGEIF('Pemetaan Variant'!$A$5:$A$32,$B11,'Pemetaan Variant'!$E$5:$E$32))/AVERAGEIF('Pemetaan Variant'!$A$5:$A$32,$B11,'Pemetaan Variant'!$E$5:$E$32)*100,"n/a"),"n/a") -> 9.375 | AD11: =IFERROR(IF(ISNUMBER(AC11),$C11*AC11,"n/a"),"n/a") -> 0.34697582 | AE11: =IFERROR(AVERAGEIF('Pemetaan Variant'!$A$5:$A$32,$B11,'Pemetaan Variant'!$U$5:$U$32),"n/a") -> 70000 | AF11: =IFERROR(IF(ISNUMBER(AE11),(AE11-AVERAGEIF('Pemetaan Variant'!$A$5:$A$32,$B11,'Pemetaan Variant'!$F$5:$F$32))/AVERAGEIF('Pemetaan Variant'!$A$5:$A$32,$B11,'Pemetaan Variant'!$F$5:$F$32)*100,"n/a"),"n/a") -> 0 | AG11: =IFERROR(IF(ISNUMBER(AF11),$C11*AF11,"n/a"),"n/a") -> 0 | AH11: =IFERROR(AVERAGEIF('Pemetaan Variant'!$A$5:$A$32,$B11,'Pemetaan Variant'!$V$5:$V$32),"n/a") -> 70000 | AI11: =IFERROR(IF(ISNUMBER(AH11),(AH11-AVERAGEIF('Pemetaan Variant'!$A$5:$A$32,$B11,'Pemetaan Variant'!$F$5:$F$32))/AVERAGEIF('Pemetaan Variant'!$A$5:$A$32,$B11,'Pemetaan Variant'!$F$5:$F$32)*100,"n/a"),"n/a") -> 0 | AJ11: =IFERROR(IF(ISNUMBER(AI11),$C11*AI11,"n/a"),"n/a") -> 0 | AK11: =IFERROR(AVERAGEIF('Pemetaan Variant'!$A$5:$A$32,$B11,'Pemetaan Variant'!$W$5:$W$32),"n/a") -> 70000 | AL11: =IFERROR(IF(ISNUMBER(AK11),(AK11-AVERAGEIF('Pemetaan Variant'!$A$5:$A$32,$B11,'Pemetaan Variant'!$F$5:$F$32))/AVERAGEIF('Pemetaan Variant'!$A$5:$A$32,$B11,'Pemetaan Variant'!$F$5:$F$32)*100,"n/a"),"n/a") -> 0 | AM11: =IFERROR(IF(ISNUMBER(AL11),$C11*AL11,"n/a"),"n/a") -> 0 | AN11: =IFERROR(AVERAGEIF('Pemetaan Variant'!$A$5:$A$32,$B11,'Pemetaan Variant'!$X$5:$X$32),"n/a") -> 70000 | AO11: =IFERROR(IF(ISNUMBER(AN11),(AN11-AVERAGEIF('Pemetaan Variant'!$A$5:$A$32,$B11,'Pemetaan Variant'!$F$5:$F$32))/AVERAGEIF('Pemetaan Variant'!$A$5:$A$32,$B11,'Pemetaan Variant'!$F$5:$F$32)*100,"n/a"),"n/a") -> 0 | AP11: =IFERROR(IF(ISNUMBER(AO11),$C11*AO11,"n/a"),"n/a") -> 0 | AQ11: =IFERROR(AVERAGEIF('Pemetaan Variant'!$A$5:$A$32,$B11,'Pemetaan Variant'!$Y$5:$Y$32),"n/a") -> 70000 | AR11: =IFERROR(IF(ISNUMBER(AQ11),(AQ11-AVERAGEIF('Pemetaan Variant'!$A$5:$A$32,$B11,'Pemetaan Variant'!$F$5:$F$32))/AVERAGEIF('Pemetaan Variant'!$A$5:$A$32,$B11,'Pemetaan Variant'!$F$5:$F$32)*100,"n/a"),"n/a") -> 0 | AS11: =IFERROR(IF(ISNUMBER(AR11),$C11*AR11,"n/a"),"n/a") -> 0 | AT11: =IFERROR(AVERAGEIF('Pemetaan Variant'!$A$5:$A$32,$B11,'Pemetaan Variant'!$Z$5:$Z$32),"n/a") -> 70000 | AU11: =IFERROR(IF(ISNUMBER(AT11),(AT11-AVERAGEIF('Pemetaan Variant'!$A$5:$A$32,$B11,'Pemetaan Variant'!$G$5:$G$32))/AVERAGEIF('Pemetaan Variant'!$A$5:$A$32,$B11,'Pemetaan Variant'!$G$5:$G$32)*100,"n/a"),"n/a") -> 0 | AV11: =IFERROR(IF(ISNUMBER(AU11),$C11*AU11,"n/a"),"n/a") -> 0 | AW11: =IFERROR(AVERAGEIF('Pemetaan Variant'!$A$5:$A$32,$B11,'Pemetaan Variant'!$AA$5:$AA$32),"n/a") -> 70000 | AX11: =IFERROR(IF(ISNUMBER(AW11),(AW11-AVERAGEIF('Pemetaan Variant'!$A$5:$A$32,$B11,'Pemetaan Variant'!$G$5:$G$32))/AVERAGEIF('Pemetaan Variant'!$A$5:$A$32,$B11,'Pemetaan Variant'!$G$5:$G$32)*100,"n/a"),"n/a") -> 0 | AY11: =IFERROR(IF(ISNUMBER(AX11),$C11*AX11,"n/a"),"n/a") -> 0 | AZ11: =IFERROR(AVERAGEIF('Pemetaan Variant'!$A$5:$A$32,$B11,'Pemetaan Variant'!$AB$5:$AB$32),"n/a") -> 70000 | BA11: =IFERROR(IF(ISNUMBER(AZ11),(AZ11-AVERAGEIF('Pemetaan Variant'!$A$5:$A$32,$B11,'Pemetaan Variant'!$G$5:$G$32))/AVERAGEIF('Pemetaan Variant'!$A$5:$A$32,$B11,'Pemetaan Variant'!$G$5:$G$32)*100,"n/a"),"n/a") -> 0 | BB11: =IFERROR(IF(ISNUMBER(BA11),$C11*BA11,"n/a"),"n/a") -> 0 | BC11: =IFERROR(AVERAGEIF('Pemetaan Variant'!$A$5:$A$32,$B11,'Pemetaan Variant'!$AC$5:$AC$32),"n/a") -> 70000 | BD11: =IFERROR(IF(ISNUMBER(BC11),(BC11-AVERAGEIF('Pemetaan Variant'!$A$5:$A$32,$B11,'Pemetaan Variant'!$G$5:$G$32))/AVERAGEIF('Pemetaan Variant'!$A$5:$A$32,$B11,'Pemetaan Variant'!$G$5:$G$32)*100,"n/a"),"n/a") -> 0 | BE11: =IFERROR(IF(ISNUMBER(BD11),$C11*BD11,"n/a"),"n/a") -> 0 | BF11: =IFERROR(AVERAGEIF('Pemetaan Variant'!$A$5:$A$32,$B11,'Pemetaan Variant'!$AD$5:$AD$32),"n/a") -> 70000 | BG11: =IFERROR(IF(ISNUMBER(BF11),(BF11-AVERAGEIF('Pemetaan Variant'!$A$5:$A$32,$B11,'Pemetaan Variant'!$G$5:$G$32))/AVERAGEIF('Pemetaan Variant'!$A$5:$A$32,$B11,'Pemetaan Variant'!$G$5:$G$32)*100,"n/a"),"n/a") -> 0 | BH11: =IFERROR(IF(ISNUMBER(BG11),$C11*BG11,"n/a"),"n/a") -> 0 | BI11: =IFERROR(AVERAGEIF('Pemetaan Variant'!$A$5:$A$32,$B11,'Pemetaan Variant'!$AE$5:$AE$32),"n/a") -> n/a | BJ11: =IFERROR(IF(ISNUMBER(BI11),(BI11-AVERAGEIF('Pemetaan Variant'!$A$5:$A$32,$B11,'Pemetaan Variant'!$H$5:$H$32))/AVERAGEIF('Pemetaan Variant'!$A$5:$A$32,$B11,'Pemetaan Variant'!$H$5:$H$32)*100,"n/a"),"n/a") -> n/a | BK11: =IFERROR(IF(ISNUMBER(BJ11),$C11*BJ11,"n/a"),"n/a") -> n/a | BL11: =IFERROR(AVERAGEIF('Pemetaan Variant'!$A$5:$A$32,$B11,'Pemetaan Variant'!$AF$5:$AF$32),"n/a") -> 70000 | BM11: =IFERROR(IF(ISNUMBER(BL11),(BL11-AVERAGEIF('Pemetaan Variant'!$A$5:$A$32,$B11,'Pemetaan Variant'!$H$5:$H$32))/AVERAGEIF('Pemetaan Variant'!$A$5:$A$32,$B11,'Pemetaan Variant'!$H$5:$H$32)*100,"n/a"),"n/a") -> 0 | BN11: =IFERROR(IF(ISNUMBER(BM11),$C11*BM11,"n/a"),"n/a") -> 0 | BO11: =IFERROR(AVERAGEIF('Pemetaan Variant'!$A$5:$A$32,$B11,'Pemetaan Variant'!$AG$5:$AG$32),"n/a") -> 70000 | BP11: =IFERROR(IF(ISNUMBER(BO11),(BO11-AVERAGEIF('Pemetaan Variant'!$A$5:$A$32,$B11,'Pemetaan Variant'!$H$5:$H$32))/AVERAGEIF('Pemetaan Variant'!$A$5:$A$32,$B11,'Pemetaan Variant'!$H$5:$H$32)*100,"n/a"),"n/a") -> 0 | BQ11: =IFERROR(IF(ISNUMBER(BP11),$C11*BP11,"n/a"),"n/a") -> 0 | BR11: =IFERROR(AVERAGEIF('Pemetaan Variant'!$A$5:$A$32,$B11,'Pemetaan Variant'!$AH$5:$AH$32),"n/a") -> 70000 | BS11: =IFERROR(IF(ISNUMBER(BR11),(BR11-AVERAGEIF('Pemetaan Variant'!$A$5:$A$32,$B11,'Pemetaan Variant'!$H$5:$H$32))/AVERAGEIF('Pemetaan Variant'!$A$5:$A$32,$B11,'Pemetaan Variant'!$H$5:$H$32)*100,"n/a"),"n/a") -> 0 | BT11: =IFERROR(IF(ISNUMBER(BS11),$C11*BS11,"n/a"),"n/a") -> 0 | BU11: =IFERROR(AVERAGEIF('Pemetaan Variant'!$A$5:$A$32,$B11,'Pemetaan Variant'!$AI$5:$AI$32),"n/a") -> 70000 | BV11: =IFERROR(IF(ISNUMBER(BU11),(BU11-AVERAGEIF('Pemetaan Variant'!$A$5:$A$32,$B11,'Pemetaan Variant'!$H$5:$H$32))/AVERAGEIF('Pemetaan Variant'!$A$5:$A$32,$B11,'Pemetaan Variant'!$H$5:$H$32)*100,"n/a"),"n/a") -> 0 | BW11: =IFERROR(IF(ISNUMBER(BV11),$C11*BV11,"n/a"),"n/a") -> 0 | BX11: =IFERROR(AVERAGEIF('Pemetaan Variant'!$A$5:$A$32,$B11,'Pemetaan Variant'!$AJ$5:$AJ$32),"n/a") -> 70000 | BY11: =IFERROR(IF(ISNUMBER(BX11),(BX11-AVERAGEIF('Pemetaan Variant'!$A$5:$A$32,$B11,'Pemetaan Variant'!$I$5:$I$32))/AVERAGEIF('Pemetaan Variant'!$A$5:$A$32,$B11,'Pemetaan Variant'!$I$5:$I$32)*100,"n/a"),"n/a") -> 0 | BZ11: =IFERROR(IF(ISNUMBER(BY11),$C11*BY11,"n/a"),"n/a") -> 0 | CA11: =IFERROR(AVERAGEIF('Pemetaan Variant'!$A$5:$A$32,$B11,'Pemetaan Variant'!$AK$5:$AK$32),"n/a") -> 70000 | CB11: =IFERROR(IF(ISNUMBER(CA11),(CA11-AVERAGEIF('Pemetaan Variant'!$A$5:$A$32,$B11,'Pemetaan Variant'!$I$5:$I$32))/AVERAGEIF('Pemetaan Variant'!$A$5:$A$32,$B11,'Pemetaan Variant'!$I$5:$I$32)*100,"n/a"),"n/a") -> 0 | CC11: =IFERROR(IF(ISNUMBER(CB11),$C11*CB11,"n/a"),"n/a") -> 0 | CD11: =IFERROR(AVERAGEIF('Pemetaan Variant'!$A$5:$A$32,$B11,'Pemetaan Variant'!$AL$5:$AL$32),"n/a") -> 70000 | CE11: =IFERROR(IF(ISNUMBER(CD11),(CD11-AVERAGEIF('Pemetaan Variant'!$A$5:$A$32,$B11,'Pemetaan Variant'!$I$5:$I$32))/AVERAGEIF('Pemetaan Variant'!$A$5:$A$32,$B11,'Pemetaan Variant'!$I$5:$I$32)*100,"n/a"),"n/a") -> 0 | CF11: =IFERROR(IF(ISNUMBER(CE11),$C11*CE11,"n/a"),"n/a") -> 0 | CG11: =IFERROR(AVERAGEIF('Pemetaan Variant'!$A$5:$A$32,$B11,'Pemetaan Variant'!$AM$5:$AM$32),"n/a") -> 70000 | CH11: =IFERROR(IF(ISNUMBER(CG11),(CG11-AVERAGEIF('Pemetaan Variant'!$A$5:$A$32,$B11,'Pemetaan Variant'!$I$5:$I$32))/AVERAGEIF('Pemetaan Variant'!$A$5:$A$32,$B11,'Pemetaan Variant'!$I$5:$I$32)*100,"n/a"),"n/a") -> 0 | CI11: =IFERROR(IF(ISNUMBER(CH11),$C11*CH11,"n/a"),"n/a") -> 0 | CJ11: =IFERROR(AVERAGEIF('Pemetaan Variant'!$A$5:$A$32,$B11,'Pemetaan Variant'!$AN$5:$AN$32),"n/a") -> 70000 | CK11: =IFERROR(IF(ISNUMBER(CJ11),(CJ11-AVERAGEIF('Pemetaan Variant'!$A$5:$A$32,$B11,'Pemetaan Variant'!$I$5:$I$32))/AVERAGEIF('Pemetaan Variant'!$A$5:$A$32,$B11,'Pemetaan Variant'!$I$5:$I$32)*100,"n/a"),"n/a") -> 0 | CL11: =IFERROR(IF(ISNUMBER(CK11),$C11*CK11,"n/a"),"n/a") -> 0 | CM11: =IFERROR(AVERAGEIF('Pemetaan Variant'!$A$5:$A$32,$B11,'Pemetaan Variant'!$AO$5:$AO$32),"n/a") -> 70000 | CN11: =IFERROR(IF(ISNUMBER(CM11),(CM11-AVERAGEIF('Pemetaan Variant'!$A$5:$A$32,$B11,'Pemetaan Variant'!$J$5:$J$32))/AVERAGEIF('Pemetaan Variant'!$A$5:$A$32,$B11,'Pemetaan Variant'!$J$5:$J$32)*100,"n/a"),"n/a") -> 0 | CO11: =IFERROR(IF(ISNUMBER(CN11),$C11*CN11,"n/a"),"n/a") -> 0 | CP11: =IFERROR(AVERAGEIF('Pemetaan Variant'!$A$5:$A$32,$B11,'Pemetaan Variant'!$AP$5:$AP$32),"n/a") -> 70000 | CQ11: =IFERROR(IF(ISNUMBER(CP11),(CP11-AVERAGEIF('Pemetaan Variant'!$A$5:$A$32,$B11,'Pemetaan Variant'!$J$5:$J$32))/AVERAGEIF('Pemetaan Variant'!$A$5:$A$32,$B11,'Pemetaan Variant'!$J$5:$J$32)*100,"n/a"),"n/a") -> 0 | CR11: =IFERROR(IF(ISNUMBER(CQ11),$C11*CQ11,"n/a"),"n/a") -> 0 | CS11: =IFERROR(AVERAGEIF('Pemetaan Variant'!$A$5:$A$32,$B11,'Pemetaan Variant'!$AQ$5:$AQ$32),"n/a") -> 70000 | CT11: =IFERROR(IF(ISNUMBER(CS11),(CS11-AVERAGEIF('Pemetaan Variant'!$A$5:$A$32,$B11,'Pemetaan Variant'!$J$5:$J$32))/AVERAGEIF('Pemetaan Variant'!$A$5:$A$32,$B11,'Pemetaan Variant'!$J$5:$J$32)*100,"n/a"),"n/a") -> 0 | CU11: =IFERROR(IF(ISNUMBER(CT11),$C11*CT11,"n/a"),"n/a") -> 0 | CV11: =IFERROR(AVERAGEIF('Pemetaan Variant'!$A$5:$A$32,$B11,'Pemetaan Variant'!$AR$5:$AR$32),"n/a") -> 70000 | CW11: =IFERROR(IF(ISNUMBER(CV11),(CV11-AVERAGEIF('Pemetaan Variant'!$A$5:$A$32,$B11,'Pemetaan Variant'!$J$5:$J$32))/AVERAGEIF('Pemetaan Variant'!$A$5:$A$32,$B11,'Pemetaan Variant'!$J$5:$J$32)*100,"n/a"),"n/a") -> 0 | CX11: =IFERROR(IF(ISNUMBER(CW11),$C11*CW11,"n/a"),"n/a") -> 0 | CY11: =IFERROR(AVERAGEIF('Pemetaan Variant'!$A$5:$A$32,$B11,'Pemetaan Variant'!$AS$5:$AS$32),"n/a") -> 70000 | CZ11: =IFERROR(IF(ISNUMBER(CY11),(CY11-AVERAGEIF('Pemetaan Variant'!$A$5:$A$32,$B11,'Pemetaan Variant'!$J$5:$J$32))/AVERAGEIF('Pemetaan Variant'!$A$5:$A$32,$B11,'Pemetaan Variant'!$J$5:$J$32)*100,"n/a"),"n/a") -> 0 | DA11: =IFERROR(IF(ISNUMBER(CZ11),$C11*CZ11,"n/a"),"n/a") -> 0 | DB11: =IFERROR(AVERAGEIF('Pemetaan Variant'!$A$5:$A$32,$B11,'Pemetaan Variant'!$AT$5:$AT$32),"n/a") -> 70000 | DC11: =IFERROR(IF(ISNUMBER(DB11),(DB11-AVERAGEIF('Pemetaan Variant'!$A$5:$A$32,$B11,'Pemetaan Variant'!$K$5:$K$32))/AVERAGEIF('Pemetaan Variant'!$A$5:$A$32,$B11,'Pemetaan Variant'!$K$5:$K$32)*100,"n/a"),"n/a") -> 0 | DD11: =IFERROR(IF(ISNUMBER(DC11),$C11*DC11,"n/a"),"n/a") -> 0 | DE11: =IFERROR(AVERAGEIF('Pemetaan Variant'!$A$5:$A$32,$B11,'Pemetaan Variant'!$AU$5:$AU$32),"n/a") -> 70000 | DF11: =IFERROR(IF(ISNUMBER(DE11),(DE11-AVERAGEIF('Pemetaan Variant'!$A$5:$A$32,$B11,'Pemetaan Variant'!$K$5:$K$32))/AVERAGEIF('Pemetaan Variant'!$A$5:$A$32,$B11,'Pemetaan Variant'!$K$5:$K$32)*100,"n/a"),"n/a") -> 0 | DG11: =IFERROR(IF(ISNUMBER(DF11),$C11*DF11,"n/a"),"n/a") -> 0 | DH11: =IFERROR(AVERAGEIF('Pemetaan Variant'!$A$5:$A$32,$B11,'Pemetaan Variant'!$AV$5:$AV$32),"n/a") -> 70000 | DI11: =IFERROR(IF(ISNUMBER(DH11),(DH11-AVERAGEIF('Pemetaan Variant'!$A$5:$A$32,$B11,'Pemetaan Variant'!$K$5:$K$32))/AVERAGEIF('Pemetaan Variant'!$A$5:$A$32,$B11,'Pemetaan Variant'!$K$5:$K$32)*100,"n/a"),"n/a") -> 0 | DJ11: =IFERROR(IF(ISNUMBER(DI11),$C11*DI11,"n/a"),"n/a") -> 0 | DK11: =IFERROR(AVERAGEIF('Pemetaan Variant'!$A$5:$A$32,$B11,'Pemetaan Variant'!$AW$5:$AW$32),"n/a") -> 70000 | DL11: =IFERROR(IF(ISNUMBER(DK11),(DK11-AVERAGEIF('Pemetaan Variant'!$A$5:$A$32,$B11,'Pemetaan Variant'!$K$5:$K$32))/AVERAGEIF('Pemetaan Variant'!$A$5:$A$32,$B11,'Pemetaan Variant'!$K$5:$K$32)*100,"n/a"),"n/a") -> 0 | DM11: =IFERROR(IF(ISNUMBER(DL11),$C11*DL11,"n/a"),"n/a") -> 0 | DN11: =IFERROR(AVERAGEIF('Pemetaan Variant'!$A$5:$A$32,$B11,'Pemetaan Variant'!$AZ$5:$AZ$32),"n/a") -> 70000 | DO11: =IFERROR(IF(ISNUMBER(DN11),(DN11-AVERAGEIF('Pemetaan Variant'!$A$5:$A$32,$B11,'Pemetaan Variant'!$AY$5:$AY$32))/AVERAGEIF('Pemetaan Variant'!$A$5:$A$32,$B11,'Pemetaan Variant'!$AY$5:$AY$32)*100,"n/a"),"n/a") -> 0 | DP11: =IFERROR(IF(ISNUMBER(DO11),$C11*DO11,"n/a"),"n/a") -> 0 | DQ11: =IFERROR(AVERAGEIF('Pemetaan Variant'!$A$5:$A$32,$B11,'Pemetaan Variant'!$BA$5:$BA$32),"n/a") -> n/a | DR11: =IFERROR(IF(ISNUMBER(DQ11),(DQ11-AVERAGEIF('Pemetaan Variant'!$A$5:$A$32,$B11,'Pemetaan Variant'!$AY$5:$AY$32))/AVERAGEIF('Pemetaan Variant'!$A$5:$A$32,$B11,'Pemetaan Variant'!$AY$5:$AY$32)*100,"n/a"),"n/a") -> n/a | DS11: =IFERROR(IF(ISNUMBER(DR11),$C11*DR11,"n/a"),"n/a") -> n/a | DT11: =IFERROR(AVERAGEIF('Pemetaan Variant'!$A$5:$A$32,$B11,'Pemetaan Variant'!$BB$5:$BB$32),"n/a") -> n/a | DU11: =IFERROR(IF(ISNUMBER(DT11),(DT11-AVERAGEIF('Pemetaan Variant'!$A$5:$A$32,$B11,'Pemetaan Variant'!$AY$5:$AY$32))/AVERAGEIF('Pemetaan Variant'!$A$5:$A$32,$B11,'Pemetaan Variant'!$AY$5:$AY$32)*100,"n/a"),"n/a") -> n/a | DV11: =IFERROR(IF(ISNUMBER(DU11),$C11*DU11,"n/a"),"n/a") -> n/a | DW11: =IFERROR(AVERAGEIF('Pemetaan Variant'!$A$5:$A$32,$B11,'Pemetaan Variant'!$BC$5:$BC$32),"n/a") -> n/a | DX11: =IFERROR(IF(ISNUMBER(DW11),(DW11-AVERAGEIF('Pemetaan Variant'!$A$5:$A$32,$B11,'Pemetaan Variant'!$AY$5:$AY$32))/AVERAGEIF('Pemetaan Variant'!$A$5:$A$32,$B11,'Pemetaan Variant'!$AY$5:$AY$32)*100,"n/a"),"n/a") -> n/a | DY11: =IFERROR(IF(ISNUMBER(DX11),$C11*DX11,"n/a"),"n/a") -> n/a | DZ11: =IFERROR(AVERAGEIF('Pemetaan Variant'!$A$5:$A$32,$B11,'Pemetaan Variant'!$BD$5:$BD$32),"n/a") -> n/a | EA11: =IFERROR(IF(ISNUMBER(DZ11),(DZ11-AVERAGEIF('Pemetaan Variant'!$A$5:$A$32,$B11,'Pemetaan Variant'!$AY$5:$AY$32))/AVERAGEIF('Pemetaan Variant'!$A$5:$A$32,$B11,'Pemetaan Variant'!$AY$5:$AY$32)*100,"n/a"),"n/a") -> n/a | EB11: =IFERROR(IF(ISNUMBER(EA11),$C11*EA11,"n/a"),"n/a") -> n/a | ED11: =IFERROR(ABS(F11),0) -> 0 | EE11: =IFERROR(ABS(I11),0) -> 0 | EF11: =IFERROR(ABS(L11),0) -> 0 | EG11: =IFERROR(ABS(O11),0) -> 0.37010754 | EH11: =IFERROR(ABS(R11),0) -> 0.61684591 | EI11: =IFERROR(ABS(U11),0) -> 0.34697582 | EJ11: =IFERROR(ABS(X11),0) -> 0.34697582 | EK11: =IFERROR(ABS(AA11),0) -> 0.34697582 | EL11: =IFERROR(ABS(AD11),0) -> 0.34697582 | EM11: =IFERROR(ABS(AG11),0) -> 0 | EN11: =IFERROR(ABS(AJ11),0) -> 0 | EO11: =IFERROR(ABS(AM11),0) -> 0 | EP11: =IFERROR(ABS(AP11),0) -> 0 | EQ11: =IFERROR(ABS(AS11),0) -> 0 | ER11: =IFERROR(ABS(AV11),0) -> 0 | ES11: =IFERROR(ABS(AY11),0) -> 0 | ET11: =IFERROR(ABS(BB11),0) -> 0 | EU11: =IFERROR(ABS(BE11),0) -> 0 | EV11: =IFERROR(ABS(BH11),0) -> 0 | EW11: =IFERROR(ABS(BK11),0) -> 0 | EX11: =IFERROR(ABS(BN11),0) -> 0 | EY11: =IFERROR(ABS(BQ11),0) -> 0 | EZ11: =IFERROR(ABS(BT11),0) -> 0 | FA11: =IFERROR(ABS(BW11),0) -> 0 | FB11: =IFERROR(ABS(BZ11),0) -> 0 | FC11: =IFERROR(ABS(CC11),0) -> 0 | FD11: =IFERROR(ABS(CF11),0) -> 0 | FE11: =IFERROR(ABS(CI11),0) -> 0 | FF11: =IFERROR(ABS(CL11),0) -> 0 | FG11: =IFERROR(ABS(CO11),0) -> 0 | FH11: =IFERROR(ABS(CR11),0) -> 0 | FI11: =IFERROR(ABS(CU11),0) -> 0 | FJ11: =IFERROR(ABS(CX11),0) -> 0 | FK11: =IFERROR(ABS(DA11),0) -> 0 | FL11: =IFERROR(ABS(DD11),0) -> 0 | FM11: =IFERROR(ABS(DG11),0) -> 0 | FN11: =IFERROR(ABS(DJ11),0) -> 0 | FO11: =IFERROR(ABS(DM11),0) -> 0 | FP11: =IFERROR(ABS(#REF!),0) -> 0 | FQ11: =IFERROR(ABS(DP11),0) -> 0 | FR11: =IFERROR(ABS(DS11),0) -> 0 | FS11: =IFERROR(ABS(DV11),0) -> 0 | FT11: =IFERROR(ABS(DY11),0) -> 0 | FU11: =IFERROR(ABS(EB11),0) -> 0
A12: 7 | B12: pisang ambon 1162001 | C12: ='P0Q0 Dasar 2022'!F11 -> 0.040636573 | D12: =IFERROR(AVERAGEIF('Pemetaan Variant'!$A$5:$A$32,$B12,'Pemetaan Variant'!$L$5:$L$32),"n/a") -> 11000 | E12: =IFERROR(IF(ISNUMBER(D12),(D12-AVERAGEIF('Pemetaan Variant'!$A$5:$A$32,$B12,'Pemetaan Variant'!$D$5:$D$32))/AVERAGEIF('Pemetaan Variant'!$A$5:$A$32,$B12,'Pemetaan Variant'!$D$5:$D$32)*100,"n/a"),"n/a") -> -3.3472803 | F12: =IFERROR(IF(ISNUMBER(E12),$C12*E12,"n/a"),"n/a") -> -0.136022 | G12: =IFERROR(AVERAGEIF('Pemetaan Variant'!$A$5:$A$32,$B12,'Pemetaan Variant'!$M$5:$M$32),"n/a") -> 11000 | H12: =IFERROR(IF(ISNUMBER(G12),(G12-AVERAGEIF('Pemetaan Variant'!$A$5:$A$32,$B12,'Pemetaan Variant'!$D$5:$D$32))/AVERAGEIF('Pemetaan Variant'!$A$5:$A$32,$B12,'Pemetaan Variant'!$D$5:$D$32)*100,"n/a"),"n/a") -> -3.3472803 | I12: =IFERROR(IF(ISNUMBER(H12),$C12*H12,"n/a"),"n/a") -> -0.136022 | J12: =IFERROR(AVERAGEIF('Pemetaan Variant'!$A$5:$A$32,$B12,'Pemetaan Variant'!$N$5:$N$32),"n/a") -> 11000 | K12: =IFERROR(IF(ISNUMBER(J12),(J12-AVERAGEIF('Pemetaan Variant'!$A$5:$A$32,$B12,'Pemetaan Variant'!$D$5:$D$32))/AVERAGEIF('Pemetaan Variant'!$A$5:$A$32,$B12,'Pemetaan Variant'!$D$5:$D$32)*100,"n/a"),"n/a") -> -3.3472803 | L12: =IFERROR(IF(ISNUMBER(K12),$C12*K12,"n/a"),"n/a") -> -0.136022 | M12: =IFERROR(AVERAGEIF('Pemetaan Variant'!$A$5:$A$32,$B12,'Pemetaan Variant'!$O$5:$O$32),"n/a") -> 11000 | N12: =IFERROR(IF(ISNUMBER(M12),(M12-AVERAGEIF('Pemetaan Variant'!$A$5:$A$32,$B12,'Pemetaan Variant'!$D$5:$D$32))/AVERAGEIF('Pemetaan Variant'!$A$5:$A$32,$B12,'Pemetaan Variant'!$D$5:$D$32)*100,"n/a"),"n/a") -> -3.3472803 | O12: =IFERROR(IF(ISNUMBER(N12),$C12*N12,"n/a"),"n/a") -> -0.136022 | P12: =IFERROR(AVERAGEIF('Pemetaan Variant'!$A$5:$A$32,$B12,'Pemetaan Variant'!$P$5:$P$32),"n/a") -> 11000 | Q12: =IFERROR(IF(ISNUMBER(P12),(P12-AVERAGEIF('Pemetaan Variant'!$A$5:$A$32,$B12,'Pemetaan Variant'!$D$5:$D$32))/AVERAGEIF('Pemetaan Variant'!$A$5:$A$32,$B12,'Pemetaan Variant'!$D$5:$D$32)*100,"n/a"),"n/a") -> -3.3472803 | R12: =IFERROR(IF(ISNUMBER(Q12),$C12*Q12,"n/a"),"n/a") -> -0.136022 | S12: =IFERROR(AVERAGEIF('Pemetaan Variant'!$A$5:$A$32,$B12,'Pemetaan Variant'!$Q$5:$Q$32),"n/a") -> 11200 | T12: =IFERROR(IF(ISNUMBER(S12),(S12-AVERAGEIF('Pemetaan Variant'!$A$5:$A$32,$B12,'Pemetaan Variant'!$E$5:$E$32))/AVERAGEIF('Pemetaan Variant'!$A$5:$A$32,$B12,'Pemetaan Variant'!$E$5:$E$32)*100,"n/a"),"n/a") -> 1.8181818 | U12: =IFERROR(IF(ISNUMBER(T12),$C12*T12,"n/a"),"n/a") -> 0.073884678 | V12: =IFERROR(AVERAGEIF('Pemetaan Variant'!$A$5:$A$32,$B12,'Pemetaan Variant'!$R$5:$R$32),"n/a") -> 11000 | W12: =IFERROR(IF(ISNUMBER(V12),(V12-AVERAGEIF('Pemetaan Variant'!$A$5:$A$32,$B12,'Pemetaan Variant'!$E$5:$E$32))/AVERAGEIF('Pemetaan Variant'!$A$5:$A$32,$B12,'Pemetaan Variant'!$E$5:$E$32)*100,"n/a"),"n/a") -> 0 | X12: =IFERROR(IF(ISNUMBER(W12),$C12*W12,"n/a"),"n/a") -> 0 | Y12: =IFERROR(AVERAGEIF('Pemetaan Variant'!$A$5:$A$32,$B12,'Pemetaan Variant'!$S$5:$S$32),"n/a") -> 11666.667 | Z12: =IFERROR(IF(ISNUMBER(Y12),(Y12-AVERAGEIF('Pemetaan Variant'!$A$5:$A$32,$B12,'Pemetaan Variant'!$E$5:$E$32))/AVERAGEIF('Pemetaan Variant'!$A$5:$A$32,$B12,'Pemetaan Variant'!$E$5:$E$32)*100,"n/a"),"n/a") -> 6.0606061 | AA12: =IFERROR(IF(ISNUMBER(Z12),$C12*Z12,"n/a"),"n/a") -> 0.24628226 | AB12: =IFERROR(AVERAGEIF('Pemetaan Variant'!$A$5:$A$32,$B12,'Pemetaan Variant'!$T$5:$T$32),"n/a") -> 11600 | AC12: =IFERROR(IF(ISNUMBER(AB12),(AB12-AVERAGEIF('Pemetaan Variant'!$A$5:$A$32,$B12,'Pemetaan Variant'!$E$5:$E$32))/AVERAGEIF('Pemetaan Variant'!$A$5:$A$32,$B12,'Pemetaan Variant'!$E$5:$E$32)*100,"n/a"),"n/a") -> 5.4545455 | AD12: =IFERROR(IF(ISNUMBER(AC12),$C12*AC12,"n/a"),"n/a") -> 0.22165403 | AE12: =IFERROR(AVERAGEIF('Pemetaan Variant'!$A$5:$A$32,$B12,'Pemetaan Variant'!$U$5:$U$32),"n/a") -> 12000 | AF12: =IFERROR(IF(ISNUMBER(AE12),(AE12-AVERAGEIF('Pemetaan Variant'!$A$5:$A$32,$B12,'Pemetaan Variant'!$F$5:$F$32))/AVERAGEIF('Pemetaan Variant'!$A$5:$A$32,$B12,'Pemetaan Variant'!$F$5:$F$32)*100,"n/a"),"n/a") -> 5.8823529 | AG12: =IFERROR(IF(ISNUMBER(AF12),$C12*AF12,"n/a"),"n/a") -> 0.23903866 | AH12: =IFERROR(AVERAGEIF('Pemetaan Variant'!$A$5:$A$32,$B12,'Pemetaan Variant'!$V$5:$V$32),"n/a") -> 12000 | AI12: =IFERROR(IF(ISNUMBER(AH12),(AH12-AVERAGEIF('Pemetaan Variant'!$A$5:$A$32,$B12,'Pemetaan Variant'!$F$5:$F$32))/AVERAGEIF('Pemetaan Variant'!$A$5:$A$32,$B12,'Pemetaan Variant'!$F$5:$F$32)*100,"n/a"),"n/a") -> 5.8823529 | AJ12: =IFERROR(IF(ISNUMBER(AI12),$C12*AI12,"n/a"),"n/a") -> 0.23903866 | AK12: =IFERROR(AVERAGEIF('Pemetaan Variant'!$A$5:$A$32,$B12,'Pemetaan Variant'!$W$5:$W$32),"n/a") -> 12000 | AL12: =IFERROR(IF(ISNUMBER(AK12),(AK12-AVERAGEIF('Pemetaan Variant'!$A$5:$A$32,$B12,'Pemetaan Variant'!$F$5:$F$32))/AVERAGEIF('Pemetaan Variant'!$A$5:$A$32,$B12,'Pemetaan Variant'!$F$5:$F$32)*100,"n/a"),"n/a") -> 5.8823529 | AM12: =IFERROR(IF(ISNUMBER(AL12),$C12*AL12,"n/a"),"n/a") -> 0.23903866 | AN12: =IFERROR(AVERAGEIF('Pemetaan Variant'!$A$5:$A$32,$B12,'Pemetaan Variant'!$X$5:$X$32),"n/a") -> 12000 | AO12: =IFERROR(IF(ISNUMBER(AN12),(AN12-AVERAGEIF('Pemetaan Variant'!$A$5:$A$32,$B12,'Pemetaan Variant'!$F$5:$F$32))/AVERAGEIF('Pemetaan Variant'!$A$5:$A$32,$B12,'Pemetaan Variant'!$F$5:$F$32)*100,"n/a"),"n/a") -> 5.8823529 | AP12: =IFERROR(IF(ISNUMBER(AO12),$C12*AO12,"n/a"),"n/a") -> 0.23903866 | AQ12: =IFERROR(AVERAGEIF('Pemetaan Variant'!$A$5:$A$32,$B12,'Pemetaan Variant'!$Y$5:$Y$32),"n/a") -> 12000 | AR12: =IFERROR(IF(ISNUMBER(AQ12),(AQ12-AVERAGEIF('Pemetaan Variant'!$A$5:$A$32,$B12,'Pemetaan Variant'!$F$5:$F$32))/AVERAGEIF('Pemetaan Variant'!$A$5:$A$32,$B12,'Pemetaan Variant'!$F$5:$F$32)*100,"n/a"),"n/a") -> 5.8823529 | AS12: =IFERROR(IF(ISNUMBER(AR12),$C12*AR12,"n/a"),"n/a") -> 0.23903866 | AT12: =IFERROR(AVERAGEIF('Pemetaan Variant'!$A$5:$A$32,$B12,'Pemetaan Variant'!$Z$5:$Z$32),"n/a") -> 12000 | AU12: =IFERROR(IF(ISNUMBER(AT12),(AT12-AVERAGEIF('Pemetaan Variant'!$A$5:$A$32,$B12,'Pemetaan Variant'!$G$5:$G$32))/AVERAGEIF('Pemetaan Variant'!$A$5:$A$32,$B12,'Pemetaan Variant'!$G$5:$G$32)*100,"n/a"),"n/a") -> 0 | AV12: =IFERROR(IF(ISNUMBER(AU12),$C12*AU12,"n/a"),"n/a") -> 0 | AW12: =IFERROR(AVERAGEIF('Pemetaan Variant'!$A$5:$A$32,$B12,'Pemetaan Variant'!$AA$5:$AA$32),"n/a") -> 12000 | AX12: =IFERROR(IF(ISNUMBER(AW12),(AW12-AVERAGEIF('Pemetaan Variant'!$A$5:$A$32,$B12,'Pemetaan Variant'!$G$5:$G$32))/AVERAGEIF('Pemetaan Variant'!$A$5:$A$32,$B12,'Pemetaan Variant'!$G$5:$G$32)*100,"n/a"),"n/a") -> 0 | AY12: =IFERROR(IF(ISNUMBER(AX12),$C12*AX12,"n/a"),"n/a") -> 0 | AZ12: =IFERROR(AVERAGEIF('Pemetaan Variant'!$A$5:$A$32,$B12,'Pemetaan Variant'!$AB$5:$AB$32),"n/a") -> 12000 | BA12: =IFERROR(IF(ISNUMBER(AZ12),(AZ12-AVERAGEIF('Pemetaan Variant'!$A$5:$A$32,$B12,'Pemetaan Variant'!$G$5:$G$32))/AVERAGEIF('Pemetaan Variant'!$A$5:$A$32,$B12,'Pemetaan Variant'!$G$5:$G$32)*100,"n/a"),"n/a") -> 0 | BB12: =IFERROR(IF(ISNUMBER(BA12),$C12*BA12,"n/a"),"n/a") -> 0 | BC12: =IFERROR(AVERAGEIF('Pemetaan Variant'!$A$5:$A$32,$B12,'Pemetaan Variant'!$AC$5:$AC$32),"n/a") -> 12000 | BD12: =IFERROR(IF(ISNUMBER(BC12),(BC12-AVERAGEIF('Pemetaan Variant'!$A$5:$A$32,$B12,'Pemetaan Variant'!$G$5:$G$32))/AVERAGEIF('Pemetaan Variant'!$A$5:$A$32,$B12,'Pemetaan Variant'!$G$5:$G$32)*100,"n/a"),"n/a") -> 0 | BE12: =IFERROR(IF(ISNUMBER(BD12),$C12*BD12,"n/a"),"n/a") -> 0 | BF12: =IFERROR(AVERAGEIF('Pemetaan Variant'!$A$5:$A$32,$B12,'Pemetaan Variant'!$AD$5:$AD$32),"n/a") -> 12000 | BG12: =IFERROR(IF(ISNUMBER(BF12),(BF12-AVERAGEIF('Pemetaan Variant'!$A$5:$A$32,$B12,'Pemetaan Variant'!$G$5:$G$32))/AVERAGEIF('Pemetaan Variant'!$A$5:$A$32,$B12,'Pemetaan Variant'!$G$5:$G$32)*100,"n/a"),"n/a") -> 0 | BH12: =IFERROR(IF(ISNUMBER(BG12),$C12*BG12,"n/a"),"n/a") -> 0 | BI12: =IFERROR(AVERAGEIF('Pemetaan Variant'!$A$5:$A$32,$B12,'Pemetaan Variant'!$AE$5:$AE$32),"n/a") -> n/a | BJ12: =IFERROR(IF(ISNUMBER(BI12),(BI12-AVERAGEIF('Pemetaan Variant'!$A$5:$A$32,$B12,'Pemetaan Variant'!$H$5:$H$32))/AVERAGEIF('Pemetaan Variant'!$A$5:$A$32,$B12,'Pemetaan Variant'!$H$5:$H$32)*100,"n/a"),"n/a") -> n/a | BK12: =IFERROR(IF(ISNUMBER(BJ12),$C12*BJ12,"n/a"),"n/a") -> n/a | BL12: =IFERROR(AVERAGEIF('Pemetaan Variant'!$A$5:$A$32,$B12,'Pemetaan Variant'!$AF$5:$AF$32),"n/a") -> 12000 | BM12: =IFERROR(IF(ISNUMBER(BL12),(BL12-AVERAGEIF('Pemetaan Variant'!$A$5:$A$32,$B12,'Pemetaan Variant'!$H$5:$H$32))/AVERAGEIF('Pemetaan Variant'!$A$5:$A$32,$B12,'Pemetaan Variant'!$H$5:$H$32)*100,"n/a"),"n/a") -> 0 | BN12: =IFERROR(IF(ISNUMBER(BM12),$C12*BM12,"n/a"),"n/a") -> 0 | BO12: =IFERROR(AVERAGEIF('Pemetaan Variant'!$A$5:$A$32,$B12,'Pemetaan Variant'!$AG$5:$AG$32),"n/a") -> 12000 | BP12: =IFERROR(IF(ISNUMBER(BO12),(BO12-AVERAGEIF('Pemetaan Variant'!$A$5:$A$32,$B12,'Pemetaan Variant'!$H$5:$H$32))/AVERAGEIF('Pemetaan Variant'!$A$5:$A$32,$B12,'Pemetaan Variant'!$H$5:$H$32)*100,"n/a"),"n/a") -> 0 | BQ12: =IFERROR(IF(ISNUMBER(BP12),$C12*BP12,"n/a"),"n/a") -> 0 | BR12: =IFERROR(AVERAGEIF('Pemetaan Variant'!$A$5:$A$32,$B12,'Pemetaan Variant'!$AH$5:$AH$32),"n/a") -> 12000 | BS12: =IFERROR(IF(ISNUMBER(BR12),(BR12-AVERAGEIF('Pemetaan Variant'!$A$5:$A$32,$B12,'Pemetaan Variant'!$H$5:$H$32))/AVERAGEIF('Pemetaan Variant'!$A$5:$A$32,$B12,'Pemetaan Variant'!$H$5:$H$32)*100,"n/a"),"n/a") -> 0 | BT12: =IFERROR(IF(ISNUMBER(BS12),$C12*BS12,"n/a"),"n/a") -> 0 | BU12: =IFERROR(AVERAGEIF('Pemetaan Variant'!$A$5:$A$32,$B12,'Pemetaan Variant'!$AI$5:$AI$32),"n/a") -> 12000 | BV12: =IFERROR(IF(ISNUMBER(BU12),(BU12-AVERAGEIF('Pemetaan Variant'!$A$5:$A$32,$B12,'Pemetaan Variant'!$H$5:$H$32))/AVERAGEIF('Pemetaan Variant'!$A$5:$A$32,$B12,'Pemetaan Variant'!$H$5:$H$32)*100,"n/a"),"n/a") -> 0 | BW12: =IFERROR(IF(ISNUMBER(BV12),$C12*BV12,"n/a"),"n/a") -> 0 | BX12: =IFERROR(AVERAGEIF('Pemetaan Variant'!$A$5:$A$32,$B12,'Pemetaan Variant'!$AJ$5:$AJ$32),"n/a") -> 12000 | BY12: =IFERROR(IF(ISNUMBER(BX12),(BX12-AVERAGEIF('Pemetaan Variant'!$A$5:$A$32,$B12,'Pemetaan Variant'!$I$5:$I$32))/AVERAGEIF('Pemetaan Variant'!$A$5:$A$32,$B12,'Pemetaan Variant'!$I$5:$I$32)*100,"n/a"),"n/a") -> 0 | BZ12: =IFERROR(IF(ISNUMBER(BY12),$C12*BY12,"n/a"),"n/a") -> 0 | CA12: =IFERROR(AVERAGEIF('Pemetaan Variant'!$A$5:$A$32,$B12,'Pemetaan Variant'!$AK$5:$AK$32),"n/a") -> 12000 | CB12: =IFERROR(IF(ISNUMBER(CA12),(CA12-AVERAGEIF('Pemetaan Variant'!$A$5:$A$32,$B12,'Pemetaan Variant'!$I$5:$I$32))/AVERAGEIF('Pemetaan Variant'!$A$5:$A$32,$B12,'Pemetaan Variant'!$I$5:$I$32)*100,"n/a"),"n/a") -> 0 | CC12: =IFERROR(IF(ISNUMBER(CB12),$C12*CB12,"n/a"),"n/a") -> 0 | CD12: =IFERROR(AVERAGEIF('Pemetaan Variant'!$A$5:$A$32,$B12,'Pemetaan Variant'!$AL$5:$AL$32),"n/a") -> 12000 | CE12: =IFERROR(IF(ISNUMBER(CD12),(CD12-AVERAGEIF('Pemetaan Variant'!$A$5:$A$32,$B12,'Pemetaan Variant'!$I$5:$I$32))/AVERAGEIF('Pemetaan Variant'!$A$5:$A$32,$B12,'Pemetaan Variant'!$I$5:$I$32)*100,"n/a"),"n/a") -> 0 | CF12: =IFERROR(IF(ISNUMBER(CE12),$C12*CE12,"n/a"),"n/a") -> 0 | CG12: =IFERROR(AVERAGEIF('Pemetaan Variant'!$A$5:$A$32,$B12,'Pemetaan Variant'!$AM$5:$AM$32),"n/a") -> 12000 | CH12: =IFERROR(IF(ISNUMBER(CG12),(CG12-AVERAGEIF('Pemetaan Variant'!$A$5:$A$32,$B12,'Pemetaan Variant'!$I$5:$I$32))/AVERAGEIF('Pemetaan Variant'!$A$5:$A$32,$B12,'Pemetaan Variant'!$I$5:$I$32)*100,"n/a"),"n/a") -> 0 | CI12: =IFERROR(IF(ISNUMBER(CH12),$C12*CH12,"n/a"),"n/a") -> 0 | CJ12: =IFERROR(AVERAGEIF('Pemetaan Variant'!$A$5:$A$32,$B12,'Pemetaan Variant'!$AN$5:$AN$32),"n/a") -> 12000 | CK12: =IFERROR(IF(ISNUMBER(CJ12),(CJ12-AVERAGEIF('Pemetaan Variant'!$A$5:$A$32,$B12,'Pemetaan Variant'!$I$5:$I$32))/AVERAGEIF('Pemetaan Variant'!$A$5:$A$32,$B12,'Pemetaan Variant'!$I$5:$I$32)*100,"n/a"),"n/a") -> 0 | CL12: =IFERROR(IF(ISNUMBER(CK12),$C12*CK12,"n/a"),"n/a") -> 0 | CM12: =IFERROR(AVERAGEIF('Pemetaan Variant'!$A$5:$A$32,$B12,'Pemetaan Variant'!$AO$5:$AO$32),"n/a") -> 12000 | CN12: =IFERROR(IF(ISNUMBER(CM12),(CM12-AVERAGEIF('Pemetaan Variant'!$A$5:$A$32,$B12,'Pemetaan Variant'!$J$5:$J$32))/AVERAGEIF('Pemetaan Variant'!$A$5:$A$32,$B12,'Pemetaan Variant'!$J$5:$J$32)*100,"n/a"),"n/a") -> 0 | CO12: =IFERROR(IF(ISNUMBER(CN12),$C12*CN12,"n/a"),"n/a") -> 0 | CP12: =IFERROR(AVERAGEIF('Pemetaan Variant'!$A$5:$A$32,$B12,'Pemetaan Variant'!$AP$5:$AP$32),"n/a") -> 12000 | CQ12: =IFERROR(IF(ISNUMBER(CP12),(CP12-AVERAGEIF('Pemetaan Variant'!$A$5:$A$32,$B12,'Pemetaan Variant'!$J$5:$J$32))/AVERAGEIF('Pemetaan Variant'!$A$5:$A$32,$B12,'Pemetaan Variant'!$J$5:$J$32)*100,"n/a"),"n/a") -> 0 | CR12: =IFERROR(IF(ISNUMBER(CQ12),$C12*CQ12,"n/a"),"n/a") -> 0 | CS12: =IFERROR(AVERAGEIF('Pemetaan Variant'!$A$5:$A$32,$B12,'Pemetaan Variant'!$AQ$5:$AQ$32),"n/a") -> 12000 | CT12: =IFERROR(IF(ISNUMBER(CS12),(CS12-AVERAGEIF('Pemetaan Variant'!$A$5:$A$32,$B12,'Pemetaan Variant'!$J$5:$J$32))/AVERAGEIF('Pemetaan Variant'!$A$5:$A$32,$B12,'Pemetaan Variant'!$J$5:$J$32)*100,"n/a"),"n/a") -> 0 | CU12: =IFERROR(IF(ISNUMBER(CT12),$C12*CT12,"n/a"),"n/a") -> 0 | CV12: =IFERROR(AVERAGEIF('Pemetaan Variant'!$A$5:$A$32,$B12,'Pemetaan Variant'!$AR$5:$AR$32),"n/a") -> 12000 | CW12: =IFERROR(IF(ISNUMBER(CV12),(CV12-AVERAGEIF('Pemetaan Variant'!$A$5:$A$32,$B12,'Pemetaan Variant'!$J$5:$J$32))/AVERAGEIF('Pemetaan Variant'!$A$5:$A$32,$B12,'Pemetaan Variant'!$J$5:$J$32)*100,"n/a"),"n/a") -> 0 | CX12: =IFERROR(IF(ISNUMBER(CW12),$C12*CW12,"n/a"),"n/a") -> 0 | CY12: =IFERROR(AVERAGEIF('Pemetaan Variant'!$A$5:$A$32,$B12,'Pemetaan Variant'!$AS$5:$AS$32),"n/a") -> 12000 | CZ12: =IFERROR(IF(ISNUMBER(CY12),(CY12-AVERAGEIF('Pemetaan Variant'!$A$5:$A$32,$B12,'Pemetaan Variant'!$J$5:$J$32))/AVERAGEIF('Pemetaan Variant'!$A$5:$A$32,$B12,'Pemetaan Variant'!$J$5:$J$32)*100,"n/a"),"n/a") -> 0 | DA12: =IFERROR(IF(ISNUMBER(CZ12),$C12*CZ12,"n/a"),"n/a") -> 0 | DB12: =IFERROR(AVERAGEIF('Pemetaan Variant'!$A$5:$A$32,$B12,'Pemetaan Variant'!$AT$5:$AT$32),"n/a") -> 12000 | DC12: =IFERROR(IF(ISNUMBER(DB12),(DB12-AVERAGEIF('Pemetaan Variant'!$A$5:$A$32,$B12,'Pemetaan Variant'!$K$5:$K$32))/AVERAGEIF('Pemetaan Variant'!$A$5:$A$32,$B12,'Pemetaan Variant'!$K$5:$K$32)*100,"n/a"),"n/a") -> 0 | DD12: =IFERROR(IF(ISNUMBER(DC12),$C12*DC12,"n/a"),"n/a") -> 0 | DE12: =IFERROR(AVERAGEIF('Pemetaan Variant'!$A$5:$A$32,$B12,'Pemetaan Variant'!$AU$5:$AU$32),"n/a") -> 12000 | DF12: =IFERROR(IF(ISNUMBER(DE12),(DE12-AVERAGEIF('Pemetaan Variant'!$A$5:$A$32,$B12,'Pemetaan Variant'!$K$5:$K$32))/AVERAGEIF('Pemetaan Variant'!$A$5:$A$32,$B12,'Pemetaan Variant'!$K$5:$K$32)*100,"n/a"),"n/a") -> 0 | DG12: =IFERROR(IF(ISNUMBER(DF12),$C12*DF12,"n/a"),"n/a") -> 0 | DH12: =IFERROR(AVERAGEIF('Pemetaan Variant'!$A$5:$A$32,$B12,'Pemetaan Variant'!$AV$5:$AV$32),"n/a") -> 12000 | DI12: =IFERROR(IF(ISNUMBER(DH12),(DH12-AVERAGEIF('Pemetaan Variant'!$A$5:$A$32,$B12,'Pemetaan Variant'!$K$5:$K$32))/AVERAGEIF('Pemetaan Variant'!$A$5:$A$32,$B12,'Pemetaan Variant'!$K$5:$K$32)*100,"n/a"),"n/a") -> 0 | DJ12: =IFERROR(IF(ISNUMBER(DI12),$C12*DI12,"n/a"),"n/a") -> 0 | DK12: =IFERROR(AVERAGEIF('Pemetaan Variant'!$A$5:$A$32,$B12,'Pemetaan Variant'!$AW$5:$AW$32),"n/a") -> 12000 | DL12: =IFERROR(IF(ISNUMBER(DK12),(DK12-AVERAGEIF('Pemetaan Variant'!$A$5:$A$32,$B12,'Pemetaan Variant'!$K$5:$K$32))/AVERAGEIF('Pemetaan Variant'!$A$5:$A$32,$B12,'Pemetaan Variant'!$K$5:$K$32)*100,"n/a"),"n/a") -> 0 | DM12: =IFERROR(IF(ISNUMBER(DL12),$C12*DL12,"n/a"),"n/a") -> 0 | DN12: =IFERROR(AVERAGEIF('Pemetaan Variant'!$A$5:$A$32,$B12,'Pemetaan Variant'!$AZ$5:$AZ$32),"n/a") -> 12000 | DO12: =IFERROR(IF(ISNUMBER(DN12),(DN12-AVERAGEIF('Pemetaan Variant'!$A$5:$A$32,$B12,'Pemetaan Variant'!$AY$5:$AY$32))/AVERAGEIF('Pemetaan Variant'!$A$5:$A$32,$B12,'Pemetaan Variant'!$AY$5:$AY$32)*100,"n/a"),"n/a") -> 0 | DP12: =IFERROR(IF(ISNUMBER(DO12),$C12*DO12,"n/a"),"n/a") -> 0 | DQ12: =IFERROR(AVERAGEIF('Pemetaan Variant'!$A$5:$A$32,$B12,'Pemetaan Variant'!$BA$5:$BA$32),"n/a") -> n/a | DR12: =IFERROR(IF(ISNUMBER(DQ12),(DQ12-AVERAGEIF('Pemetaan Variant'!$A$5:$A$32,$B12,'Pemetaan Variant'!$AY$5:$AY$32))/AVERAGEIF('Pemetaan Variant'!$A$5:$A$32,$B12,'Pemetaan Variant'!$AY$5:$AY$32)*100,"n/a"),"n/a") -> n/a | DS12: =IFERROR(IF(ISNUMBER(DR12),$C12*DR12,"n/a"),"n/a") -> n/a | DT12: =IFERROR(AVERAGEIF('Pemetaan Variant'!$A$5:$A$32,$B12,'Pemetaan Variant'!$BB$5:$BB$32),"n/a") -> n/a | DU12: =IFERROR(IF(ISNUMBER(DT12),(DT12-AVERAGEIF('Pemetaan Variant'!$A$5:$A$32,$B12,'Pemetaan Variant'!$AY$5:$AY$32))/AVERAGEIF('Pemetaan Variant'!$A$5:$A$32,$B12,'Pemetaan Variant'!$AY$5:$AY$32)*100,"n/a"),"n/a") -> n/a | DV12: =IFERROR(IF(ISNUMBER(DU12),$C12*DU12,"n/a"),"n/a") -> n/a | DW12: =IFERROR(AVERAGEIF('Pemetaan Variant'!$A$5:$A$32,$B12,'Pemetaan Variant'!$BC$5:$BC$32),"n/a") -> n/a | DX12: =IFERROR(IF(ISNUMBER(DW12),(DW12-AVERAGEIF('Pemetaan Variant'!$A$5:$A$32,$B12,'Pemetaan Variant'!$AY$5:$AY$32))/AVERAGEIF('Pemetaan Variant'!$A$5:$A$32,$B12,'Pemetaan Variant'!$AY$5:$AY$32)*100,"n/a"),"n/a") -> n/a | DY12: =IFERROR(IF(ISNUMBER(DX12),$C12*DX12,"n/a"),"n/a") -> n/a | DZ12: =IFERROR(AVERAGEIF('Pemetaan Variant'!$A$5:$A$32,$B12,'Pemetaan Variant'!$BD$5:$BD$32),"n/a") -> n/a | EA12: =IFERROR(IF(ISNUMBER(DZ12),(DZ12-AVERAGEIF('Pemetaan Variant'!$A$5:$A$32,$B12,'Pemetaan Variant'!$AY$5:$AY$32))/AVERAGEIF('Pemetaan Variant'!$A$5:$A$32,$B12,'Pemetaan Variant'!$AY$5:$AY$32)*100,"n/a"),"n/a") -> n/a | EB12: =IFERROR(IF(ISNUMBER(EA12),$C12*EA12,"n/a"),"n/a") -> n/a | ED12: =IFERROR(ABS(F12),0) -> 0.136022 | EE12: =IFERROR(ABS(I12),0) -> 0.136022 | EF12: =IFERROR(ABS(L12),0) -> 0.136022 | EG12: =IFERROR(ABS(O12),0) -> 0.136022 | EH12: =IFERROR(ABS(R12),0) -> 0.136022 | EI12: =IFERROR(ABS(U12),0) -> 0.073884678 | EJ12: =IFERROR(ABS(X12),0) -> 0 | EK12: =IFERROR(ABS(AA12),0) -> 0.24628226 | EL12: =IFERROR(ABS(AD12),0) -> 0.22165403 | EM12: =IFERROR(ABS(AG12),0) -> 0.23903866 | EN12: =IFERROR(ABS(AJ12),0) -> 0.23903866 | EO12: =IFERROR(ABS(AM12),0) -> 0.23903866 | EP12: =IFERROR(ABS(AP12),0) -> 0.23903866 | EQ12: =IFERROR(ABS(AS12),0) -> 0.23903866 | ER12: =IFERROR(ABS(AV12),0) -> 0 | ES12: =IFERROR(ABS(AY12),0) -> 0 | ET12: =IFERROR(ABS(BB12),0) -> 0 | EU12: =IFERROR(ABS(BE12),0) -> 0 | EV12: =IFERROR(ABS(BH12),0) -> 0 | EW12: =IFERROR(ABS(BK12),0) -> 0 | EX12: =IFERROR(ABS(BN12),0) -> 0 | EY12: =IFERROR(ABS(BQ12),0) -> 0 | EZ12: =IFERROR(ABS(BT12),0) -> 0 | FA12: =IFERROR(ABS(BW12),0) -> 0 | FB12: =IFERROR(ABS(BZ12),0) -> 0 | FC12: =IFERROR(ABS(CC12),0) -> 0 | FD12: =IFERROR(ABS(CF12),0) -> 0 | FE12: =IFERROR(ABS(CI12),0) -> 0 | FF12: =IFERROR(ABS(CL12),0) -> 0 | FG12: =IFERROR(ABS(CO12),0) -> 0 | FH12: =IFERROR(ABS(CR12),0) -> 0 | FI12: =IFERROR(ABS(CU12),0) -> 0 | FJ12: =IFERROR(ABS(CX12),0) -> 0 | FK12: =IFERROR(ABS(DA12),0) -> 0 | FL12: =IFERROR(ABS(DD12),0) -> 0 | FM12: =IFERROR(ABS(DG12),0) -> 0 | FN12: =IFERROR(ABS(DJ12),0) -> 0 | FO12: =IFERROR(ABS(DM12),0) -> 0 | FP12: =IFERROR(ABS(#REF!),0) -> 0 | FQ12: =IFERROR(ABS(DP12),0) -> 0 | FR12: =IFERROR(ABS(DS12),0) -> 0 | FS12: =IFERROR(ABS(DV12),0) -> 0 | FT12: =IFERROR(ABS(DY12),0) -> 0 | FU12: =IFERROR(ABS(EB12),0) -> 0
A13: 8 | B13: cabai rawit 01173013 | C13: ='P0Q0 Dasar 2022'!F12 -> 0.017701732 | D13: =IFERROR(AVERAGEIF('Pemetaan Variant'!$A$5:$A$32,$B13,'Pemetaan Variant'!$L$5:$L$32),"n/a") -> 30000 | E13: =IFERROR(IF(ISNUMBER(D13),(D13-AVERAGEIF('Pemetaan Variant'!$A$5:$A$32,$B13,'Pemetaan Variant'!$D$5:$D$32))/AVERAGEIF('Pemetaan Variant'!$A$5:$A$32,$B13,'Pemetaan Variant'!$D$5:$D$32)*100,"n/a"),"n/a") -> 8.4337349 | F13: =IFERROR(IF(ISNUMBER(E13),$C13*E13,"n/a"),"n/a") -> 0.14929172 | G13: =IFERROR(AVERAGEIF('Pemetaan Variant'!$A$5:$A$32,$B13,'Pemetaan Variant'!$M$5:$M$32),"n/a") -> 30000 | H13: =IFERROR(IF(ISNUMBER(G13),(G13-AVERAGEIF('Pemetaan Variant'!$A$5:$A$32,$B13,'Pemetaan Variant'!$D$5:$D$32))/AVERAGEIF('Pemetaan Variant'!$A$5:$A$32,$B13,'Pemetaan Variant'!$D$5:$D$32)*100,"n/a"),"n/a") -> 8.4337349 | I13: =IFERROR(IF(ISNUMBER(H13),$C13*H13,"n/a"),"n/a") -> 0.14929172 | J13: =IFERROR(AVERAGEIF('Pemetaan Variant'!$A$5:$A$32,$B13,'Pemetaan Variant'!$N$5:$N$32),"n/a") -> 30000 | K13: =IFERROR(IF(ISNUMBER(J13),(J13-AVERAGEIF('Pemetaan Variant'!$A$5:$A$32,$B13,'Pemetaan Variant'!$D$5:$D$32))/AVERAGEIF('Pemetaan Variant'!$A$5:$A$32,$B13,'Pemetaan Variant'!$D$5:$D$32)*100,"n/a"),"n/a") -> 8.4337349 | L13: =IFERROR(IF(ISNUMBER(K13),$C13*K13,"n/a"),"n/a") -> 0.14929172 | M13: =IFERROR(AVERAGEIF('Pemetaan Variant'!$A$5:$A$32,$B13,'Pemetaan Variant'!$O$5:$O$32),"n/a") -> 30000 | N13: =IFERROR(IF(ISNUMBER(M13),(M13-AVERAGEIF('Pemetaan Variant'!$A$5:$A$32,$B13,'Pemetaan Variant'!$D$5:$D$32))/AVERAGEIF('Pemetaan Variant'!$A$5:$A$32,$B13,'Pemetaan Variant'!$D$5:$D$32)*100,"n/a"),"n/a") -> 8.4337349 | O13: =IFERROR(IF(ISNUMBER(N13),$C13*N13,"n/a"),"n/a") -> 0.14929172 | P13: =IFERROR(AVERAGEIF('Pemetaan Variant'!$A$5:$A$32,$B13,'Pemetaan Variant'!$P$5:$P$32),"n/a") -> 30000 | Q13: =IFERROR(IF(ISNUMBER(P13),(P13-AVERAGEIF('Pemetaan Variant'!$A$5:$A$32,$B13,'Pemetaan Variant'!$D$5:$D$32))/AVERAGEIF('Pemetaan Variant'!$A$5:$A$32,$B13,'Pemetaan Variant'!$D$5:$D$32)*100,"n/a"),"n/a") -> 8.4337349 | R13: =IFERROR(IF(ISNUMBER(Q13),$C13*Q13,"n/a"),"n/a") -> 0.14929172 | S13: =IFERROR(AVERAGEIF('Pemetaan Variant'!$A$5:$A$32,$B13,'Pemetaan Variant'!$Q$5:$Q$32),"n/a") -> 41800 | T13: =IFERROR(IF(ISNUMBER(S13),(S13-AVERAGEIF('Pemetaan Variant'!$A$5:$A$32,$B13,'Pemetaan Variant'!$E$5:$E$32))/AVERAGEIF('Pemetaan Variant'!$A$5:$A$32,$B13,'Pemetaan Variant'!$E$5:$E$32)*100,"n/a"),"n/a") -> 39.333333 | U13: =IFERROR(IF(ISNUMBER(T13),$C13*T13,"n/a"),"n/a") -> 0.69626814 | V13: =IFERROR(AVERAGEIF('Pemetaan Variant'!$A$5:$A$32,$B13,'Pemetaan Variant'!$R$5:$R$32),"n/a") -> 33200 | W13: =IFERROR(IF(ISNUMBER(V13),(V13-AVERAGEIF('Pemetaan Variant'!$A$5:$A$32,$B13,'Pemetaan Variant'!$E$5:$E$32))/AVERAGEIF('Pemetaan Variant'!$A$5:$A$32,$B13,'Pemetaan Variant'!$E$5:$E$32)*100,"n/a"),"n/a") -> 10.666667 | X13: =IFERROR(IF(ISNUMBER(W13),$C13*W13,"n/a"),"n/a") -> 0.18881848 | Y13: =IFERROR(AVERAGEIF('Pemetaan Variant'!$A$5:$A$32,$B13,'Pemetaan Variant'!$S$5:$S$32),"n/a") -> 71000 | Z13: =IFERROR(IF(ISNUMBER(Y13),(Y13-AVERAGEIF('Pemetaan Variant'!$A$5:$A$32,$B13,'Pemetaan Variant'!$E$5:$E$32))/AVERAGEIF('Pemetaan Variant'!$A$5:$A$32,$B13,'Pemetaan Variant'!$E$5:$E$32)*100,"n/a"),"n/a") -> 136.66667 | AA13: =IFERROR(IF(ISNUMBER(Z13),$C13*Z13,"n/a"),"n/a") -> 2.4192368 | AB13: =IFERROR(AVERAGEIF('Pemetaan Variant'!$A$5:$A$32,$B13,'Pemetaan Variant'!$T$5:$T$32),"n/a") -> 69000 | AC13: =IFERROR(IF(ISNUMBER(AB13),(AB13-AVERAGEIF('Pemetaan Variant'!$A$5:$A$32,$B13,'Pemetaan Variant'!$E$5:$E$32))/AVERAGEIF('Pemetaan Variant'!$A$5:$A$32,$B13,'Pemetaan Variant'!$E$5:$E$32)*100,"n/a"),"n/a") -> 130 | AD13: =IFERROR(IF(ISNUMBER(AC13),$C13*AC13,"n/a"),"n/a") -> 2.3012252 | AE13: =IFERROR(AVERAGEIF('Pemetaan Variant'!$A$5:$A$32,$B13,'Pemetaan Variant'!$U$5:$U$32),"n/a") -> 86000 | AF13: =IFERROR(IF(ISNUMBER(AE13),(AE13-AVERAGEIF('Pemetaan Variant'!$A$5:$A$32,$B13,'Pemetaan Variant'!$F$5:$F$32))/AVERAGEIF('Pemetaan Variant'!$A$5:$A$32,$B13,'Pemetaan Variant'!$F$5:$F$32)*100,"n/a"),"n/a") -> 65.916399 | AG13: =IFERROR(IF(ISNUMBER(AF13),$C13*AF13,"n/a"),"n/a") -> 1.1668344 | AH13: =IFERROR(AVERAGEIF('Pemetaan Variant'!$A$5:$A$32,$B13,'Pemetaan Variant'!$V$5:$V$32),"n/a") -> 84000 | AI13: =IFERROR(IF(ISNUMBER(AH13),(AH13-AVERAGEIF('Pemetaan Variant'!$A$5:$A$32,$B13,'Pemetaan Variant'!$F$5:$F$32))/AVERAGEIF('Pemetaan Variant'!$A$5:$A$32,$B13,'Pemetaan Variant'!$F$5:$F$32)*100,"n/a"),"n/a") -> 62.057878 | AJ13: =IFERROR(IF(ISNUMBER(AI13),$C13*AI13,"n/a"),"n/a") -> 1.0985319 | AK13: =IFERROR(AVERAGEIF('Pemetaan Variant'!$A$5:$A$32,$B13,'Pemetaan Variant'!$W$5:$W$32),"n/a") -> 85200 | AL13: =IFERROR(IF(ISNUMBER(AK13),(AK13-AVERAGEIF('Pemetaan Variant'!$A$5:$A$32,$B13,'Pemetaan Variant'!$F$5:$F$32))/AVERAGEIF('Pemetaan Variant'!$A$5:$A$32,$B13,'Pemetaan Variant'!$F$5:$F$32)*100,"n/a"),"n/a") -> 64.37299 | AM13: =IFERROR(IF(ISNUMBER(AL13),$C13*AL13,"n/a"),"n/a") -> 1.1395134 | AN13: =IFERROR(AVERAGEIF('Pemetaan Variant'!$A$5:$A$32,$B13,'Pemetaan Variant'!$X$5:$X$32),"n/a") -> 60000 | AO13: =IFERROR(IF(ISNUMBER(AN13),(AN13-AVERAGEIF('Pemetaan Variant'!$A$5:$A$32,$B13,'Pemetaan Variant'!$F$5:$F$32))/AVERAGEIF('Pemetaan Variant'!$A$5:$A$32,$B13,'Pemetaan Variant'!$F$5:$F$32)*100,"n/a"),"n/a") -> 15.755627 | AP13: =IFERROR(IF(ISNUMBER(AO13),$C13*AO13,"n/a"),"n/a") -> 0.27890189 | AQ13: =IFERROR(AVERAGEIF('Pemetaan Variant'!$A$5:$A$32,$B13,'Pemetaan Variant'!$Y$5:$Y$32),"n/a") -> 67000 | AR13: =IFERROR(IF(ISNUMBER(AQ13),(AQ13-AVERAGEIF('Pemetaan Variant'!$A$5:$A$32,$B13,'Pemetaan Variant'!$F$5:$F$32))/AVERAGEIF('Pemetaan Variant'!$A$5:$A$32,$B13,'Pemetaan Variant'!$F$5:$F$32)*100,"n/a"),"n/a") -> 29.26045 | AS13: =IFERROR(IF(ISNUMBER(AR13),$C13*AR13,"n/a"),"n/a") -> 0.51796066 | AT13: =IFERROR(AVERAGEIF('Pemetaan Variant'!$A$5:$A$32,$B13,'Pemetaan Variant'!$Z$5:$Z$32),"n/a") -> 67500 | AU13: =IFERROR(IF(ISNUMBER(AT13),(AT13-AVERAGEIF('Pemetaan Variant'!$A$5:$A$32,$B13,'Pemetaan Variant'!$G$5:$G$32))/AVERAGEIF('Pemetaan Variant'!$A$5:$A$32,$B13,'Pemetaan Variant'!$G$5:$G$32)*100,"n/a"),"n/a") -> -15.09434 | AV13: =IFERROR(IF(ISNUMBER(AU13),$C13*AU13,"n/a"),"n/a") -> -0.26719596 | AW13: =IFERROR(AVERAGEIF('Pemetaan Variant'!$A$5:$A$32,$B13,'Pemetaan Variant'!$AA$5:$AA$32),"n/a") -> 61200 | AX13: =IFERROR(IF(ISNUMBER(AW13),(AW13-AVERAGEIF('Pemetaan Variant'!$A$5:$A$32,$B13,'Pemetaan Variant'!$G$5:$G$32))/AVERAGEIF('Pemetaan Variant'!$A$5:$A$32,$B13,'Pemetaan Variant'!$G$5:$G$32)*100,"n/a"),"n/a") -> -23.018868 | AY13: =IFERROR(IF(ISNUMBER(AX13),$C13*AX13,"n/a"),"n/a") -> -0.40747384 | AZ13: =IFERROR(AVERAGEIF('Pemetaan Variant'!$A$5:$A$32,$B13,'Pemetaan Variant'!$AB$5:$AB$32),"n/a") -> 54000 | BA13: =IFERROR(IF(ISNUMBER(AZ13),(AZ13-AVERAGEIF('Pemetaan Variant'!$A$5:$A$32,$B13,'Pemetaan Variant'!$G$5:$G$32))/AVERAGEIF('Pemetaan Variant'!$A$5:$A$32,$B13,'Pemetaan Variant'!$G$5:$G$32)*100,"n/a"),"n/a") -> -32.075472 | BB13: =IFERROR(IF(ISNUMBER(BA13),$C13*BA13,"n/a"),"n/a") -> -0.56779142 | BC13: =IFERROR(AVERAGEIF('Pemetaan Variant'!$A$5:$A$32,$B13,'Pemetaan Variant'!$AC$5:$AC$32),"n/a") -> 49200 | BD13: =IFERROR(IF(ISNUMBER(BC13),(BC13-AVERAGEIF('Pemetaan Variant'!$A$5:$A$32,$B13,'Pemetaan Variant'!$G$5:$G$32))/AVERAGEIF('Pemetaan Variant'!$A$5:$A$32,$B13,'Pemetaan Variant'!$G$5:$G$32)*100,"n/a"),"n/a") -> -38.113208 | BE13: =IFERROR(IF(ISNUMBER(BD13),$C13*BD13,"n/a"),"n/a") -> -0.6746698 | BF13: =IFERROR(AVERAGEIF('Pemetaan Variant'!$A$5:$A$32,$B13,'Pemetaan Variant'!$AD$5:$AD$32),"n/a") -> 42500 | BG13: =IFERROR(IF(ISNUMBER(BF13),(BF13-AVERAGEIF('Pemetaan Variant'!$A$5:$A$32,$B13,'Pemetaan Variant'!$G$5:$G$32))/AVERAGEIF('Pemetaan Variant'!$A$5:$A$32,$B13,'Pemetaan Variant'!$G$5:$G$32)*100,"n/a"),"n/a") -> -46.540881 | BH13: =IFERROR(IF(ISNUMBER(BG13),$C13*BG13,"n/a"),"n/a") -> -0.82385421 | BI13: =IFERROR(AVERAGEIF('Pemetaan Variant'!$A$5:$A$32,$B13,'Pemetaan Variant'!$AE$5:$AE$32),"n/a") -> n/a | BJ13: =IFERROR(IF(ISNUMBER(BI13),(BI13-AVERAGEIF('Pemetaan Variant'!$A$5:$A$32,$B13,'Pemetaan Variant'!$H$5:$H$32))/AVERAGEIF('Pemetaan Variant'!$A$5:$A$32,$B13,'Pemetaan Variant'!$H$5:$H$32)*100,"n/a"),"n/a") -> n/a | BK13: =IFERROR(IF(ISNUMBER(BJ13),$C13*BJ13,"n/a"),"n/a") -> n/a | BL13: =IFERROR(AVERAGEIF('Pemetaan Variant'!$A$5:$A$32,$B13,'Pemetaan Variant'!$AF$5:$AF$32),"n/a") -> 65000 | BM13: =IFERROR(IF(ISNUMBER(BL13),(BL13-AVERAGEIF('Pemetaan Variant'!$A$5:$A$32,$B13,'Pemetaan Variant'!$H$5:$H$32))/AVERAGEIF('Pemetaan Variant'!$A$5:$A$32,$B13,'Pemetaan Variant'!$H$5:$H$32)*100,"n/a"),"n/a") -> 21.118012 | BN13: =IFERROR(IF(ISNUMBER(BM13),$C13*BM13,"n/a"),"n/a") -> 0.3738254 | BO13: =IFERROR(AVERAGEIF('Pemetaan Variant'!$A$5:$A$32,$B13,'Pemetaan Variant'!$AG$5:$AG$32),"n/a") -> 73333.333 | BP13: =IFERROR(IF(ISNUMBER(BO13),(BO13-AVERAGEIF('Pemetaan Variant'!$A$5:$A$32,$B13,'Pemetaan Variant'!$H$5:$H$32))/AVERAGEIF('Pemetaan Variant'!$A$5:$A$32,$B13,'Pemetaan Variant'!$H$5:$H$32)*100,"n/a"),"n/a") -> 36.645963 | BQ13: =IFERROR(IF(ISNUMBER(BP13),$C13*BP13,"n/a"),"n/a") -> 0.64869702 | BR13: =IFERROR(AVERAGEIF('Pemetaan Variant'!$A$5:$A$32,$B13,'Pemetaan Variant'!$AH$5:$AH$32),"n/a") -> 77600 | BS13: =IFERROR(IF(ISNUMBER(BR13),(BR13-AVERAGEIF('Pemetaan Variant'!$A$5:$A$32,$B13,'Pemetaan Variant'!$H$5:$H$32))/AVERAGEIF('Pemetaan Variant'!$A$5:$A$32,$B13,'Pemetaan Variant'!$H$5:$H$32)*100,"n/a"),"n/a") -> 44.596273 | BT13: =IFERROR(IF(ISNUMBER(BS13),$C13*BS13,"n/a"),"n/a") -> 0.78943129 | BU13: =IFERROR(AVERAGEIF('Pemetaan Variant'!$A$5:$A$32,$B13,'Pemetaan Variant'!$AI$5:$AI$32),"n/a") -> 72333.333 | BV13: =IFERROR(IF(ISNUMBER(BU13),(BU13-AVERAGEIF('Pemetaan Variant'!$A$5:$A$32,$B13,'Pemetaan Variant'!$H$5:$H$32))/AVERAGEIF('Pemetaan Variant'!$A$5:$A$32,$B13,'Pemetaan Variant'!$H$5:$H$32)*100,"n/a"),"n/a") -> 34.782609 | BW13: =IFERROR(IF(ISNUMBER(BV13),$C13*BV13,"n/a"),"n/a") -> 0.61571243 | BX13: =IFERROR(AVERAGEIF('Pemetaan Variant'!$A$5:$A$32,$B13,'Pemetaan Variant'!$AJ$5:$AJ$32),"n/a") -> 63750 | BY13: =IFERROR(IF(ISNUMBER(BX13),(BX13-AVERAGEIF('Pemetaan Variant'!$A$5:$A$32,$B13,'Pemetaan Variant'!$I$5:$I$32))/AVERAGEIF('Pemetaan Variant'!$A$5:$A$32,$B13,'Pemetaan Variant'!$I$5:$I$32)*100,"n/a"),"n/a") -> -11.304348 | BZ13: =IFERROR(IF(ISNUMBER(BY13),$C13*BY13,"n/a"),"n/a") -> -0.20010654 | CA13: =IFERROR(AVERAGEIF('Pemetaan Variant'!$A$5:$A$32,$B13,'Pemetaan Variant'!$AK$5:$AK$32),"n/a") -> 61600 | CB13: =IFERROR(IF(ISNUMBER(CA13),(CA13-AVERAGEIF('Pemetaan Variant'!$A$5:$A$32,$B13,'Pemetaan Variant'!$I$5:$I$32))/AVERAGEIF('Pemetaan Variant'!$A$5:$A$32,$B13,'Pemetaan Variant'!$I$5:$I$32)*100,"n/a"),"n/a") -> -14.295652 | CC13: =IFERROR(IF(ISNUMBER(CB13),$C13*CB13,"n/a"),"n/a") -> -0.25305781 | CD13: =IFERROR(AVERAGEIF('Pemetaan Variant'!$A$5:$A$32,$B13,'Pemetaan Variant'!$AL$5:$AL$32),"n/a") -> 57250 | CE13: =IFERROR(IF(ISNUMBER(CD13),(CD13-AVERAGEIF('Pemetaan Variant'!$A$5:$A$32,$B13,'Pemetaan Variant'!$I$5:$I$32))/AVERAGEIF('Pemetaan Variant'!$A$5:$A$32,$B13,'Pemetaan Variant'!$I$5:$I$32)*100,"n/a"),"n/a") -> -20.347826 | CF13: =IFERROR(IF(ISNUMBER(CE13),$C13*CE13,"n/a"),"n/a") -> -0.36019177 | CG13: =IFERROR(AVERAGEIF('Pemetaan Variant'!$A$5:$A$32,$B13,'Pemetaan Variant'!$AM$5:$AM$32),"n/a") -> 50000 | CH13: =IFERROR(IF(ISNUMBER(CG13),(CG13-AVERAGEIF('Pemetaan Variant'!$A$5:$A$32,$B13,'Pemetaan Variant'!$I$5:$I$32))/AVERAGEIF('Pemetaan Variant'!$A$5:$A$32,$B13,'Pemetaan Variant'!$I$5:$I$32)*100,"n/a"),"n/a") -> -30.434783 | CI13: =IFERROR(IF(ISNUMBER(CH13),$C13*CH13,"n/a"),"n/a") -> -0.53874838 | CJ13: =IFERROR(AVERAGEIF('Pemetaan Variant'!$A$5:$A$32,$B13,'Pemetaan Variant'!$AN$5:$AN$32),"n/a") -> 47500 | CK13: =IFERROR(IF(ISNUMBER(CJ13),(CJ13-AVERAGEIF('Pemetaan Variant'!$A$5:$A$32,$B13,'Pemetaan Variant'!$I$5:$I$32))/AVERAGEIF('Pemetaan Variant'!$A$5:$A$32,$B13,'Pemetaan Variant'!$I$5:$I$32)*100,"n/a"),"n/a") -> -33.913043 | CL13: =IFERROR(IF(ISNUMBER(CK13),$C13*CK13,"n/a"),"n/a") -> -0.60031962 | CM13: =IFERROR(AVERAGEIF('Pemetaan Variant'!$A$5:$A$32,$B13,'Pemetaan Variant'!$AO$5:$AO$32),"n/a") -> 45000 | CN13: =IFERROR(IF(ISNUMBER(CM13),(CM13-AVERAGEIF('Pemetaan Variant'!$A$5:$A$32,$B13,'Pemetaan Variant'!$J$5:$J$32))/AVERAGEIF('Pemetaan Variant'!$A$5:$A$32,$B13,'Pemetaan Variant'!$J$5:$J$32)*100,"n/a"),"n/a") -> -20.844327 | CO13: =IFERROR(IF(ISNUMBER(CN13),$C13*CN13,"n/a"),"n/a") -> -0.3689807 | CP13: =IFERROR(AVERAGEIF('Pemetaan Variant'!$A$5:$A$32,$B13,'Pemetaan Variant'!$AP$5:$AP$32),"n/a") -> 45000 | CQ13: =IFERROR(IF(ISNUMBER(CP13),(CP13-AVERAGEIF('Pemetaan Variant'!$A$5:$A$32,$B13,'Pemetaan Variant'!$J$5:$J$32))/AVERAGEIF('Pemetaan Variant'!$A$5:$A$32,$B13,'Pemetaan Variant'!$J$5:$J$32)*100,"n/a"),"n/a") -> -20.844327 | CR13: =IFERROR(IF(ISNUMBER(CQ13),$C13*CQ13,"n/a"),"n/a") -> -0.3689807 | CS13: =IFERROR(AVERAGEIF('Pemetaan Variant'!$A$5:$A$32,$B13,'Pemetaan Variant'!$AQ$5:$AQ$32),"n/a") -> 45000 | CT13: =IFERROR(IF(ISNUMBER(CS13),(CS13-AVERAGEIF('Pemetaan Variant'!$A$5:$A$32,$B13,'Pemetaan Variant'!$J$5:$J$32))/AVERAGEIF('Pemetaan Variant'!$A$5:$A$32,$B13,'Pemetaan Variant'!$J$5:$J$32)*100,"n/a"),"n/a") -> -20.844327 | CU13: =IFERROR(IF(ISNUMBER(CT13),$C13*CT13,"n/a"),"n/a") -> -0.3689807 | CV13: =IFERROR(AVERAGEIF('Pemetaan Variant'!$A$5:$A$32,$B13,'Pemetaan Variant'!$AR$5:$AR$32),"n/a") -> 44000 | CW13: =IFERROR(IF(ISNUMBER(CV13),(CV13-AVERAGEIF('Pemetaan Variant'!$A$5:$A$32,$B13,'Pemetaan Variant'!$J$5:$J$32))/AVERAGEIF('Pemetaan Variant'!$A$5:$A$32,$B13,'Pemetaan Variant'!$J$5:$J$32)*100,"n/a"),"n/a") -> -22.603342 | CX13: =IFERROR(IF(ISNUMBER(CW13),$C13*CW13,"n/a"),"n/a") -> -0.40011831 | CY13: =IFERROR(AVERAGEIF('Pemetaan Variant'!$A$5:$A$32,$B13,'Pemetaan Variant'!$AS$5:$AS$32),"n/a") -> 41200 | CZ13: =IFERROR(IF(ISNUMBER(CY13),(CY13-AVERAGEIF('Pemetaan Variant'!$A$5:$A$32,$B13,'Pemetaan Variant'!$J$5:$J$32))/AVERAGEIF('Pemetaan Variant'!$A$5:$A$32,$B13,'Pemetaan Variant'!$J$5:$J$32)*100,"n/a"),"n/a") -> -27.528584 | DA13: =IFERROR(IF(ISNUMBER(CZ13),$C13*CZ13,"n/a"),"n/a") -> -0.48730363 | DB13: =IFERROR(AVERAGEIF('Pemetaan Variant'!$A$5:$A$32,$B13,'Pemetaan Variant'!$AT$5:$AT$32),"n/a") -> 40400 | DC13: =IFERROR(IF(ISNUMBER(DB13),(DB13-AVERAGEIF('Pemetaan Variant'!$A$5:$A$32,$B13,'Pemetaan Variant'!$K$5:$K$32))/AVERAGEIF('Pemetaan Variant'!$A$5:$A$32,$B13,'Pemetaan Variant'!$K$5:$K$32)*100,"n/a"),"n/a") -> -8.090999 | DD13: =IFERROR(IF(ISNUMBER(DC13),$C13*DC13,"n/a"),"n/a") -> -0.1432247 | DE13: =IFERROR(AVERAGEIF('Pemetaan Variant'!$A$5:$A$32,$B13,'Pemetaan Variant'!$AU$5:$AU$32),"n/a") -> 40000 | DF13: =IFERROR(IF(ISNUMBER(DE13),(DE13-AVERAGEIF('Pemetaan Variant'!$A$5:$A$32,$B13,'Pemetaan Variant'!$K$5:$K$32))/AVERAGEIF('Pemetaan Variant'!$A$5:$A$32,$B13,'Pemetaan Variant'!$K$5:$K$32)*100,"n/a"),"n/a") -> -9.0009891 | DG13: =IFERROR(IF(ISNUMBER(DF13),$C13*DF13,"n/a"),"n/a") -> -0.1593331 | DH13: =IFERROR(AVERAGEIF('Pemetaan Variant'!$A$5:$A$32,$B13,'Pemetaan Variant'!$AV$5:$AV$32),"n/a") -> 41500 | DI13: =IFERROR(IF(ISNUMBER(DH13),(DH13-AVERAGEIF('Pemetaan Variant'!$A$5:$A$32,$B13,'Pemetaan Variant'!$K$5:$K$32))/AVERAGEIF('Pemetaan Variant'!$A$5:$A$32,$B13,'Pemetaan Variant'!$K$5:$K$32)*100,"n/a"),"n/a") -> -5.5885262 | DJ13: =IFERROR(IF(ISNUMBER(DI13),$C13*DI13,"n/a"),"n/a") -> -0.098926595 | DK13: =IFERROR(AVERAGEIF('Pemetaan Variant'!$A$5:$A$32,$B13,'Pemetaan Variant'!$AW$5:$AW$32),"n/a") -> 42750 | DL13: =IFERROR(IF(ISNUMBER(DK13),(DK13-AVERAGEIF('Pemetaan Variant'!$A$5:$A$32,$B13,'Pemetaan Variant'!$K$5:$K$32))/AVERAGEIF('Pemetaan Variant'!$A$5:$A$32,$B13,'Pemetaan Variant'!$K$5:$K$32)*100,"n/a"),"n/a") -> -2.7448071 | DM13: =IFERROR(IF(ISNUMBER(DL13),$C13*DL13,"n/a"),"n/a") -> -0.048587841 | DN13: =IFERROR(AVERAGEIF('Pemetaan Variant'!$A$5:$A$32,$B13,'Pemetaan Variant'!$AZ$5:$AZ$32),"n/a") -> 43000 | DO13: =IFERROR(IF(ISNUMBER(DN13),(DN13-AVERAGEIF('Pemetaan Variant'!$A$5:$A$32,$B13,'Pemetaan Variant'!$AY$5:$AY$32))/AVERAGEIF('Pemetaan Variant'!$A$5:$A$32,$B13,'Pemetaan Variant'!$AY$5:$AY$32)*100,"n/a"),"n/a") -> 4.7361299 | DP13: =IFERROR(IF(ISNUMBER(DO13),$C13*DO13,"n/a"),"n/a") -> 0.083837704 | DQ13: =IFERROR(AVERAGEIF('Pemetaan Variant'!$A$5:$A$32,$B13,'Pemetaan Variant'!$BA$5:$BA$32),"n/a") -> n/a | DR13: =IFERROR(IF(ISNUMBER(DQ13),(DQ13-AVERAGEIF('Pemetaan Variant'!$A$5:$A$32,$B13,'Pemetaan Variant'!$AY$5:$AY$32))/AVERAGEIF('Pemetaan Variant'!$A$5:$A$32,$B13,'Pemetaan Variant'!$AY$5:$AY$32)*100,"n/a"),"n/a") -> n/a | DS13: =IFERROR(IF(ISNUMBER(DR13),$C13*DR13,"n/a"),"n/a") -> n/a | DT13: =IFERROR(AVERAGEIF('Pemetaan Variant'!$A$5:$A$32,$B13,'Pemetaan Variant'!$BB$5:$BB$32),"n/a") -> n/a | DU13: =IFERROR(IF(ISNUMBER(DT13),(DT13-AVERAGEIF('Pemetaan Variant'!$A$5:$A$32,$B13,'Pemetaan Variant'!$AY$5:$AY$32))/AVERAGEIF('Pemetaan Variant'!$A$5:$A$32,$B13,'Pemetaan Variant'!$AY$5:$AY$32)*100,"n/a"),"n/a") -> n/a | DV13: =IFERROR(IF(ISNUMBER(DU13),$C13*DU13,"n/a"),"n/a") -> n/a | DW13: =IFERROR(AVERAGEIF('Pemetaan Variant'!$A$5:$A$32,$B13,'Pemetaan Variant'!$BC$5:$BC$32),"n/a") -> n/a | DX13: =IFERROR(IF(ISNUMBER(DW13),(DW13-AVERAGEIF('Pemetaan Variant'!$A$5:$A$32,$B13,'Pemetaan Variant'!$AY$5:$AY$32))/AVERAGEIF('Pemetaan Variant'!$A$5:$A$32,$B13,'Pemetaan Variant'!$AY$5:$AY$32)*100,"n/a"),"n/a") -> n/a | DY13: =IFERROR(IF(ISNUMBER(DX13),$C13*DX13,"n/a"),"n/a") -> n/a | DZ13: =IFERROR(AVERAGEIF('Pemetaan Variant'!$A$5:$A$32,$B13,'Pemetaan Variant'!$BD$5:$BD$32),"n/a") -> n/a | EA13: =IFERROR(IF(ISNUMBER(DZ13),(DZ13-AVERAGEIF('Pemetaan Variant'!$A$5:$A$32,$B13,'Pemetaan Variant'!$AY$5:$AY$32))/AVERAGEIF('Pemetaan Variant'!$A$5:$A$32,$B13,'Pemetaan Variant'!$AY$5:$AY$32)*100,"n/a"),"n/a") -> n/a | EB13: =IFERROR(IF(ISNUMBER(EA13),$C13*EA13,"n/a"),"n/a") -> n/a | ED13: =IFERROR(ABS(F13),0) -> 0.14929172 | EE13: =IFERROR(ABS(I13),0) -> 0.14929172 | EF13: =IFERROR(ABS(L13),0) -> 0.14929172 | EG13: =IFERROR(ABS(O13),0) -> 0.14929172 | EH13: =IFERROR(ABS(R13),0) -> 0.14929172 | EI13: =IFERROR(ABS(U13),0) -> 0.69626814 | EJ13: =IFERROR(ABS(X13),0) -> 0.18881848 | EK13: =IFERROR(ABS(AA13),0) -> 2.4192368 | EL13: =IFERROR(ABS(AD13),0) -> 2.3012252 | EM13: =IFERROR(ABS(AG13),0) -> 1.1668344 | EN13: =IFERROR(ABS(AJ13),0) -> 1.0985319 | EO13: =IFERROR(ABS(AM13),0) -> 1.1395134 | EP13: =IFERROR(ABS(AP13),0) -> 0.27890189 | EQ13: =IFERROR(ABS(AS13),0) -> 0.51796066 | ER13: =IFERROR(ABS(AV13),0) -> 0.26719596 | ES13: =IFERROR(ABS(AY13),0) -> 0.40747384 | ET13: =IFERROR(ABS(BB13),0) -> 0.56779142 | EU13: =IFERROR(ABS(BE13),0) -> 0.6746698 | EV13: =IFERROR(ABS(BH13),0) -> 0.82385421 | EW13: =IFERROR(ABS(BK13),0) -> 0 | EX13: =IFERROR(ABS(BN13),0) -> 0.3738254 | EY13: =IFERROR(ABS(BQ13),0) -> 0.64869702 | EZ13: =IFERROR(ABS(BT13),0) -> 0.78943129 | FA13: =IFERROR(ABS(BW13),0) -> 0.61571243 | FB13: =IFERROR(ABS(BZ13),0) -> 0.20010654 | FC13: =IFERROR(ABS(CC13),0) -> 0.25305781 | FD13: =IFERROR(ABS(CF13),0) -> 0.36019177 | FE13: =IFERROR(ABS(CI13),0) -> 0.53874838 | FF13: =IFERROR(ABS(CL13),0) -> 0.60031962 | FG13: =IFERROR(ABS(CO13),0) -> 0.3689807 | FH13: =IFERROR(ABS(CR13),0) -> 0.3689807 | FI13: =IFERROR(ABS(CU13),0) -> 0.3689807 | FJ13: =IFERROR(ABS(CX13),0) -> 0.40011831 | FK13: =IFERROR(ABS(DA13),0) -> 0.48730363 | FL13: =IFERROR(ABS(DD13),0) -> 0.1432247 | FM13: =IFERROR(ABS(DG13),0) -> 0.1593331 | FN13: =IFERROR(ABS(DJ13),0) -> 0.098926595 | FO13: =IFERROR(ABS(DM13),0) -> 0.048587841 | FP13: =IFERROR(ABS(#REF!),0) -> 0 | FQ13: =IFERROR(ABS(DP13),0) -> 0.083837704 | FR13: =IFERROR(ABS(DS13),0) -> 0 | FS13: =IFERROR(ABS(DV13),0) -> 0 | FT13: =IFERROR(ABS(DY13),0) -> 0 | FU13: =IFERROR(ABS(EB13),0) -> 0
A14: 9 | B14: telur ayam ras 01147002 | C14: ='P0Q0 Dasar 2022'!F13 -> 0.029877791 | D14: =IFERROR(AVERAGEIF('Pemetaan Variant'!$A$5:$A$32,$B14,'Pemetaan Variant'!$L$5:$L$32),"n/a") -> 25000 | E14: =IFERROR(IF(ISNUMBER(D14),(D14-AVERAGEIF('Pemetaan Variant'!$A$5:$A$32,$B14,'Pemetaan Variant'!$D$5:$D$32))/AVERAGEIF('Pemetaan Variant'!$A$5:$A$32,$B14,'Pemetaan Variant'!$D$5:$D$32)*100,"n/a"),"n/a") -> -0.19011407 | F14: =IFERROR(IF(ISNUMBER(E14),$C14*E14,"n/a"),"n/a") -> -0.0056801884 | G14: =IFERROR(AVERAGEIF('Pemetaan Variant'!$A$5:$A$32,$B14,'Pemetaan Variant'!$M$5:$M$32),"n/a") -> 25000 | H14: =IFERROR(IF(ISNUMBER(G14),(G14-AVERAGEIF('Pemetaan Variant'!$A$5:$A$32,$B14,'Pemetaan Variant'!$D$5:$D$32))/AVERAGEIF('Pemetaan Variant'!$A$5:$A$32,$B14,'Pemetaan Variant'!$D$5:$D$32)*100,"n/a"),"n/a") -> -0.19011407 | I14: =IFERROR(IF(ISNUMBER(H14),$C14*H14,"n/a"),"n/a") -> -0.0056801884 | J14: =IFERROR(AVERAGEIF('Pemetaan Variant'!$A$5:$A$32,$B14,'Pemetaan Variant'!$N$5:$N$32),"n/a") -> 25000 | K14: =IFERROR(IF(ISNUMBER(J14),(J14-AVERAGEIF('Pemetaan Variant'!$A$5:$A$32,$B14,'Pemetaan Variant'!$D$5:$D$32))/AVERAGEIF('Pemetaan Variant'!$A$5:$A$32,$B14,'Pemetaan Variant'!$D$5:$D$32)*100,"n/a"),"n/a") -> -0.19011407 | L14: =IFERROR(IF(ISNUMBER(K14),$C14*K14,"n/a"),"n/a") -> -0.0056801884 | M14: =IFERROR(AVERAGEIF('Pemetaan Variant'!$A$5:$A$32,$B14,'Pemetaan Variant'!$O$5:$O$32),"n/a") -> 25000 | N14: =IFERROR(IF(ISNUMBER(M14),(M14-AVERAGEIF('Pemetaan Variant'!$A$5:$A$32,$B14,'Pemetaan Variant'!$D$5:$D$32))/AVERAGEIF('Pemetaan Variant'!$A$5:$A$32,$B14,'Pemetaan Variant'!$D$5:$D$32)*100,"n/a"),"n/a") -> -0.19011407 | O14: =IFERROR(IF(ISNUMBER(N14),$C14*N14,"n/a"),"n/a") -> -0.0056801884 | P14: =IFERROR(AVERAGEIF('Pemetaan Variant'!$A$5:$A$32,$B14,'Pemetaan Variant'!$P$5:$P$32),"n/a") -> 25000 | Q14: =IFERROR(IF(ISNUMBER(P14),(P14-AVERAGEIF('Pemetaan Variant'!$A$5:$A$32,$B14,'Pemetaan Variant'!$D$5:$D$32))/AVERAGEIF('Pemetaan Variant'!$A$5:$A$32,$B14,'Pemetaan Variant'!$D$5:$D$32)*100,"n/a"),"n/a") -> -0.19011407 | R14: =IFERROR(IF(ISNUMBER(Q14),$C14*Q14,"n/a"),"n/a") -> -0.0056801884 | S14: =IFERROR(AVERAGEIF('Pemetaan Variant'!$A$5:$A$32,$B14,'Pemetaan Variant'!$Q$5:$Q$32),"n/a") -> 25600 | T14: =IFERROR(IF(ISNUMBER(S14),(S14-AVERAGEIF('Pemetaan Variant'!$A$5:$A$32,$B14,'Pemetaan Variant'!$E$5:$E$32))/AVERAGEIF('Pemetaan Variant'!$A$5:$A$32,$B14,'Pemetaan Variant'!$E$5:$E$32)*100,"n/a"),"n/a") -> 2.4 | U14: =IFERROR(IF(ISNUMBER(T14),$C14*T14,"n/a"),"n/a") -> 0.071706699 | V14: =IFERROR(AVERAGEIF('Pemetaan Variant'!$A$5:$A$32,$B14,'Pemetaan Variant'!$R$5:$R$32),"n/a") -> 25200 | W14: =IFERROR(IF(ISNUMBER(V14),(V14-AVERAGEIF('Pemetaan Variant'!$A$5:$A$32,$B14,'Pemetaan Variant'!$E$5:$E$32))/AVERAGEIF('Pemetaan Variant'!$A$5:$A$32,$B14,'Pemetaan Variant'!$E$5:$E$32)*100,"n/a"),"n/a") -> 0.8 | X14: =IFERROR(IF(ISNUMBER(W14),$C14*W14,"n/a"),"n/a") -> 0.023902233 | Y14: =IFERROR(AVERAGEIF('Pemetaan Variant'!$A$5:$A$32,$B14,'Pemetaan Variant'!$S$5:$S$32),"n/a") -> 27333.333 | Z14: =IFERROR(IF(ISNUMBER(Y14),(Y14-AVERAGEIF('Pemetaan Variant'!$A$5:$A$32,$B14,'Pemetaan Variant'!$E$5:$E$32))/AVERAGEIF('Pemetaan Variant'!$A$5:$A$32,$B14,'Pemetaan Variant'!$E$5:$E$32)*100,"n/a"),"n/a") -> 9.3333333 | AA14: =IFERROR(IF(ISNUMBER(Z14),$C14*Z14,"n/a"),"n/a") -> 0.27885938 | AB14: =IFERROR(AVERAGEIF('Pemetaan Variant'!$A$5:$A$32,$B14,'Pemetaan Variant'!$T$5:$T$32),"n/a") -> 27200 | AC14: =IFERROR(IF(ISNUMBER(AB14),(AB14-AVERAGEIF('Pemetaan Variant'!$A$5:$A$32,$B14,'Pemetaan Variant'!$E$5:$E$32))/AVERAGEIF('Pemetaan Variant'!$A$5:$A$32,$B14,'Pemetaan Variant'!$E$5:$E$32)*100,"n/a"),"n/a") -> 8.8 | AD14: =IFERROR(IF(ISNUMBER(AC14),$C14*AC14,"n/a"),"n/a") -> 0.26292456 | AE14: =IFERROR(AVERAGEIF('Pemetaan Variant'!$A$5:$A$32,$B14,'Pemetaan Variant'!$U$5:$U$32),"n/a") -> 28000 | AF14: =IFERROR(IF(ISNUMBER(AE14),(AE14-AVERAGEIF('Pemetaan Variant'!$A$5:$A$32,$B14,'Pemetaan Variant'!$F$5:$F$32))/AVERAGEIF('Pemetaan Variant'!$A$5:$A$32,$B14,'Pemetaan Variant'!$F$5:$F$32)*100,"n/a"),"n/a") -> 6.779661 | AG14: =IFERROR(IF(ISNUMBER(AF14),$C14*AF14,"n/a"),"n/a") -> 0.2025613 | AH14: =IFERROR(AVERAGEIF('Pemetaan Variant'!$A$5:$A$32,$B14,'Pemetaan Variant'!$V$5:$V$32),"n/a") -> 28100 | AI14: =IFERROR(IF(ISNUMBER(AH14),(AH14-AVERAGEIF('Pemetaan Variant'!$A$5:$A$32,$B14,'Pemetaan Variant'!$F$5:$F$32))/AVERAGEIF('Pemetaan Variant'!$A$5:$A$32,$B14,'Pemetaan Variant'!$F$5:$F$32)*100,"n/a"),"n/a") -> 7.1610169 | AJ14: =IFERROR(IF(ISNUMBER(AI14),$C14*AI14,"n/a"),"n/a") -> 0.21395537 | AK14: =IFERROR(AVERAGEIF('Pemetaan Variant'!$A$5:$A$32,$B14,'Pemetaan Variant'!$W$5:$W$32),"n/a") -> 28000 | AL14: =IFERROR(IF(ISNUMBER(AK14),(AK14-AVERAGEIF('Pemetaan Variant'!$A$5:$A$32,$B14,'Pemetaan Variant'!$F$5:$F$32))/AVERAGEIF('Pemetaan Variant'!$A$5:$A$32,$B14,'Pemetaan Variant'!$F$5:$F$32)*100,"n/a"),"n/a") -> 6.779661 | AM14: =IFERROR(IF(ISNUMBER(AL14),$C14*AL14,"n/a"),"n/a") -> 0.2025613 | AN14: =IFERROR(AVERAGEIF('Pemetaan Variant'!$A$5:$A$32,$B14,'Pemetaan Variant'!$X$5:$X$32),"n/a") -> 27833.333 | AO14: =IFERROR(IF(ISNUMBER(AN14),(AN14-AVERAGEIF('Pemetaan Variant'!$A$5:$A$32,$B14,'Pemetaan Variant'!$F$5:$F$32))/AVERAGEIF('Pemetaan Variant'!$A$5:$A$32,$B14,'Pemetaan Variant'!$F$5:$F$32)*100,"n/a"),"n/a") -> 6.1440678 | AP14: =IFERROR(IF(ISNUMBER(AO14),$C14*AO14,"n/a"),"n/a") -> 0.18357117 | AQ14: =IFERROR(AVERAGEIF('Pemetaan Variant'!$A$5:$A$32,$B14,'Pemetaan Variant'!$Y$5:$Y$32),"n/a") -> 27500 | AR14: =IFERROR(IF(ISNUMBER(AQ14),(AQ14-AVERAGEIF('Pemetaan Variant'!$A$5:$A$32,$B14,'Pemetaan Variant'!$F$5:$F$32))/AVERAGEIF('Pemetaan Variant'!$A$5:$A$32,$B14,'Pemetaan Variant'!$F$5:$F$32)*100,"n/a"),"n/a") -> 4.8728814 | AS14: =IFERROR(IF(ISNUMBER(AR14),$C14*AR14,"n/a"),"n/a") -> 0.14559093 | AT14: =IFERROR(AVERAGEIF('Pemetaan Variant'!$A$5:$A$32,$B14,'Pemetaan Variant'!$Z$5:$Z$32),"n/a") -> 26500 | AU14: =IFERROR(IF(ISNUMBER(AT14),(AT14-AVERAGEIF('Pemetaan Variant'!$A$5:$A$32,$B14,'Pemetaan Variant'!$G$5:$G$32))/AVERAGEIF('Pemetaan Variant'!$A$5:$A$32,$B14,'Pemetaan Variant'!$G$5:$G$32)*100,"n/a"),"n/a") -> -5.1878354 | AV14: =IFERROR(IF(ISNUMBER(AU14),$C14*AU14,"n/a"),"n/a") -> -0.15500106 | AW14: =IFERROR(AVERAGEIF('Pemetaan Variant'!$A$5:$A$32,$B14,'Pemetaan Variant'!$AA$5:$AA$32),"n/a") -> 25800 | AX14: =IFERROR(IF(ISNUMBER(AW14),(AW14-AVERAGEIF('Pemetaan Variant'!$A$5:$A$32,$B14,'Pemetaan Variant'!$G$5:$G$32))/AVERAGEIF('Pemetaan Variant'!$A$5:$A$32,$B14,'Pemetaan Variant'!$G$5:$G$32)*100,"n/a"),"n/a") -> -7.6923077 | AY14: =IFERROR(IF(ISNUMBER(AX14),$C14*AX14,"n/a"),"n/a") -> -0.22982916 | AZ14: =IFERROR(AVERAGEIF('Pemetaan Variant'!$A$5:$A$32,$B14,'Pemetaan Variant'!$AB$5:$AB$32),"n/a") -> 25900 | BA14: =IFERROR(IF(ISNUMBER(AZ14),(AZ14-AVERAGEIF('Pemetaan Variant'!$A$5:$A$32,$B14,'Pemetaan Variant'!$G$5:$G$32))/AVERAGEIF('Pemetaan Variant'!$A$5:$A$32,$B14,'Pemetaan Variant'!$G$5:$G$32)*100,"n/a"),"n/a") -> -7.3345259 | BB14: =IFERROR(IF(ISNUMBER(BA14),$C14*BA14,"n/a"),"n/a") -> -0.21913943 | BC14: =IFERROR(AVERAGEIF('Pemetaan Variant'!$A$5:$A$32,$B14,'Pemetaan Variant'!$AC$5:$AC$32),"n/a") -> 25600 | BD14: =IFERROR(IF(ISNUMBER(BC14),(BC14-AVERAGEIF('Pemetaan Variant'!$A$5:$A$32,$B14,'Pemetaan Variant'!$G$5:$G$32))/AVERAGEIF('Pemetaan Variant'!$A$5:$A$32,$B14,'Pemetaan Variant'!$G$5:$G$32)*100,"n/a"),"n/a") -> -8.4078712 | BE14: =IFERROR(IF(ISNUMBER(BD14),$C14*BD14,"n/a"),"n/a") -> -0.25120862 | BF14: =IFERROR(AVERAGEIF('Pemetaan Variant'!$A$5:$A$32,$B14,'Pemetaan Variant'!$AD$5:$AD$32),"n/a") -> 25000 | BG14: =IFERROR(IF(ISNUMBER(BF14),(BF14-AVERAGEIF('Pemetaan Variant'!$A$5:$A$32,$B14,'Pemetaan Variant'!$G$5:$G$32))/AVERAGEIF('Pemetaan Variant'!$A$5:$A$32,$B14,'Pemetaan Variant'!$G$5:$G$32)*100,"n/a"),"n/a") -> -10.554562 | BH14: =IFERROR(IF(ISNUMBER(BG14),$C14*BG14,"n/a"),"n/a") -> -0.31534699 | BI14: =IFERROR(AVERAGEIF('Pemetaan Variant'!$A$5:$A$32,$B14,'Pemetaan Variant'!$AE$5:$AE$32),"n/a") -> n/a | BJ14: =IFERROR(IF(ISNUMBER(BI14),(BI14-AVERAGEIF('Pemetaan Variant'!$A$5:$A$32,$B14,'Pemetaan Variant'!$H$5:$H$32))/AVERAGEIF('Pemetaan Variant'!$A$5:$A$32,$B14,'Pemetaan Variant'!$H$5:$H$32)*100,"n/a"),"n/a") -> n/a | BK14: =IFERROR(IF(ISNUMBER(BJ14),$C14*BJ14,"n/a"),"n/a") -> n/a | BL14: =IFERROR(AVERAGEIF('Pemetaan Variant'!$A$5:$A$32,$B14,'Pemetaan Variant'!$AF$5:$AF$32),"n/a") -> 25000 | BM14: =IFERROR(IF(ISNUMBER(BL14),(BL14-AVERAGEIF('Pemetaan Variant'!$A$5:$A$32,$B14,'Pemetaan Variant'!$H$5:$H$32))/AVERAGEIF('Pemetaan Variant'!$A$5:$A$32,$B14,'Pemetaan Variant'!$H$5:$H$32)*100,"n/a"),"n/a") -> -2.6876738 | BN14: =IFERROR(IF(ISNUMBER(BM14),$C14*BM14,"n/a"),"n/a") -> -0.080301755 | BO14: =IFERROR(AVERAGEIF('Pemetaan Variant'!$A$5:$A$32,$B14,'Pemetaan Variant'!$AG$5:$AG$32),"n/a") -> 24833.333 | BP14: =IFERROR(IF(ISNUMBER(BO14),(BO14-AVERAGEIF('Pemetaan Variant'!$A$5:$A$32,$B14,'Pemetaan Variant'!$H$5:$H$32))/AVERAGEIF('Pemetaan Variant'!$A$5:$A$32,$B14,'Pemetaan Variant'!$H$5:$H$32)*100,"n/a"),"n/a") -> -3.3364226 | BQ14: =IFERROR(IF(ISNUMBER(BP14),$C14*BP14,"n/a"),"n/a") -> -0.099684938 | BR14: =IFERROR(AVERAGEIF('Pemetaan Variant'!$A$5:$A$32,$B14,'Pemetaan Variant'!$AH$5:$AH$32),"n/a") -> 24000 | BS14: =IFERROR(IF(ISNUMBER(BR14),(BR14-AVERAGEIF('Pemetaan Variant'!$A$5:$A$32,$B14,'Pemetaan Variant'!$H$5:$H$32))/AVERAGEIF('Pemetaan Variant'!$A$5:$A$32,$B14,'Pemetaan Variant'!$H$5:$H$32)*100,"n/a"),"n/a") -> -6.5801668 | BT14: =IFERROR(IF(ISNUMBER(BS14),$C14*BS14,"n/a"),"n/a") -> -0.19660085 | BU14: =IFERROR(AVERAGEIF('Pemetaan Variant'!$A$5:$A$32,$B14,'Pemetaan Variant'!$AI$5:$AI$32),"n/a") -> 25000 | BV14: =IFERROR(IF(ISNUMBER(BU14),(BU14-AVERAGEIF('Pemetaan Variant'!$A$5:$A$32,$B14,'Pemetaan Variant'!$H$5:$H$32))/AVERAGEIF('Pemetaan Variant'!$A$5:$A$32,$B14,'Pemetaan Variant'!$H$5:$H$32)*100,"n/a"),"n/a") -> -2.6876738 | BW14: =IFERROR(IF(ISNUMBER(BV14),$C14*BV14,"n/a"),"n/a") -> -0.080301755 | BX14: =IFERROR(AVERAGEIF('Pemetaan Variant'!$A$5:$A$32,$B14,'Pemetaan Variant'!$AJ$5:$AJ$32),"n/a") -> 24000 | BY14: =IFERROR(IF(ISNUMBER(BX14),(BX14-AVERAGEIF('Pemetaan Variant'!$A$5:$A$32,$B14,'Pemetaan Variant'!$I$5:$I$32))/AVERAGEIF('Pemetaan Variant'!$A$5:$A$32,$B14,'Pemetaan Variant'!$I$5:$I$32)*100,"n/a"),"n/a") -> -2.661597 | BZ14: =IFERROR(IF(ISNUMBER(BY14),$C14*BY14,"n/a"),"n/a") -> -0.079522638 | CA14: =IFERROR(AVERAGEIF('Pemetaan Variant'!$A$5:$A$32,$B14,'Pemetaan Variant'!$AK$5:$AK$32),"n/a") -> 24200 | CB14: =IFERROR(IF(ISNUMBER(CA14),(CA14-AVERAGEIF('Pemetaan Variant'!$A$5:$A$32,$B14,'Pemetaan Variant'!$I$5:$I$32))/AVERAGEIF('Pemetaan Variant'!$A$5:$A$32,$B14,'Pemetaan Variant'!$I$5:$I$32)*100,"n/a"),"n/a") -> -1.8504436 | CC14: =IFERROR(IF(ISNUMBER(CB14),$C14*CB14,"n/a"),"n/a") -> -0.055287167 | CD14: =IFERROR(AVERAGEIF('Pemetaan Variant'!$A$5:$A$32,$B14,'Pemetaan Variant'!$AL$5:$AL$32),"n/a") -> 23875 | CE14: =IFERROR(IF(ISNUMBER(CD14),(CD14-AVERAGEIF('Pemetaan Variant'!$A$5:$A$32,$B14,'Pemetaan Variant'!$I$5:$I$32))/AVERAGEIF('Pemetaan Variant'!$A$5:$A$32,$B14,'Pemetaan Variant'!$I$5:$I$32)*100,"n/a"),"n/a") -> -3.1685678 | CF14: =IFERROR(IF(ISNUMBER(CE14),$C14*CE14,"n/a"),"n/a") -> -0.094669807 | CG14: =IFERROR(AVERAGEIF('Pemetaan Variant'!$A$5:$A$32,$B14,'Pemetaan Variant'!$AM$5:$AM$32),"n/a") -> 23000 | CH14: =IFERROR(IF(ISNUMBER(CG14),(CG14-AVERAGEIF('Pemetaan Variant'!$A$5:$A$32,$B14,'Pemetaan Variant'!$I$5:$I$32))/AVERAGEIF('Pemetaan Variant'!$A$5:$A$32,$B14,'Pemetaan Variant'!$I$5:$I$32)*100,"n/a"),"n/a") -> -6.7173638 | CI14: =IFERROR(IF(ISNUMBER(CH14),$C14*CH14,"n/a"),"n/a") -> -0.20069999 | CJ14: =IFERROR(AVERAGEIF('Pemetaan Variant'!$A$5:$A$32,$B14,'Pemetaan Variant'!$AN$5:$AN$32),"n/a") -> 23000 | CK14: =IFERROR(IF(ISNUMBER(CJ14),(CJ14-AVERAGEIF('Pemetaan Variant'!$A$5:$A$32,$B14,'Pemetaan Variant'!$I$5:$I$32))/AVERAGEIF('Pemetaan Variant'!$A$5:$A$32,$B14,'Pemetaan Variant'!$I$5:$I$32)*100,"n/a"),"n/a") -> -6.7173638 | CL14: =IFERROR(IF(ISNUMBER(CK14),$C14*CK14,"n/a"),"n/a") -> -0.20069999 | CM14: =IFERROR(AVERAGEIF('Pemetaan Variant'!$A$5:$A$32,$B14,'Pemetaan Variant'!$AO$5:$AO$32),"n/a") -> 23000 | CN14: =IFERROR(IF(ISNUMBER(CM14),(CM14-AVERAGEIF('Pemetaan Variant'!$A$5:$A$32,$B14,'Pemetaan Variant'!$J$5:$J$32))/AVERAGEIF('Pemetaan Variant'!$A$5:$A$32,$B14,'Pemetaan Variant'!$J$5:$J$32)*100,"n/a"),"n/a") -> -2.8511088 | CO14: =IFERROR(IF(ISNUMBER(CN14),$C14*CN14,"n/a"),"n/a") -> -0.085184832 | CP14: =IFERROR(AVERAGEIF('Pemetaan Variant'!$A$5:$A$32,$B14,'Pemetaan Variant'!$AP$5:$AP$32),"n/a") -> 22500 | CQ14: =IFERROR(IF(ISNUMBER(CP14),(CP14-AVERAGEIF('Pemetaan Variant'!$A$5:$A$32,$B14,'Pemetaan Variant'!$J$5:$J$32))/AVERAGEIF('Pemetaan Variant'!$A$5:$A$32,$B14,'Pemetaan Variant'!$J$5:$J$32)*100,"n/a"),"n/a") -> -4.9630412 | CR14: =IFERROR(IF(ISNUMBER(CQ14),$C14*CQ14,"n/a"),"n/a") -> -0.14828471 | CS14: =IFERROR(AVERAGEIF('Pemetaan Variant'!$A$5:$A$32,$B14,'Pemetaan Variant'!$AQ$5:$AQ$32),"n/a") -> 22500 | CT14: =IFERROR(IF(ISNUMBER(CS14),(CS14-AVERAGEIF('Pemetaan Variant'!$A$5:$A$32,$B14,'Pemetaan Variant'!$J$5:$J$32))/AVERAGEIF('Pemetaan Variant'!$A$5:$A$32,$B14,'Pemetaan Variant'!$J$5:$J$32)*100,"n/a"),"n/a") -> -4.9630412 | CU14: =IFERROR(IF(ISNUMBER(CT14),$C14*CT14,"n/a"),"n/a") -> -0.14828471 | CV14: =IFERROR(AVERAGEIF('Pemetaan Variant'!$A$5:$A$32,$B14,'Pemetaan Variant'!$AR$5:$AR$32),"n/a") -> 22800 | CW14: =IFERROR(IF(ISNUMBER(CV14),(CV14-AVERAGEIF('Pemetaan Variant'!$A$5:$A$32,$B14,'Pemetaan Variant'!$J$5:$J$32))/AVERAGEIF('Pemetaan Variant'!$A$5:$A$32,$B14,'Pemetaan Variant'!$J$5:$J$32)*100,"n/a"),"n/a") -> -3.6958817 | CX14: =IFERROR(IF(ISNUMBER(CW14),$C14*CW14,"n/a"),"n/a") -> -0.11042478 | CY14: =IFERROR(AVERAGEIF('Pemetaan Variant'!$A$5:$A$32,$B14,'Pemetaan Variant'!$AS$5:$AS$32),"n/a") -> 23100 | CZ14: =IFERROR(IF(ISNUMBER(CY14),(CY14-AVERAGEIF('Pemetaan Variant'!$A$5:$A$32,$B14,'Pemetaan Variant'!$J$5:$J$32))/AVERAGEIF('Pemetaan Variant'!$A$5:$A$32,$B14,'Pemetaan Variant'!$J$5:$J$32)*100,"n/a"),"n/a") -> -2.4287223 | DA14: =IFERROR(IF(ISNUMBER(CZ14),$C14*CZ14,"n/a"),"n/a") -> -0.072564857 | DB14: =IFERROR(AVERAGEIF('Pemetaan Variant'!$A$5:$A$32,$B14,'Pemetaan Variant'!$AT$5:$AT$32),"n/a") -> 22200 | DC14: =IFERROR(IF(ISNUMBER(DB14),(DB14-AVERAGEIF('Pemetaan Variant'!$A$5:$A$32,$B14,'Pemetaan Variant'!$K$5:$K$32))/AVERAGEIF('Pemetaan Variant'!$A$5:$A$32,$B14,'Pemetaan Variant'!$K$5:$K$32)*100,"n/a"),"n/a") -> -2.4641834 | DD14: =IFERROR(IF(ISNUMBER(DC14),$C14*DC14,"n/a"),"n/a") -> -0.073624356 | DE14: =IFERROR(AVERAGEIF('Pemetaan Variant'!$A$5:$A$32,$B14,'Pemetaan Variant'!$AU$5:$AU$32),"n/a") -> 22000 | DF14: =IFERROR(IF(ISNUMBER(DE14),(DE14-AVERAGEIF('Pemetaan Variant'!$A$5:$A$32,$B14,'Pemetaan Variant'!$K$5:$K$32))/AVERAGEIF('Pemetaan Variant'!$A$5:$A$32,$B14,'Pemetaan Variant'!$K$5:$K$32)*100,"n/a"),"n/a") -> -3.3428844 | DG14: =IFERROR(IF(ISNUMBER(DF14),$C14*DF14,"n/a"),"n/a") -> -0.099878003 | DH14: =IFERROR(AVERAGEIF('Pemetaan Variant'!$A$5:$A$32,$B14,'Pemetaan Variant'!$AV$5:$AV$32),"n/a") -> 22000 | DI14: =IFERROR(IF(ISNUMBER(DH14),(DH14-AVERAGEIF('Pemetaan Variant'!$A$5:$A$32,$B14,'Pemetaan Variant'!$K$5:$K$32))/AVERAGEIF('Pemetaan Variant'!$A$5:$A$32,$B14,'Pemetaan Variant'!$K$5:$K$32)*100,"n/a"),"n/a") -> -3.3428844 | DJ14: =IFERROR(IF(ISNUMBER(DI14),$C14*DI14,"n/a"),"n/a") -> -0.099878003 | DK14: =IFERROR(AVERAGEIF('Pemetaan Variant'!$A$5:$A$32,$B14,'Pemetaan Variant'!$AW$5:$AW$32),"n/a") -> 22750 | DL14: =IFERROR(IF(ISNUMBER(DK14),(DK14-AVERAGEIF('Pemetaan Variant'!$A$5:$A$32,$B14,'Pemetaan Variant'!$K$5:$K$32))/AVERAGEIF('Pemetaan Variant'!$A$5:$A$32,$B14,'Pemetaan Variant'!$K$5:$K$32)*100,"n/a"),"n/a") -> -0.047755492 | DM14: =IFERROR(IF(ISNUMBER(DL14),$C14*DL14,"n/a"),"n/a") -> -0.0014268286 | DN14: =IFERROR(AVERAGEIF('Pemetaan Variant'!$A$5:$A$32,$B14,'Pemetaan Variant'!$AZ$5:$AZ$32),"n/a") -> 23000 | DO14: =IFERROR(IF(ISNUMBER(DN14),(DN14-AVERAGEIF('Pemetaan Variant'!$A$5:$A$32,$B14,'Pemetaan Variant'!$AY$5:$AY$32))/AVERAGEIF('Pemetaan Variant'!$A$5:$A$32,$B14,'Pemetaan Variant'!$AY$5:$AY$32)*100,"n/a"),"n/a") -> 3.5 | DP14: =IFERROR(IF(ISNUMBER(DO14),$C14*DO14,"n/a"),"n/a") -> 0.10457227 | DQ14: =IFERROR(AVERAGEIF('Pemetaan Variant'!$A$5:$A$32,$B14,'Pemetaan Variant'!$BA$5:$BA$32),"n/a") -> n/a | DR14: =IFERROR(IF(ISNUMBER(DQ14),(DQ14-AVERAGEIF('Pemetaan Variant'!$A$5:$A$32,$B14,'Pemetaan Variant'!$AY$5:$AY$32))/AVERAGEIF('Pemetaan Variant'!$A$5:$A$32,$B14,'Pemetaan Variant'!$AY$5:$AY$32)*100,"n/a"),"n/a") -> n/a | DS14: =IFERROR(IF(ISNUMBER(DR14),$C14*DR14,"n/a"),"n/a") -> n/a | DT14: =IFERROR(AVERAGEIF('Pemetaan Variant'!$A$5:$A$32,$B14,'Pemetaan Variant'!$BB$5:$BB$32),"n/a") -> n/a | DU14: =IFERROR(IF(ISNUMBER(DT14),(DT14-AVERAGEIF('Pemetaan Variant'!$A$5:$A$32,$B14,'Pemetaan Variant'!$AY$5:$AY$32))/AVERAGEIF('Pemetaan Variant'!$A$5:$A$32,$B14,'Pemetaan Variant'!$AY$5:$AY$32)*100,"n/a"),"n/a") -> n/a | DV14: =IFERROR(IF(ISNUMBER(DU14),$C14*DU14,"n/a"),"n/a") -> n/a | DW14: =IFERROR(AVERAGEIF('Pemetaan Variant'!$A$5:$A$32,$B14,'Pemetaan Variant'!$BC$5:$BC$32),"n/a") -> n/a | DX14: =IFERROR(IF(ISNUMBER(DW14),(DW14-AVERAGEIF('Pemetaan Variant'!$A$5:$A$32,$B14,'Pemetaan Variant'!$AY$5:$AY$32))/AVERAGEIF('Pemetaan Variant'!$A$5:$A$32,$B14,'Pemetaan Variant'!$AY$5:$AY$32)*100,"n/a"),"n/a") -> n/a | DY14: =IFERROR(IF(ISNUMBER(DX14),$C14*DX14,"n/a"),"n/a") -> n/a | DZ14: =IFERROR(AVERAGEIF('Pemetaan Variant'!$A$5:$A$32,$B14,'Pemetaan Variant'!$BD$5:$BD$32),"n/a") -> n/a | EA14: =IFERROR(IF(ISNUMBER(DZ14),(DZ14-AVERAGEIF('Pemetaan Variant'!$A$5:$A$32,$B14,'Pemetaan Variant'!$AY$5:$AY$32))/AVERAGEIF('Pemetaan Variant'!$A$5:$A$32,$B14,'Pemetaan Variant'!$AY$5:$AY$32)*100,"n/a"),"n/a") -> n/a | EB14: =IFERROR(IF(ISNUMBER(EA14),$C14*EA14,"n/a"),"n/a") -> n/a | ED14: =IFERROR(ABS(F14),0) -> 0.0056801884 | EE14: =IFERROR(ABS(I14),0) -> 0.0056801884 | EF14: =IFERROR(ABS(L14),0) -> 0.0056801884 | EG14: =IFERROR(ABS(O14),0) -> 0.0056801884 | EH14: =IFERROR(ABS(R14),0) -> 0.0056801884 | EI14: =IFERROR(ABS(U14),0) -> 0.071706699 | EJ14: =IFERROR(ABS(X14),0) -> 0.023902233 | EK14: =IFERROR(ABS(AA14),0) -> 0.27885938 | EL14: =IFERROR(ABS(AD14),0) -> 0.26292456 | EM14: =IFERROR(ABS(AG14),0) -> 0.2025613 | EN14: =IFERROR(ABS(AJ14),0) -> 0.21395537 | EO14: =IFERROR(ABS(AM14),0) -> 0.2025613 | EP14: =IFERROR(ABS(AP14),0) -> 0.18357117 | EQ14: =IFERROR(ABS(AS14),0) -> 0.14559093 | ER14: =IFERROR(ABS(AV14),0) -> 0.15500106 | ES14: =IFERROR(ABS(AY14),0) -> 0.22982916 | ET14: =IFERROR(ABS(BB14),0) -> 0.21913943 | EU14: =IFERROR(ABS(BE14),0) -> 0.25120862 | EV14: =IFERROR(ABS(BH14),0) -> 0.31534699 | EW14: =IFERROR(ABS(BK14),0) -> 0 | EX14: =IFERROR(ABS(BN14),0) -> 0.080301755 | EY14: =IFERROR(ABS(BQ14),0) -> 0.099684938 | EZ14: =IFERROR(ABS(BT14),0) -> 0.19660085 | FA14: =IFERROR(ABS(BW14),0) -> 0.080301755 | FB14: =IFERROR(ABS(BZ14),0) -> 0.079522638 | FC14: =IFERROR(ABS(CC14),0) -> 0.055287167 | FD14: =IFERROR(ABS(CF14),0) -> 0.094669807 | FE14: =IFERROR(ABS(CI14),0) -> 0.20069999 | FF14: =IFERROR(ABS(CL14),0) -> 0.20069999 | FG14: =IFERROR(ABS(CO14),0) -> 0.085184832 | FH14: =IFERROR(ABS(CR14),0) -> 0.14828471 | FI14: =IFERROR(ABS(CU14),0) -> 0.14828471 | FJ14: =IFERROR(ABS(CX14),0) -> 0.11042478 | FK14: =IFERROR(ABS(DA14),0) -> 0.072564857 | FL14: =IFERROR(ABS(DD14),0) -> 0.073624356 | FM14: =IFERROR(ABS(DG14),0) -> 0.099878003 | FN14: =IFERROR(ABS(DJ14),0) -> 0.099878003 | FO14: =IFERROR(ABS(DM14),0) -> 0.0014268286 | FP14: =IFERROR(ABS(#REF!),0) -> 0 | FQ14: =IFERROR(ABS(DP14),0) -> 0.10457227 | FR14: =IFERROR(ABS(DS14),0) -> 0 | FS14: =IFERROR(ABS(DV14),0) -> 0 | FT14: =IFERROR(ABS(DY14),0) -> 0 | FU14: =IFERROR(ABS(EB14),0) -> 0
