Workbook

Sheet Ringkasan Mingguan 2026
A1: RINGKASAN GROWTH IPH MINGGUAN JANUARI - DESEMBER 2026 (Pasar Pon Jombang)
A3: No | B3: Bulan - Minggu | C3: Rentang Tanggal | D3: Growth IPH (%) | E3: Arah
A4: 1 | B4: Jan 2026 - M1 | C4: 2026-01-01 s/d 2026-01-03 | D4: ='Perhitungan IPH Mingguan 2026'!F26 -> 1.153014 | E4: =IF(ISNUMBER(D4),IF(D4>0,"Naik","Turun"),"-") -> Naik
A5: 2 | B5: Jan 2026 - M2 | C5: 2026-01-06 s/d 2026-01-10 | D5: ='Perhitungan IPH Mingguan 2026'!I26 -> 0.15142597 | E5: =IF(ISNUMBER(D5),IF(D5>0,"Naik","Turun"),"-") -> Naik
A6: 3 | B6: Jan 2026 - M3 | C6: 2026-01-13 s/d 2026-01-17 | D6: ='Perhitungan IPH Mingguan 2026'!L26 -> -0.25084793 | E6: =IF(ISNUMBER(D6),IF(D6>0,"Naik","Turun"),"-") -> Turun
A7: 4 | B7: Jan 2026 - M4 | C7: 2026-01-20 s/d 2026-01-24 | D7: ='Perhitungan IPH Mingguan 2026'!O26 -> -0.30159399 | E7: =IF(ISNUMBER(D7),IF(D7>0,"Naik","Turun"),"-") -> Turun
A8: 5 | B8: Jan 2026 - M5 | C8: 2026-01-27 s/d 2026-01-31 | D8: ='Perhitungan IPH Mingguan 2026'!R26 -> -0.10571837 | E8: =IF(ISNUMBER(D8),IF(D8>0,"Naik","Turun"),"-") -> Turun
A9: 6 | B9: Feb 2026 - M1 | C9: 2026-02-03 s/d 2026-02-07 | D9: ='Perhitungan IPH Mingguan 2026'!U26 -> -0.11346943 | E9: =IF(ISNUMBER(D9),IF(D9>0,"Naik","Turun"),"-") -> Turun
A10: 7 | B10: Feb 2026 - M2 | C10: 2026-02-10 s/d 2026-02-14 | D10: ='Perhitungan IPH Mingguan 2026'!X26 -> 0.25352495 | E10: =IF(ISNUMBER(D10),IF(D10>0,"Naik","Turun"),"-") -> Naik
A11: 8 | B11: Feb 2026 - M3 | C11: 2026-02-17 s/d 2026-02-21 | D11: ='Perhitungan IPH Mingguan 2026'!AA26 -> 0.56512699 | E11: =IF(ISNUMBER(D11),IF(D11>0,"Naik","Turun"),"-") -> Naik
A12: 9 | B12: Feb 2026 - M4 | C12: 2026-02-24 s/d 2026-02-28 | D12: ='Perhitungan IPH Mingguan 2026'!AD26 -> 0.66673852 | E12: =IF(ISNUMBER(D12),IF(D12>0,"Naik","Turun"),"-") -> Naik
A13: 10 | B13: Mar 2026 - M1 | C13: 2026-03-03 s/d 2026-03-07 | D13: ='Perhitungan IPH Mingguan 2026'!AG26 -> -0.19664309 | E13: =IF(ISNUMBER(D13),IF(D13>0,"Naik","Turun"),"-") -> Turun
A14: 11 | B14: Mar 2026 - M2 | C14: 2026-03-10 s/d 2026-03-14 | D14: ='Perhitungan IPH Mingguan 2026'!AJ26 -> -0.49580176 | E14: =IF(ISNUMBER(D14),IF(D14>0,"Naik","Turun"),"-") -> Turun
A15: 12 | B15: Mar 2026 - M3 | C15: 2026-03-17 s/d 2026-03-21 | D15: ='Perhitungan IPH Mingguan 2026'!AM26 -> -0.38663971 | E15: =IF(ISNUMBER(D15),IF(D15>0,"Naik","Turun"),"-") -> Turun
A16: 13 | B16: Mar 2026 - M4 | C16: 2026-03-24 s/d 2026-03-28 | D16: ='Perhitungan IPH Mingguan 2026'!AP26 -> -0.18705727 | E16: =IF(ISNUMBER(D16),IF(D16>0,"Naik","Turun"),"-") -> Turun
A17: 14 | B17: Mar 2026 - M5 | C17: 2026-03-31 s/d 2026-03-31 | D17: ='Perhitungan IPH Mingguan 2026'!AS26 -> Data tidak tersedia | E17: =IF(ISNUMBER(D17),IF(D17>0,"Naik","Turun"),"-") -> -
A18: 15 | B18: Apr 2026 - M1 | C18: 2026-04-01 s/d 2026-04-04 | D18: ='Perhitungan IPH Mingguan 2026'!AV26 -> Data tidak tersedia | E18: =IF(ISNUMBER(D18),IF(D18>0,"Naik","Turun"),"-") -> -
A19: 16 | B19: Apr 2026 - M2 | C19: 2026-04-07 s/d 2026-04-11 | D19: ='Perhitungan IPH Mingguan 2026'!AY26 -> 1.3979464 | E19: =IF(ISNUMBER(D19),IF(D19>0,"Naik","Turun"),"-") -> Naik
A20: 17 | B20: Apr 2026 - M3 | C20: 2026-04-14 s/d 2026-04-18 | D20: ='Perhitungan IPH Mingguan 2026'!BB26 -> 0.15108691 | E20: =IF(ISNUMBER(D20),IF(D20>0,"Naik","Turun"),"-") -> Naik
A21: 18 | B21: Apr 2026 - M4 | C21: 2026-04-21 s/d 2026-04-25 | D21: ='Perhitungan IPH Mingguan 2026'!BE26 -> -0.73894569 | E21: =IF(ISNUMBER(D21),IF(D21>0,"Naik","Turun"),"-") -> Turun
A22: 19 | B22: Apr 2026 - M5 | C22: 2026-04-28 s/d 2026-04-30 | D22: ='Perhitungan IPH Mingguan 2026'!BH26 -> -2.9422084 | E22: =IF(ISNUMBER(D22),IF(D22>0,"Naik","Turun"),"-") -> Turun
A23: 20 | B23: Mei 2026 - M1 | C23: 2026-05-01 s/d 2026-05-02 | D23: ='Perhitungan IPH Mingguan 2026'!BK26 -> -2.7846873 | E23: =IF(ISNUMBER(D23),IF(D23>0,"Naik","Turun"),"-") -> Turun
A24: 21 | B24: Mei 2026 - M2 | C24: 2026-05-05 s/d 2026-05-09 | D24: ='Perhitungan IPH Mingguan 2026'!BN26 -> -2.619292 | E24: =IF(ISNUMBER(D24),IF(D24>0,"Naik","Turun"),"-") -> Turun
A25: 22 | B25: Mei 2026 - M3 | C25: 2026-05-12 s/d 2026-05-16 | D25: ='Perhitungan IPH Mingguan 2026'!BQ26 -> -2.6757648 | E25: =IF(ISNUMBER(D25),IF(D25>0,"Naik","Turun"),"-") -> Turun
A26: 23 | B26: Mei 2026 - M4 | C26: 2026-05-19 s/d 2026-05-23 | D26: ='Perhitungan IPH Mingguan 2026'!BT26 -> -2.6305095 | E26: =IF(ISNUMBER(D26),IF(D26>0,"Naik","Turun"),"-") -> Turun
A27: 24 | B27: Mei 2026 - M5 | C27: 2026-05-26 s/d 2026-05-30 | D27: ='Perhitungan IPH Mingguan 2026'!BW26 -> -2.1536788 | E27: =IF(ISNUMBER(D27),IF(D27>0,"Naik","Turun"),"-") -> Turun
A28: 25 | B28: Jun 2026 - M1 | C28: 2026-06-02 s/d 2026-06-06 | D28: ='Perhitungan IPH Mingguan 2026'!BZ26 -> 2.1033152 | E28: =IF(ISNUMBER(D28),IF(D28>0,"Naik","Turun"),"-") -> Naik
A29: 26 | B29: Jun 2026 - M2 | C29: 2026-06-09 s/d 2026-06-13 | D29: ='Perhitungan IPH Mingguan 2026'!CC26 -> -0.06680902 | E29: =IF(ISNUMBER(D29),IF(D29>0,"Naik","Turun"),"-") -> Turun
A30: 27 | B30: Jun 2026 - M3 | C30: 2026-06-16 s/d 2026-06-20 | D30: ='Perhitungan IPH Mingguan 2026'!CF26 -> -2.6092598 | E30: =IF(ISNUMBER(D30),IF(D30>0,"Naik","Turun"),"-") -> Turun
A31: 28 | B31: Jun 2026 - M4 | C31: 2026-06-23 s/d 2026-06-27 | D31: ='Perhitungan IPH Mingguan 2026'!CI26 -> -2.1984712 | E31: =IF(ISNUMBER(D31),IF(D31>0,"Naik","Turun"),"-") -> Turun
A32: 29 | B32: Jul 2026 - M1 | C32: 2026-07-01 s/d 2026-07-04 | D32: ='Perhitungan IPH Mingguan 2026'!CL26 -> -0.41679672 | E32: =IF(ISNUMBER(D32),IF(D32>0,"Naik","Turun"),"-") -> Turun
A33: 30 | B33: Jul 2026 - M2 | C33: 2026-07-07 s/d 2026-07-11 | D33: ='Perhitungan IPH Mingguan 2026'!CO26 -> 1.4606367 | E33: =IF(ISNUMBER(D33),IF(D33>0,"Naik","Turun"),"-") -> Naik
A34: 31 | B34: Jul 2026 - M3 | C34: 2026-07-14 s/d 2026-07-18 | D34: ='Perhitungan IPH Mingguan 2026'!CR26 -> 1.0420114 | E34: =IF(ISNUMBER(D34),IF(D34>0,"Naik","Turun"),"-") -> Naik
A35: 32 | B35: Jul 2026 - M4 | C35: 2026-07-21 s/d 2026-07-25 | D35: ='Perhitungan IPH Mingguan 2026'!CU26 -> 2.1075933 | E35: =IF(ISNUMBER(D35),IF(D35>0,"Naik","Turun"),"-") -> Naik
A36: 33 | B36: Jul 2026 - M5 | C36: 2026-07-28 s/d 2026-07-31 | D36: ='Perhitungan IPH Mingguan 2026'!CX26 -> 1.6725606 | E36: =IF(ISNUMBER(D36),IF(D36>0,"Naik","Turun"),"-") -> Naik

Sheet Perhitungan IPH Mingguan 2026
A1: PERHITUNGAN IPH MINGGUAN JANUARI - DESEMBER 2025 (55 minggu) - PASAR PON JOMBANG
A2: Formula: Andil_i(Mt) = Bobot_i x [(P̄Mt,i - P̄bulan sebelumnya,i)/P̄bulan sebelumnya,i] x 100% ; Growth IPH(Mt) = Σ Andil_i(Mt). Acuan m-1 tiap minggu = rata-rata bulan kalender sebelumnya (mis. minggu2 Januari acuan = rata2 Desember 2024).
D4: Jan 2025 - M1 (01-03) | G4: Jan 2025 - M2 (06-10) | J4: Jan 2025 - M3 (13-17) | M4: Jan 2025 - M4 (20-24) | P4: Jan 2025 - M5 (27-31) | S4: Feb 2025 - M1 (03-07) | V4: Feb 2025 - M2 (10-14) | Y4: Feb 2025 - M3 (17-21) | AB4: Feb 2025 - M4 (24-28) | AE4: Mar 2025 - M1 (03-07) | AH4: Mar 2025 - M2 (10-14) | AK4: Mar 2025 - M3 (17-21) | AN4: Mar 2025 - M4 (24-28) | AQ4: Mar 2025 - M5 (31-31) | AT4: Apr 2025 - M1 (01-04) | AW4: Apr 2025 - M2 (07-11) | AZ4: Apr 2025 - M3 (14-18) | BC4: Apr 2025 - M4 (21-25) | BF4: Apr 2025 - M5 (28-30) | BI4: Mei 2025 - M1 (01-02) | BL4: Mei 2025 - M2 (05-09) | BO4: Mei 2025 - M3 (12-16) | BR4: Mei 2025 - M4 (19-23) | BU4: Mei 2025 - M5 (26-30) | BX4: Jun 2025 - M1 (02-06) | CA4: Jun 2025 - M2 (09-13) | CD4: Jun 2025 - M3 (16-20) | CG4: Jun 2025 - M4 (23-27) | CJ4: Jul 2025 - M1 (01-04) | CM4: Jul 2025 - M2 (07-11) | CP4: Jul 2025 - M3 (14-18) | CS4: Jul 2025 - M4 (21-25) | CV4: Jul 2025 - M5 (28-31) | CY4: Agu 2025 - M1 (04-08) | DB4: Agu 2025 - M2 (11-15) | DE4: Agu 2025 - M3 (18-22) | DH4: Agu 2025 - M4 (25-29) | DK4: Sep 2025 - M1 (01-05) | DN4: Sep 2025 - M2 (08-12) | DQ4: Sep 2025 - M3 (15-19) | DT4: Sep 2025 - M4 (22-26) | DW4: Okt 2025 - M1 (01-03) | DZ4: Okt 2025 - M2 (06-10) | EC4: Okt 2025 - M3 (13-17) | EF4: Okt 2025 - M4 (20-24) | EI4: Okt 2025 - M5 (27-31) | EL4: Nov 2025 - M1 (03-07) | EO4: Nov 2025 - M2 (10-14) | ER4: Nov 2025 - M3 (17-21) | EU4: Nov 2025 - M4 (24-28) | EX4: Des 2025 - M1 (01-05) | FA4: Des 2025 - M2 (08-12) | FD4: Des 2025 - M3 (15-19) | FG4: Des 2025 - M4 (22-26) | FJ4: Des 2025 - M5 (29-31)
A5: No | B5: Komoditas (standar IPH) | C5: Bobot (wi) | D5: P̄ | E5: Growth% | F5: Andil% | G5: P̄ | H5: Growth% | I5: Andil% | J5: P̄ | K5: Growth% | L5: Andil% | M5: P̄ | N5: Growth% | O5: Andil% | P5: P̄ | Q5: Growth% | R5: Andil% | S5: P̄ | T5: Growth% | U5: Andil% | V5: P̄ | W5: Growth% | X5: Andil% | Y5: P̄ | Z5: Growth% | AA5: Andil% | AB5: P̄ | AC5: Growth% | AD5: Andil% | AE5: P̄ | AF5: Growth% | AG5: Andil% | AH5: P̄ | AI5: Growth% | AJ5: Andil% | AK5: P̄ | AL5: Growth% | AM5: Andil% | AN5: P̄ | AO5: Growth% | AP5: Andil% | AQ5: P̄ | AR5: Growth% | AS5: Andil% | AT5: P̄ | AU5: Growth% | AV5: Andil% | AW5: P̄ | AX5: Growth% | AY5: Andil% | AZ5: P̄ | BA5: Growth% | BB5: Andil% | BC5: P̄ | BD5: Growth% | BE5: Andil% | BF5: P̄ | BG5: Growth% | BH5: Andil% | BI5: P̄ | BJ5: Growth% | BK5: Andil% | BL5: P̄ | BM5: Growth% | BN5: Andil% | BO5: P̄ | BP5: Growth% | BQ5: Andil% | BR5: P̄ | BS5: Growth% | BT5: Andil% | BU5: P̄ | BV5: Growth% | BW5: Andil% | BX5: P̄ | BY5: Growth% | BZ5: Andil% | CA5: P̄ | CB5: Growth% | CC5: Andil% | CD5: P̄ | CE5: Growth% | CF5: Andil% | CG5: P̄ | CH5: Growth% | CI5: Andil% | CJ5: P̄ | CK5: Growth% | CL5: Andil% | CM5: P̄ | CN5: Growth% | CO5: Andil% | CP5: P̄ | CQ5: Growth% | CR5: Andil% | CS5: P̄ | CT5: Growth% | CU5: Andil% | CV5: P̄ | CW5: Growth% | CX5: Andil% | CY5: P̄ | CZ5: Growth% | DA5: Andil% | DB5: P̄ | DC5: Growth% | DD5: Andil% | DE5: P̄ | DF5: Growth% | DG5: Andil% | DH5: P̄ | DI5: Growth% | DJ5: Andil% | DK5: P̄ | DL5: Growth% | DM5: Andil% | DN5: P̄ | DO5: Growth% | DP5: Andil% | DQ5: P̄ | DR5: Growth% | DS5: Andil% | DT5: P̄ | DU5: Growth% | DV5: Andil% | DW5: P̄ | DX5: Growth% | DY5: Andil% | DZ5: P̄ | EA5: Growth% | EB5: Andil% | EC5: P̄ | ED5: Growth% | EE5: Andil% | EF5: P̄ | EG5: Growth% | EH5: Andil% | EI5: P̄ | EJ5: Growth% | EK5: Andil% | EL5: P̄ | EM5: Growth% | EN5: Andil% | EO5: P̄ | EP5: Growth% | EQ5: Andil% | ER5: P̄ | ES5: Growth% | ET5: Andil% | EU5: P̄ | EV5: Growth% | EW5: Andil% | EX5: P̄ | EY5: Growth% | EZ5: Andil% | FA5: P̄ | FB5: Growth% | FC5: Andil% | FD5: P̄ | FE5: Growth% | FF5: Andil% | FG5: P̄ | FH5: Growth% | FI5: Andil% | FJ5: P̄ | FK5: Growth% | FL5: Andil% | FM5: Catatan Pemetaan | FO5: ABS[Jan 2025-M1] | FP5: ABS[Jan 2025-M2] | FQ5: ABS[Jan 2025-M3] | FR5: ABS[Jan 2025-M4] | FS5: ABS[Jan 2025-M5] | FT5: ABS[Feb 2025-M1] | FU5: ABS[Feb 2025-M2] | FV5: ABS[Feb 2025-M3] | FW5: ABS[Feb 2025-M4] | FX5: ABS[Mar 2025-M1] | FY5: ABS[Mar 2025-M2] | FZ5: ABS[Mar 2025-M3] | GA5: ABS[Mar 2025-M4] | GB5: ABS[Mar 2025-M5] | GC5: ABS[Apr 2025-M1] | GD5: ABS[Apr 2025-M2] | GE5: ABS[Apr 2025-M3] | GF5: ABS[Apr 2025-M4] | GG5: ABS[Apr 2025-M5] | GH5: ABS[Mei 2025-M1] | GI5: ABS[Mei 2025-M2] | GJ5: ABS[Mei 2025-M3] | GK5: ABS[Mei 2025-M4] | GL5: ABS[Mei 2025-M5] | GM5: ABS[Jun 2025-M1] | GN5: ABS[Jun 2025-M2] | GO5: ABS[Jun 2025-M3] | GP5: ABS[Jun 2025-M4] | GQ5: ABS[Jul 2025-M1] | GR5: ABS[Jul 2025-M2] | GS5: ABS[Jul 2025-M3] | GT5: ABS[Jul 2025-M4] | GU5: ABS[Jul 2025-M5] | GV5: ABS[Agu 2025-M1] | GW5: ABS[Agu 2025-M2] | GX5: ABS[Agu 2025-M3] | GY5: ABS[Agu 2025-M4] | GZ5: ABS[Sep 2025-M1] | HA5: ABS[Sep 2025-M2] | HB5: ABS[Sep 2025-M3] | HC5: ABS[Sep 2025-M4] | HD5: ABS[Okt 2025-M1] | HE5: ABS[Okt 2025-M2] | HF5: ABS[Okt 2025-M3] | HG5: ABS[Okt 2025-M4] | HH5: ABS[Okt 2025-M5] | HI5: ABS[Nov 2025-M1] | HJ5: ABS[Nov 2025-M2] | HK5: ABS[Nov 2025-M3] | HL5: ABS[Nov 2025-M4] | HM5: ABS[Des 2025-M1] | HN5: ABS[Des 2025-M2] | HO5: ABS[Des 2025-M3] | HP5: ABS[Des 2025-M4] | HQ5: ABS[Des 2025-M5]
A6: 1 | B6: beras 1111001 | C6: ='P0Q0 Dasar 2022'!F5 -> 0.12508906 | D6: =IFERROR(AVERAGEIF('Pemetaan Variant'!$A$5:$A$32,$B6,'Pemetaan Variant'!$P$5:$P$32),"n/a") -> 12500 | E6: =IFERROR(IF(ISNUMBER(D6),(D6-AVERAGEIF('Pemetaan Variant'!$A$5:$A$32,$B6,'Pemetaan Variant'!$D$5:$D$32))/AVERAGEIF('Pemetaan Variant'!$A$5:$A$32,$B6,'Pemetaan Variant'!$D$5:$D$32)*100,"n/a"),"n/a") -> 0 | F6: =IFERROR(IF(ISNUMBER(E6),$C6*E6,"n/a"),"n/a") -> 0 | G6: =IFERROR(AVERAGEIF('Pemetaan Variant'!$A$5:$A$32,$B6,'Pemetaan Variant'!$Q$5:$Q$32),"n/a") -> 12500 | H6: =IFERROR(IF(ISNUMBER(G6),(G6-AVERAGEIF('Pemetaan Variant'!$A$5:$A$32,$B6,'Pemetaan Variant'!$D$5:$D$32))/AVERAGEIF('Pemetaan Variant'!$A$5:$A$32,$B6,'Pemetaan Variant'!$D$5:$D$32)*100,"n/a"),"n/a") -> 0 | I6: =IFERROR(IF(ISNUMBER(H6),$C6*H6,"n/a"),"n/a") -> 0 | J6: =IFERROR(AVERAGEIF('Pemetaan Variant'!$A$5:$A$32,$B6,'Pemetaan Variant'!$R$5:$R$32),"n/a") -> 12500 | K6: =IFERROR(IF(ISNUMBER(J6),(J6-AVERAGEIF('Pemetaan Variant'!$A$5:$A$32,$B6,'Pemetaan Variant'!$D$5:$D$32))/AVERAGEIF('Pemetaan Variant'!$A$5:$A$32,$B6,'Pemetaan Variant'!$D$5:$D$32)*100,"n/a"),"n/a") -> 0 | L6: =IFERROR(IF(ISNUMBER(K6),$C6*K6,"n/a"),"n/a") -> 0 | M6: =IFERROR(AVERAGEIF('Pemetaan Variant'!$A$5:$A$32,$B6,'Pemetaan Variant'!$S$5:$S$32),"n/a") -> 12500 | N6: =IFERROR(IF(ISNUMBER(M6),(M6-AVERAGEIF('Pemetaan Variant'!$A$5:$A$32,$B6,'Pemetaan Variant'!$D$5:$D$32))/AVERAGEIF('Pemetaan Variant'!$A$5:$A$32,$B6,'Pemetaan Variant'!$D$5:$D$32)*100,"n/a"),"n/a") -> 0 | O6: =IFERROR(IF(ISNUMBER(N6),$C6*N6,"n/a"),"n/a") -> 0 | P6: =IFERROR(AVERAGEIF('Pemetaan Variant'!$A$5:$A$32,$B6,'Pemetaan Variant'!$T$5:$T$32),"n/a") -> 12500 | Q6: =IFERROR(IF(ISNUMBER(P6),(P6-AVERAGEIF('Pemetaan Variant'!$A$5:$A$32,$B6,'Pemetaan Variant'!$D$5:$D$32))/AVERAGEIF('Pemetaan Variant'!$A$5:$A$32,$B6,'Pemetaan Variant'!$D$5:$D$32)*100,"n/a"),"n/a") -> 0 | R6: =IFERROR(IF(ISNUMBER(Q6),$C6*Q6,"n/a"),"n/a") -> 0 | S6: =IFERROR(AVERAGEIF('Pemetaan Variant'!$A$5:$A$32,$B6,'Pemetaan Variant'!$U$5:$U$32),"n/a") -> 12500 | T6: =IFERROR(IF(ISNUMBER(S6),(S6-AVERAGEIF('Pemetaan Variant'!$A$5:$A$32,$B6,'Pemetaan Variant'!$E$5:$E$32))/AVERAGEIF('Pemetaan Variant'!$A$5:$A$32,$B6,'Pemetaan Variant'!$E$5:$E$32)*100,"n/a"),"n/a") -> 0 | U6: =IFERROR(IF(ISNUMBER(T6),$C6*T6,"n/a"),"n/a") -> 0 | V6: =IFERROR(AVERAGEIF('Pemetaan Variant'!$A$5:$A$32,$B6,'Pemetaan Variant'!$V$5:$V$32),"n/a") -> 12500 | W6: =IFERROR(IF(ISNUMBER(V6),(V6-AVERAGEIF('Pemetaan Variant'!$A$5:$A$32,$B6,'Pemetaan Variant'!$E$5:$E$32))/AVERAGEIF('Pemetaan Variant'!$A$5:$A$32,$B6,'Pemetaan Variant'!$E$5:$E$32)*100,"n/a"),"n/a") -> 0 | X6: =IFERROR(IF(ISNUMBER(W6),$C6*W6,"n/a"),"n/a") -> 0 | Y6: =IFERROR(AVERAGEIF('Pemetaan Variant'!$A$5:$A$32,$B6,'Pemetaan Variant'!$W$5:$W$32),"n/a") -> 12500 | Z6: =IFERROR(IF(ISNUMBER(Y6),(Y6-AVERAGEIF('Pemetaan Variant'!$A$5:$A$32,$B6,'Pemetaan Variant'!$E$5:$E$32))/AVERAGEIF('Pemetaan Variant'!$A$5:$A$32,$B6,'Pemetaan Variant'!$E$5:$E$32)*100,"n/a"),"n/a") -> 0 | AA6: =IFERROR(IF(ISNUMBER(Z6),$C6*Z6,"n/a"),"n/a") -> 0 | AB6: =IFERROR(AVERAGEIF('Pemetaan Variant'!$A$5:$A$32,$B6,'Pemetaan Variant'!$X$5:$X$32),"n/a") -> 12500 | AC6: =IFERROR(IF(ISNUMBER(AB6),(AB6-AVERAGEIF('Pemetaan Variant'!$A$5:$A$32,$B6,'Pemetaan Variant'!$E$5:$E$32))/AVERAGEIF('Pemetaan Variant'!$A$5:$A$32,$B6,'Pemetaan Variant'!$E$5:$E$32)*100,"n/a"),"n/a") -> 0 | AD6: =IFERROR(IF(ISNUMBER(AC6),$C6*AC6,"n/a"),"n/a") -> 0 | AE6: =IFERROR(AVERAGEIF('Pemetaan Variant'!$A$5:$A$32,$B6,'Pemetaan Variant'!$Y$5:$Y$32),"n/a") -> 12500 | AF6: =IFERROR(IF(ISNUMBER(AE6),(AE6-AVERAGEIF('Pemetaan Variant'!$A$5:$A$32,$B6,'Pemetaan Variant'!$F$5:$F$32))/AVERAGEIF('Pemetaan Variant'!$A$5:$A$32,$B6,'Pemetaan Variant'!$F$5:$F$32)*100,"n/a"),"n/a") -> 0 | AG6: =IFERROR(IF(ISNUMBER(AF6),$C6*AF6,"n/a"),"n/a") -> 0 | AH6: =IFERROR(AVERAGEIF('Pemetaan Variant'!$A$5:$A$32,$B6,'Pemetaan Variant'!$Z$5:$Z$32),"n/a") -> 12500 | AI6: =IFERROR(IF(ISNUMBER(AH6),(AH6-AVERAGEIF('Pemetaan Variant'!$A$5:$A$32,$B6,'Pemetaan Variant'!$F$5:$F$32))/AVERAGEIF('Pemetaan Variant'!$A$5:$A$32,$B6,'Pemetaan Variant'!$F$5:$F$32)*100,"n/a"),"n/a") -> 0 | AJ6: =IFERROR(IF(ISNUMBER(AI6),$C6*AI6,"n/a"),"n/a") -> 0 | AK6: =IFERROR(AVERAGEIF('Pemetaan Variant'!$A$5:$A$32,$B6,'Pemetaan Variant'!$AA$5:$AA$32),"n/a") -> 12500 | AL6: =IFERROR(IF(ISNUMBER(AK6),(AK6-AVERAGEIF('Pemetaan Variant'!$A$5:$A$32,$B6,'Pemetaan Variant'!$F$5:$F$32))/AVERAGEIF('Pemetaan Variant'!$A$5:$A$32,$B6,'Pemetaan Variant'!$F$5:$F$32)*100,"n/a"),"n/a") -> 0 | AM6: =IFERROR(IF(ISNUMBER(AL6),$C6*AL6,"n/a"),"n/a") -> 0 | AN6: =IFERROR(AVERAGEIF('Pemetaan Variant'!$A$5:$A$32,$B6,'Pemetaan Variant'!$AB$5:$AB$32),"n/a") -> 12500 | AO6: =IFERROR(IF(ISNUMBER(AN6),(AN6-AVERAGEIF('Pemetaan Variant'!$A$5:$A$32,$B6,'Pemetaan Variant'!$F$5:$F$32))/AVERAGEIF('Pemetaan Variant'!$A$5:$A$32,$B6,'Pemetaan Variant'!$F$5:$F$32)*100,"n/a"),"n/a") -> 0 | AP6: =IFERROR(IF(ISNUMBER(AO6),$C6*AO6,"n/a"),"n/a") -> 0 | AQ6: =IFERROR(AVERAGEIF('Pemetaan Variant'!$A$5:$A$32,$B6,'Pemetaan Variant'!$AC$5:$AC$32),"n/a") -> n/a | AR6: =IFERROR(IF(ISNUMBER(AQ6),(AQ6-AVERAGEIF('Pemetaan Variant'!$A$5:$A$32,$B6,'Pemetaan Variant'!$F$5:$F$32))/AVERAGEIF('Pemetaan Variant'!$A$5:$A$32,$B6,'Pemetaan Variant'!$F$5:$F$32)*100,"n/a"),"n/a") -> n/a | AS6: =IFERROR(IF(ISNUMBER(AR6),$C6*AR6,"n/a"),"n/a") -> n/a | AT6: =IFERROR(AVERAGEIF('Pemetaan Variant'!$A$5:$A$32,$B6,'Pemetaan Variant'!$AD$5:$AD$32),"n/a") -> n/a | AU6: =IFERROR(IF(ISNUMBER(AT6),(AT6-AVERAGEIF('Pemetaan Variant'!$A$5:$A$32,$B6,'Pemetaan Variant'!$G$5:$G$32))/AVERAGEIF('Pemetaan Variant'!$A$5:$A$32,$B6,'Pemetaan Variant'!$G$5:$G$32)*100,"n/a"),"n/a") -> n/a | AV6: =IFERROR(IF(ISNUMBER(AU6),$C6*AU6,"n/a"),"n/a") -> n/a | AW6: =IFERROR(AVERAGEIF('Pemetaan Variant'!$A$5:$A$32,$B6,'Pemetaan Variant'!$AE$5:$AE$32),"n/a") -> 12500 | AX6: =IFERROR(IF(ISNUMBER(AW6),(AW6-AVERAGEIF('Pemetaan Variant'!$A$5:$A$32,$B6,'Pemetaan Variant'!$G$5:$G$32))/AVERAGEIF('Pemetaan Variant'!$A$5:$A$32,$B6,'Pemetaan Variant'!$G$5:$G$32)*100,"n/a"),"n/a") -> 0 | AY6: =IFERROR(IF(ISNUMBER(AX6),$C6*AX6,"n/a"),"n/a") -> 0 | AZ6: =IFERROR(AVERAGEIF('Pemetaan Variant'!$A$5:$A$32,$B6,'Pemetaan Variant'!$AF$5:$AF$32),"n/a") -> 12500 | BA6: =IFERROR(IF(ISNUMBER(AZ6),(AZ6-AVERAGEIF('Pemetaan Variant'!$A$5:$A$32,$B6,'Pemetaan Variant'!$G$5:$G$32))/AVERAGEIF('Pemetaan Variant'!$A$5:$A$32,$B6,'Pemetaan Variant'!$G$5:$G$32)*100,"n/a"),"n/a") -> 0 | BB6: =IFERROR(IF(ISNUMBER(BA6),$C6*BA6,"n/a"),"n/a") -> 0 | BC6: =IFERROR(AVERAGEIF('Pemetaan Variant'!$A$5:$A$32,$B6,'Pemetaan Variant'!$AG$5:$AG$32),"n/a") -> 12500 | BD6: =IFERROR(IF(ISNUMBER(BC6),(BC6-AVERAGEIF('Pemetaan Variant'!$A$5:$A$32,$B6,'Pemetaan Variant'!$G$5:$G$32))/AVERAGEIF('Pemetaan Variant'!$A$5:$A$32,$B6,'Pemetaan Variant'!$G$5:$G$32)*100,"n/a"),"n/a") -> 0 | BE6: =IFERROR(IF(ISNUMBER(BD6),$C6*BD6,"n/a"),"n/a") -> 0 | BF6: =IFERROR(AVERAGEIF('Pemetaan Variant'!$A$5:$A$32,$B6,'Pemetaan Variant'!$AH$5:$AH$32),"n/a") -> 12500 | BG6: =IFERROR(IF(ISNUMBER(BF6),(BF6-AVERAGEIF('Pemetaan Variant'!$A$5:$A$32,$B6,'Pemetaan Variant'!$G$5:$G$32))/AVERAGEIF('Pemetaan Variant'!$A$5:$A$32,$B6,'Pemetaan Variant'!$G$5:$G$32)*100,"n/a"),"n/a") -> 0 | BH6: =IFERROR(IF(ISNUMBER(BG6),$C6*BG6,"n/a"),"n/a") -> 0 | BI6: =IFERROR(AVERAGEIF('Pemetaan Variant'!$A$5:$A$32,$B6,'Pemetaan Variant'!$AI$5:$AI$32),"n/a") -> 12500 | BJ6: =IFERROR(IF(ISNUMBER(BI6),(BI6-AVERAGEIF('Pemetaan Variant'!$A$5:$A$32,$B6,'Pemetaan Variant'!$H$5:$H$32))/AVERAGEIF('Pemetaan Variant'!$A$5:$A$32,$B6,'Pemetaan Variant'!$H$5:$H$32)*100,"n/a"),"n/a") -> 0 | BK6: =IFERROR(IF(ISNUMBER(BJ6),$C6*BJ6,"n/a"),"n/a") -> 0 | BL6: =IFERROR(AVERAGEIF('Pemetaan Variant'!$A$5:$A$32,$B6,'Pemetaan Variant'!$AJ$5:$AJ$32),"n/a") -> 12500 | BM6: =IFERROR(IF(ISNUMBER(BL6),(BL6-AVERAGEIF('Pemetaan Variant'!$A$5:$A$32,$B6,'Pemetaan Variant'!$H$5:$H$32))/AVERAGEIF('Pemetaan Variant'!$A$5:$A$32,$B6,'Pemetaan Variant'!$H$5:$H$32)*100,"n/a"),"n/a") -> 0 | BN6: =IFERROR(IF(ISNUMBER(BM6),$C6*BM6,"n/a"),"n/a") -> 0 | BO6: =IFERROR(AVERAGEIF('Pemetaan Variant'!$A$5:$A$32,$B6,'Pemetaan Variant'!$AK$5:$AK$32),"n/a") -> 12500 | BP6: =IFERROR(IF(ISNUMBER(BO6),(BO6-AVERAGEIF('Pemetaan Variant'!$A$5:$A$32,$B6,'Pemetaan Variant'!$H$5:$H$32))/AVERAGEIF('Pemetaan Variant'!$A$5:$A$32,$B6,'Pemetaan Variant'!$H$5:$H$32)*100,"n/a"),"n/a") -> 0 | BQ6: =IFERROR(IF(ISNUMBER(BP6),$C6*BP6,"n/a"),"n/a") -> 0 | BR6: =IFERROR(AVERAGEIF('Pemetaan Variant'!$A$5:$A$32,$B6,'Pemetaan Variant'!$AL$5:$AL$32),"n/a") -> 12500 | BS6: =IFERROR(IF(ISNUMBER(BR6),(BR6-AVERAGEIF('Pemetaan Variant'!$A$5:$A$32,$B6,'Pemetaan Variant'!$H$5:$H$32))/AVERAGEIF('Pemetaan Variant'!$A$5:$A$32,$B6,'Pemetaan Variant'!$H$5:$H$32)*100,"n/a"),"n/a") -> 0 | BT6: =IFERROR(IF(ISNUMBER(BS6),$C6*BS6,"n/a"),"n/a") -> 0 | BU6: =IFERROR(AVERAGEIF('Pemetaan Variant'!$A$5:$A$32,$B6,'Pemetaan Variant'!$AM$5:$AM$32),"n/a") -> 12500 | BV6: =IFERROR(IF(ISNUMBER(BU6),(BU6-AVERAGEIF('Pemetaan Variant'!$A$5:$A$32,$B6,'Pemetaan Variant'!$H$5:$H$32))/AVERAGEIF('Pemetaan Variant'!$A$5:$A$32,$B6,'Pemetaan Variant'!$H$5:$H$32)*100,"n/a"),"n/a") -> 0 | BW6: =IFERROR(IF(ISNUMBER(BV6),$C6*BV6,"n/a"),"n/a") -> 0 | BX6: =IFERROR(AVERAGEIF('Pemetaan Variant'!$A$5:$A$32,$B6,'Pemetaan Variant'!$AN$5:$AN$32),"n/a") -> 12500 | BY6: =IFERROR(IF(ISNUMBER(BX6),(BX6-AVERAGEIF('Pemetaan Variant'!$A$5:$A$32,$B6,'Pemetaan Variant'!$I$5:$I$32))/AVERAGEIF('Pemetaan Variant'!$A$5:$A$32,$B6,'Pemetaan Variant'!$I$5:$I$32)*100,"n/a"),"n/a") -> 0 | BZ6: =IFERROR(IF(ISNUMBER(BY6),$C6*BY6,"n/a"),"n/a") -> 0 | CA6: =IFERROR(AVERAGEIF('Pemetaan Variant'!$A$5:$A$32,$B6,'Pemetaan Variant'!$AO$5:$AO$32),"n/a") -> 12500 | CB6: =IFERROR(IF(ISNUMBER(CA6),(CA6-AVERAGEIF('Pemetaan Variant'!$A$5:$A$32,$B6,'Pemetaan Variant'!$I$5:$I$32))/AVERAGEIF('Pemetaan Variant'!$A$5:$A$32,$B6,'Pemetaan Variant'!$I$5:$I$32)*100,"n/a"),"n/a") -> 0 | CC6: =IFERROR(IF(ISNUMBER(CB6),$C6*CB6,"n/a"),"n/a") -> 0 | CD6: =IFERROR(AVERAGEIF('Pemetaan Variant'!$A$5:$A$32,$B6,'Pemetaan Variant'!$AP$5:$AP$32),"n/a") -> 12500 | CE6: =IFERROR(IF(ISNUMBER(CD6),(CD6-AVERAGEIF('Pemetaan Variant'!$A$5:$A$32,$B6,'Pemetaan Variant'!$I$5:$I$32))/AVERAGEIF('Pemetaan Variant'!$A$5:$A$32,$B6,'Pemetaan Variant'!$I$5:$I$32)*100,"n/a"),"n/a") -> 0 | CF6: =IFERROR(IF(ISNUMBER(CE6),$C6*CE6,"n/a"),"n/a") -> 0 | CG6: =IFERROR(AVERAGEIF('Pemetaan Variant'!$A$5:$A$32,$B6,'Pemetaan Variant'!$AQ$5:$AQ$32),"n/a") -> 12500 | CH6: =IFERROR(IF(ISNUMBER(CG6),(CG6-AVERAGEIF('Pemetaan Variant'!$A$5:$A$32,$B6,'Pemetaan Variant'!$I$5:$I$32))/AVERAGEIF('Pemetaan Variant'!$A$5:$A$32,$B6,'Pemetaan Variant'!$I$5:$I$32)*100,"n/a"),"n/a") -> 0 | CI6: =IFERROR(IF(ISNUMBER(CH6),$C6*CH6,"n/a"),"n/a") -> 0 | CJ6: =IFERROR(AVERAGEIF('Pemetaan Variant'!$A$5:$A$32,$B6,'Pemetaan Variant'!$AR$5:$AR$32),"n/a") -> 12500 | CK6: =IFERROR(IF(ISNUMBER(CJ6),(CJ6-AVERAGEIF('Pemetaan Variant'!$A$5:$A$32,$B6,'Pemetaan Variant'!$J$5:$J$32))/AVERAGEIF('Pemetaan Variant'!$A$5:$A$32,$B6,'Pemetaan Variant'!$J$5:$J$32)*100,"n/a"),"n/a") -> 0 | CL6: =IFERROR(IF(ISNUMBER(CK6),$C6*CK6,"n/a"),"n/a") -> 0 | CM6: =IFERROR(AVERAGEIF('Pemetaan Variant'!$A$5:$A$32,$B6,'Pemetaan Variant'!$AS$5:$AS$32),"n/a") -> 12500 | CN6: =IFERROR(IF(ISNUMBER(CM6),(CM6-AVERAGEIF('Pemetaan Variant'!$A$5:$A$32,$B6,'Pemetaan Variant'!$J$5:$J$32))/AVERAGEIF('Pemetaan Variant'!$A$5:$A$32,$B6,'Pemetaan Variant'!$J$5:$J$32)*100,"n/a"),"n/a") -> 0 | CO6: =IFERROR(IF(ISNUMBER(CN6),$C6*CN6,"n/a"),"n/a") -> 0 | CP6: =IFERROR(AVERAGEIF('Pemetaan Variant'!$A$5:$A$32,$B6,'Pemetaan Variant'!$AT$5:$AT$32),"n/a") -> 12500 | CQ6: =IFERROR(IF(ISNUMBER(CP6),(CP6-AVERAGEIF('Pemetaan Variant'!$A$5:$A$32,$B6,'Pemetaan Variant'!$J$5:$J$32))/AVERAGEIF('Pemetaan Variant'!$A$5:$A$32,$B6,'Pemetaan Variant'!$J$5:$J$32)*100,"n/a"),"n/a") -> 0 | CR6: =IFERROR(IF(ISNUMBER(CQ6),$C6*CQ6,"n/a"),"n/a") -> 0 | CS6: =IFERROR(AVERAGEIF('Pemetaan Variant'!$A$5:$A$32,$B6,'Pemetaan Variant'!$AU$5:$AU$32),"n/a") -> 13166.667 | CT6: =IFERROR(IF(ISNUMBER(CS6),(CS6-AVERAGEIF('Pemetaan Variant'!$A$5:$A$32,$B6,'Pemetaan Variant'!$J$5:$J$32))/AVERAGEIF('Pemetaan Variant'!$A$5:$A$32,$B6,'Pemetaan Variant'!$J$5:$J$32)*100,"n/a"),"n/a") -> 5.3333333 | CU6: =IFERROR(IF(ISNUMBER(CT6),$C6*CT6,"n/a"),"n/a") -> 0.66714164 | CV6: =IFERROR(AVERAGEIF('Pemetaan Variant'!$A$5:$A$32,$B6,'Pemetaan Variant'!$AV$5:$AV$32),"n/a") -> 13166.667 | CW6: =IFERROR(IF(ISNUMBER(CV6),(CV6-AVERAGEIF('Pemetaan Variant'!$A$5:$A$32,$B6,'Pemetaan Variant'!$J$5:$J$32))/AVERAGEIF('Pemetaan Variant'!$A$5:$A$32,$B6,'Pemetaan Variant'!$J$5:$J$32)*100,"n/a"),"n/a") -> 5.3333333 | CX6: =IFERROR(IF(ISNUMBER(CW6),$C6*CW6,"n/a"),"n/a") -> 0.66714164 | CY6: =IFERROR(AVERAGEIF('Pemetaan Variant'!$A$5:$A$32,$B6,'Pemetaan Variant'!$AW$5:$AW$32),"n/a") -> 0 | CZ6: =IFERROR(IF(ISNUMBER(CY6),(CY6-AVERAGEIF('Pemetaan Variant'!$A$5:$A$32,$B6,'Pemetaan Variant'!$K$5:$K$32))/AVERAGEIF('Pemetaan Variant'!$A$5:$A$32,$B6,'Pemetaan Variant'!$K$5:$K$32)*100,"n/a"),"n/a") -> -100 | DA6: =IFERROR(IF(ISNUMBER(CZ6),$C6*CZ6,"n/a"),"n/a") -> -12.508906 | DB6: =IFERROR(AVERAGEIF('Pemetaan Variant'!$A$5:$A$32,$B6,'Pemetaan Variant'!$AX$5:$AX$32),"n/a") -> 0 | DC6: =IFERROR(IF(ISNUMBER(DB6),(DB6-AVERAGEIF('Pemetaan Variant'!$A$5:$A$32,$B6,'Pemetaan Variant'!$K$5:$K$32))/AVERAGEIF('Pemetaan Variant'!$A$5:$A$32,$B6,'Pemetaan Variant'!$K$5:$K$32)*100,"n/a"),"n/a") -> -100 | DD6: =IFERROR(IF(ISNUMBER(DC6),$C6*DC6,"n/a"),"n/a") -> -12.508906 | DE6: =IFERROR(AVERAGEIF('Pemetaan Variant'!$A$5:$A$32,$B6,'Pemetaan Variant'!$AY$5:$AY$32),"n/a") -> 0 | DF6: =IFERROR(IF(ISNUMBER(DE6),(DE6-AVERAGEIF('Pemetaan Variant'!$A$5:$A$32,$B6,'Pemetaan Variant'!$K$5:$K$32))/AVERAGEIF('Pemetaan Variant'!$A$5:$A$32,$B6,'Pemetaan Variant'!$K$5:$K$32)*100,"n/a"),"n/a") -> -100 | DG6: =IFERROR(IF(ISNUMBER(DF6),$C6*DF6,"n/a"),"n/a") -> -12.508906 | DH6: =IFERROR(AVERAGEIF('Pemetaan Variant'!$A$5:$A$32,$B6,'Pemetaan Variant'!$AZ$5:$AZ$32),"n/a") -> 0 | DI6: =IFERROR(IF(ISNUMBER(DH6),(DH6-AVERAGEIF('Pemetaan Variant'!$A$5:$A$32,$B6,'Pemetaan Variant'!$K$5:$K$32))/AVERAGEIF('Pemetaan Variant'!$A$5:$A$32,$B6,'Pemetaan Variant'!$K$5:$K$32)*100,"n/a"),"n/a") -> -100 | DJ6: =IFERROR(IF(ISNUMBER(DI6),$C6*DI6,"n/a"),"n/a") -> -12.508906 | DK6: =IFERROR(AVERAGEIF('Pemetaan Variant'!$A$5:$A$32,$B6,'Pemetaan Variant'!$BA$5:$BA$32),"n/a") -> n/a | DL6: =IFERROR(IF(ISNUMBER(DK6),(DK6-AVERAGEIF('Pemetaan Variant'!$A$5:$A$32,$B6,'Pemetaan Variant'!$L$5:$L$32))/AVERAGEIF('Pemetaan Variant'!$A$5:$A$32,$B6,'Pemetaan Variant'!$L$5:$L$32)*100,"n/a"),"n/a") -> n/a | DM6: =IFERROR(IF(ISNUMBER(DL6),$C6*DL6,"n/a"),"n/a") -> n/a | DN6: =IFERROR(AVERAGEIF('Pemetaan Variant'!$A$5:$A$32,$B6,'Pemetaan Variant'!$BB$5:$BB$32),"n/a") -> n/a | DO6: =IFERROR(IF(ISNUMBER(DN6),(DN6-AVERAGEIF('Pemetaan Variant'!$A$5:$A$32,$B6,'Pemetaan Variant'!$L$5:$L$32))/AVERAGEIF('Pemetaan Variant'!$A$5:$A$32,$B6,'Pemetaan Variant'!$L$5:$L$32)*100,"n/a"),"n/a") -> n/a | DP6: =IFERROR(IF(ISNUMBER(DO6),$C6*DO6,"n/a"),"n/a") -> n/a | DQ6: =IFERROR(AVERAGEIF('Pemetaan Variant'!$A$5:$A$32,$B6,'Pemetaan Variant'!$BC$5:$BC$32),"n/a") -> n/a | DR6: =IFERROR(IF(ISNUMBER(DQ6),(DQ6-AVERAGEIF('Pemetaan Variant'!$A$5:$A$32,$B6,'Pemetaan Variant'!$L$5:$L$32))/AVERAGEIF('Pemetaan Variant'!$A$5:$A$32,$B6,'Pemetaan Variant'!$L$5:$L$32)*100,"n/a"),"n/a") -> n/a | DS6: =IFERROR(IF(ISNUMBER(DR6),$C6*DR6,"n/a"),"n/a") -> n/a | DT6: =IFERROR(AVERAGEIF('Pemetaan Variant'!$A$5:$A$32,$B6,'Pemetaan Variant'!$BD$5:$BD$32),"n/a") -> n/a | DU6: =IFERROR(IF(ISNUMBER(DT6),(DT6-AVERAGEIF('Pemetaan Variant'!$A$5:$A$32,$B6,'Pemetaan Variant'!$L$5:$L$32))/AVERAGEIF('Pemetaan Variant'!$A$5:$A$32,$B6,'Pemetaan Variant'!$L$5:$L$32)*100,"n/a"),"n/a") -> n/a | DV6: =IFERROR(IF(ISNUMBER(DU6),$C6*DU6,"n/a"),"n/a") -> n/a | DW6: =IFERROR(AVERAGEIF('Pemetaan Variant'!$A$5:$A$32,$B6,'Pemetaan Variant'!$BE$5:$BE$32),"n/a") -> n/a | DX6: =IFERROR(IF(ISNUMBER(DW6),(DW6-AVERAGEIF('Pemetaan Variant'!$A$5:$A$32,$B6,'Pemetaan Variant'!$M$5:$M$32))/AVERAGEIF('Pemetaan Variant'!$A$5:$A$32,$B6,'Pemetaan Variant'!$M$5:$M$32)*100,"n/a"),"n/a") -> n/a | DY6: =IFERROR(IF(ISNUMBER(DX6),$C6*DX6,"n/a"),"n/a") -> n/a | DZ6: =IFERROR(AVERAGEIF('Pemetaan Variant'!$A$5:$A$32,$B6,'Pemetaan Variant'!$BF$5:$BF$32),"n/a") -> n/a | EA6: =IFERROR(IF(ISNUMBER(DZ6),(DZ6-AVERAGEIF('Pemetaan Variant'!$A$5:$A$32,$B6,'Pemetaan Variant'!$M$5:$M$32))/AVERAGEIF('Pemetaan Variant'!$A$5:$A$32,$B6,'Pemetaan Variant'!$M$5:$M$32)*100,"n/a"),"n/a") -> n/a | EB6: =IFERROR(IF(ISNUMBER(EA6),$C6*EA6,"n/a"),"n/a") -> n/a | EC6: =IFERROR(AVERAGEIF('Pemetaan Variant'!$A$5:$A$32,$B6,'Pemetaan Variant'!$BG$5:$BG$32),"n/a") -> n/a | ED6: =IFERROR(IF(ISNUMBER(EC6),(EC6-AVERAGEIF('Pemetaan Variant'!$A$5:$A$32,$B6,'Pemetaan Variant'!$M$5:$M$32))/AVERAGEIF('Pemetaan Variant'!$A$5:$A$32,$B6,'Pemetaan Variant'!$M$5:$M$32)*100,"n/a"),"n/a") -> n/a | EE6: =IFERROR(IF(ISNUMBER(ED6),$C6*ED6,"n/a"),"n/a") -> n/a | EF6: =IFERROR(AVERAGEIF('Pemetaan Variant'!$A$5:$A$32,$B6,'Pemetaan Variant'!$BH$5:$BH$32),"n/a") -> n/a | EG6: =IFERROR(IF(ISNUMBER(EF6),(EF6-AVERAGEIF('Pemetaan Variant'!$A$5:$A$32,$B6,'Pemetaan Variant'!$M$5:$M$32))/AVERAGEIF('Pemetaan Variant'!$A$5:$A$32,$B6,'Pemetaan Variant'!$M$5:$M$32)*100,"n/a"),"n/a") -> n/a | EH6: =IFERROR(IF(ISNUMBER(EG6),$C6*EG6,"n/a"),"n/a") -> n/a | EI6: =IFERROR(AVERAGEIF('Pemetaan Variant'!$A$5:$A$32,$B6,'Pemetaan Variant'!$BI$5:$BI$32),"n/a") -> n/a | EJ6: =IFERROR(IF(ISNUMBER(EI6),(EI6-AVERAGEIF('Pemetaan Variant'!$A$5:$A$32,$B6,'Pemetaan Variant'!$M$5:$M$32))/AVERAGEIF('Pemetaan Variant'!$A$5:$A$32,$B6,'Pemetaan Variant'!$M$5:$M$32)*100,"n/a"),"n/a") -> n/a | EK6: =IFERROR(IF(ISNUMBER(EJ6),$C6*EJ6,"n/a"),"n/a") -> n/a | EL6: =IFERROR(AVERAGEIF('Pemetaan Variant'!$A$5:$A$32,$B6,'Pemetaan Variant'!$BJ$5:$BJ$32),"n/a") -> n/a | EM6: =IFERROR(IF(ISNUMBER(EL6),(EL6-AVERAGEIF('Pemetaan Variant'!$A$5:$A$32,$B6,'Pemetaan Variant'!$N$5:$N$32))/AVERAGEIF('Pemetaan Variant'!$A$5:$A$32,$B6,'Pemetaan Variant'!$N$5:$N$32)*100,"n/a"),"n/a") -> n/a | EN6: =IFERROR(IF(ISNUMBER(EM6),$C6*EM6,"n/a"),"n/a") -> n/a | EO6: =IFERROR(AVERAGEIF('Pemetaan Variant'!$A$5:$A$32,$B6,'Pemetaan Variant'!$BK$5:$BK$32),"n/a") -> n/a | EP6: =IFERROR(IF(ISNUMBER(EO6),(EO6-AVERAGEIF('Pemetaan Variant'!$A$5:$A$32,$B6,'Pemetaan Variant'!$N$5:$N$32))/AVERAGEIF('Pemetaan Variant'!$A$5:$A$32,$B6,'Pemetaan Variant'!$N$5:$N$32)*100,"n/a"),"n/a") -> n/a | EQ6: =IFERROR(IF(ISNUMBER(EP6),$C6*EP6,"n/a"),"n/a") -> n/a | ER6: =IFERROR(AVERAGEIF('Pemetaan Variant'!$A$5:$A$32,$B6,'Pemetaan Variant'!$BL$5:$BL$32),"n/a") -> n/a | ES6: =IFERROR(IF(ISNUMBER(ER6),(ER6-AVERAGEIF('Pemetaan Variant'!$A$5:$A$32,$B6,'Pemetaan Variant'!$N$5:$N$32))/AVERAGEIF('Pemetaan Variant'!$A$5:$A$32,$B6,'Pemetaan Variant'!$N$5:$N$32)*100,"n/a"),"n/a") -> n/a | ET6: =IFERROR(IF(ISNUMBER(ES6),$C6*ES6,"n/a"),"n/a") -> n/a | EU6: =IFERROR(AVERAGEIF('Pemetaan Variant'!$A$5:$A$32,$B6,'Pemetaan Variant'!$BM$5:$BM$32),"n/a") -> n/a | EV6: =IFERROR(IF(ISNUMBER(EU6),(EU6-AVERAGEIF('Pemetaan Variant'!$A$5:$A$32,$B6,'Pemetaan Variant'!$N$5:$N$32))/AVERAGEIF('Pemetaan Variant'!$A$5:$A$32,$B6,'Pemetaan Variant'!$N$5:$N$32)*100,"n/a"),"n/a") -> n/a | EW6: =IFERROR(IF(ISNUMBER(EV6),$C6*EV6,"n/a"),"n/a") -> n/a | EX6: =IFERROR(AVERAGEIF('Pemetaan Variant'!$A$5:$A$32,$B6,'Pemetaan Variant'!$BN$5:$BN$32),"n/a") -> n/a | EY6: =IFERROR(IF(ISNUMBER(EX6),(EX6-AVERAGEIF('Pemetaan Variant'!$A$5:$A$32,$B6,'Pemetaan Variant'!$O$5:$O$32))/AVERAGEIF('Pemetaan Variant'!$A$5:$A$32,$B6,'Pemetaan Variant'!$O$5:$O$32)*100,"n/a"),"n/a") -> n/a | EZ6: =IFERROR(IF(ISNUMBER(EY6),$C6*EY6,"n/a"),"n/a") -> n/a | FA6: =IFERROR(AVERAGEIF('Pemetaan Variant'!$A$5:$A$32,$B6,'Pemetaan Variant'!$BO$5:$BO$32),"n/a") -> n/a | FB6: =IFERROR(IF(ISNUMBER(FA6),(FA6-AVERAGEIF('Pemetaan Variant'!$A$5:$A$32,$B6,'Pemetaan Variant'!$O$5:$O$32))/AVERAGEIF('Pemetaan Variant'!$A$5:$A$32,$B6,'Pemetaan Variant'!$O$5:$O$32)*100,"n/a"),"n/a") -> n/a | FC6: =IFERROR(IF(ISNUMBER(FB6),$C6*FB6,"n/a"),"n/a") -> n/a | FD6: =IFERROR(AVERAGEIF('Pemetaan Variant'!$A$5:$A$32,$B6,'Pemetaan Variant'!$BP$5:$BP$32),"n/a") -> n/a | FE6: =IFERROR(IF(ISNUMBER(FD6),(FD6-AVERAGEIF('Pemetaan Variant'!$A$5:$A$32,$B6,'Pemetaan Variant'!$O$5:$O$32))/AVERAGEIF('Pemetaan Variant'!$A$5:$A$32,$B6,'Pemetaan Variant'!$O$5:$O$32)*100,"n/a"),"n/a") -> n/a | FF6: =IFERROR(IF(ISNUMBER(FE6),$C6*FE6,"n/a"),"n/a") -> n/a | FG6: =IFERROR(AVERAGEIF('Pemetaan Variant'!$A$5:$A$32,$B6,'Pemetaan Variant'!$BQ$5:$BQ$32),"n/a") -> n/a | FH6: =IFERROR(IF(ISNUMBER(FG6),(FG6-AVERAGEIF('Pemetaan Variant'!$A$5:$A$32,$B6,'Pemetaan Variant'!$O$5:$O$32))/AVERAGEIF('Pemetaan Variant'!$A$5:$A$32,$B6,'Pemetaan Variant'!$O$5:$O$32)*100,"n/a"),"n/a") -> n/a | FI6: =IFERROR(IF(ISNUMBER(FH6),$C6*FH6,"n/a"),"n/a") -> n/a | FJ6: =IFERROR(AVERAGEIF('Pemetaan Variant'!$A$5:$A$32,$B6,'Pemetaan Variant'!$BR$5:$BR$32),"n/a") -> n/a | FK6: =IFERROR(IF(ISNUMBER(FJ6),(FJ6-AVERAGEIF('Pemetaan Variant'!$A$5:$A$32,$B6,'Pemetaan Variant'!$O$5:$O$32))/AVERAGEIF('Pemetaan Variant'!$A$5:$A$32,$B6,'Pemetaan Variant'!$O$5:$O$32)*100,"n/a"),"n/a") -> n/a | FL6: =IFERROR(IF(ISNUMBER(FK6),$C6*FK6,"n/a"),"n/a") -> n/a | FO6: =IFERROR(ABS(F6),0) -> 0 | FP6: =IFERROR(ABS(I6),0) -> 0 | FQ6: =IFERROR(ABS(L6),0) -> 0 | FR6: =IFERROR(ABS(O6),0) -> 0 | FS6: =IFERROR(ABS(R6),0) -> 0 | FT6: =IFERROR(ABS(U6),0) -> 0 | FU6: =IFERROR(ABS(X6),0) -> 0 | FV6: =IFERROR(ABS(AA6),0) -> 0 | FW6: =IFERROR(ABS(AD6),0) -> 0 | FX6: =IFERROR(ABS(AG6),0) -> 0 | FY6: =IFERROR(ABS(AJ6),0) -> 0 | FZ6: =IFERROR(ABS(AM6),0) -> 0 | GA6: =IFERROR(ABS(AP6),0) -> 0 | GB6: =IFERROR(ABS(AS6),0) -> 0 | GC6: =IFERROR(ABS(AV6),0) -> 0 | GD6: =IFERROR(ABS(AY6),0) -> 0 | GE6: =IFERROR(ABS(BB6),0) -> 0 | GF6: =IFERROR(ABS(BE6),0) -> 0 | GG6: =IFERROR(ABS(BH6),0) -> 0 | GH6: =IFERROR(ABS(BK6),0) -> 0 | GI6: =IFERROR(ABS(BN6),0) -> 0 | GJ6: =IFERROR(ABS(BQ6),0) -> 0 | GK6: =IFERROR(ABS(BT6),0) -> 0 | GL6: =IFERROR(ABS(BW6),0) -> 0 | GM6: =IFERROR(ABS(BZ6),0) -> 0 | GN6: =IFERROR(ABS(CC6),0) -> 0 | GO6: =IFERROR(ABS(CF6),0) -> 0 | GP6: =IFERROR(ABS(CI6),0) -> 0 | GQ6: =IFERROR(ABS(CL6),0) -> 0 | GR6: =IFERROR(ABS(CO6),0) -> 0 | GS6: =IFERROR(ABS(CR6),0) -> 0 | GT6: =IFERROR(ABS(CU6),0) -> 0.66714164 | GU6: =IFERROR(ABS(CX6),0) -> 0.66714164 | GV6: =IFERROR(ABS(DA6),0) -> 12.508906 | GW6: =IFERROR(ABS(DD6),0) -> 12.508906 | GX6: =IFERROR(ABS(DG6),0) -> 12.508906 | GY6: =IFERROR(ABS(DJ6),0) -> 12.508906 | GZ6: =IFERROR(ABS(DM6),0) -> 0 | HA6: =IFERROR(ABS(DP6),0) -> 0 | HB6: =IFERROR(ABS(DS6),0) -> 0 | HC6: =IFERROR(ABS(DV6),0) -> 0 | HD6: =IFERROR(ABS(DY6),0) -> 0 | HE6: =IFERROR(ABS(EB6),0) -> 0 | HF6: =IFERROR(ABS(EE6),0) -> 0 | HG6: =IFERROR(ABS(EH6),0) -> 0 | HH6: =IFERROR(ABS(EK6),0) -> 0 | HI6: =IFERROR(ABS(EN6),0) -> 0 | HJ6: =IFERROR(ABS(EQ6),0) -> 0 | HK6: =IFERROR(ABS(ET6),0) -> 0 | HL6: =IFERROR(ABS(EW6),0) -> 0 | HM6: =IFERROR(ABS(EZ6),0) -> 0 | HN6: =IFERROR(ABS(FC6),0) -> 0 | HO6: =IFERROR(ABS(FF6),0) -> 0 | HP6: =IFERROR(ABS(FI6),0) -> 0 | HQ6: =IFERROR(ABS(FL6),0) -> 0
A7: 2 | B7: tepung terigu 01115005 | C7: ='P0Q0 Dasar 2022'!F6 -> 0.0079366405 | D7: =IFERROR(AVERAGEIF('Pemetaan Variant'!$A$5:$A$32,$B7,'Pemetaan Variant'!$P$5:$P$32),"n/a") -> 9500 | E7: =IFERROR(IF(ISNUMBER(D7),(D7-AVERAGEIF('Pemetaan Variant'!$A$5:$A$32,$B7,'Pemetaan Variant'!$D$5:$D$32))/AVERAGEIF('Pemetaan Variant'!$A$5:$A$32,$B7,'Pemetaan Variant'!$D$5:$D$32)*100,"n/a"),"n/a") -> 0 | F7: =IFERROR(IF(ISNUMBER(E7),$C7*E7,"n/a"),"n/a") -> 0 | G7: =IFERROR(AVERAGEIF('Pemetaan Variant'!$A$5:$A$32,$B7,'Pemetaan Variant'!$Q$5:$Q$32),"n/a") -> 9400 | H7: =IFERROR(IF(ISNUMBER(G7),(G7-AVERAGEIF('Pemetaan Variant'!$A$5:$A$32,$B7,'Pemetaan Variant'!$D$5:$D$32))/AVERAGEIF('Pemetaan Variant'!$A$5:$A$32,$B7,'Pemetaan Variant'!$D$5:$D$32)*100,"n/a"),"n/a") -> -1.0526316 | I7: =IFERROR(IF(ISNUMBER(H7),$C7*H7,"n/a"),"n/a") -> -0.0083543584 | J7: =IFERROR(AVERAGEIF('Pemetaan Variant'!$A$5:$A$32,$B7,'Pemetaan Variant'!$R$5:$R$32),"n/a") -> 9000 | K7: =IFERROR(IF(ISNUMBER(J7),(J7-AVERAGEIF('Pemetaan Variant'!$A$5:$A$32,$B7,'Pemetaan Variant'!$D$5:$D$32))/AVERAGEIF('Pemetaan Variant'!$A$5:$A$32,$B7,'Pemetaan Variant'!$D$5:$D$32)*100,"n/a"),"n/a") -> -5.2631579 | L7: =IFERROR(IF(ISNUMBER(K7),$C7*K7,"n/a"),"n/a") -> -0.041771792 | M7: =IFERROR(AVERAGEIF('Pemetaan Variant'!$A$5:$A$32,$B7,'Pemetaan Variant'!$S$5:$S$32),"n/a") -> 9000 | N7: =IFERROR(IF(ISNUMBER(M7),(M7-AVERAGEIF('Pemetaan Variant'!$A$5:$A$32,$B7,'Pemetaan Variant'!$D$5:$D$32))/AVERAGEIF('Pemetaan Variant'!$A$5:$A$32,$B7,'Pemetaan Variant'!$D$5:$D$32)*100,"n/a"),"n/a") -> -5.2631579 | O7: =IFERROR(IF(ISNUMBER(N7),$C7*N7,"n/a"),"n/a") -> -0.041771792 | P7: =IFERROR(AVERAGEIF('Pemetaan Variant'!$A$5:$A$32,$B7,'Pemetaan Variant'!$T$5:$T$32),"n/a") -> 9000 | Q7: =IFERROR(IF(ISNUMBER(P7),(P7-AVERAGEIF('Pemetaan Variant'!$A$5:$A$32,$B7,'Pemetaan Variant'!$D$5:$D$32))/AVERAGEIF('Pemetaan Variant'!$A$5:$A$32,$B7,'Pemetaan Variant'!$D$5:$D$32)*100,"n/a"),"n/a") -> -5.2631579 | R7: =IFERROR(IF(ISNUMBER(Q7),$C7*Q7,"n/a"),"n/a") -> -0.041771792 | S7: =IFERROR(AVERAGEIF('Pemetaan Variant'!$A$5:$A$32,$B7,'Pemetaan Variant'!$U$5:$U$32),"n/a") -> 9000 | T7: =IFERROR(IF(ISNUMBER(S7),(S7-AVERAGEIF('Pemetaan Variant'!$A$5:$A$32,$B7,'Pemetaan Variant'!$E$5:$E$32))/AVERAGEIF('Pemetaan Variant'!$A$5:$A$32,$B7,'Pemetaan Variant'!$E$5:$E$32)*100,"n/a"),"n/a") -> -1.7241379 | U7: =IFERROR(IF(ISNUMBER(T7),$C7*T7,"n/a"),"n/a") -> -0.013683863 | V7: =IFERROR(AVERAGEIF('Pemetaan Variant'!$A$5:$A$32,$B7,'Pemetaan Variant'!$V$5:$V$32),"n/a") -> 9000 | W7: =IFERROR(IF(ISNUMBER(V7),(V7-AVERAGEIF('Pemetaan Variant'!$A$5:$A$32,$B7,'Pemetaan Variant'!$E$5:$E$32))/AVERAGEIF('Pemetaan Variant'!$A$5:$A$32,$B7,'Pemetaan Variant'!$E$5:$E$32)*100,"n/a"),"n/a") -> -1.7241379 | X7: =IFERROR(IF(ISNUMBER(W7),$C7*W7,"n/a"),"n/a") -> -0.013683863 | Y7: =IFERROR(AVERAGEIF('Pemetaan Variant'!$A$5:$A$32,$B7,'Pemetaan Variant'!$W$5:$W$32),"n/a") -> 9000 | Z7: =IFERROR(IF(ISNUMBER(Y7),(Y7-AVERAGEIF('Pemetaan Variant'!$A$5:$A$32,$B7,'Pemetaan Variant'!$E$5:$E$32))/AVERAGEIF('Pemetaan Variant'!$A$5:$A$32,$B7,'Pemetaan Variant'!$E$5:$E$32)*100,"n/a"),"n/a") -> -1.7241379 | AA7: =IFERROR(IF(ISNUMBER(Z7),$C7*Z7,"n/a"),"n/a") -> -0.013683863 | AB7: =IFERROR(AVERAGEIF('Pemetaan Variant'!$A$5:$A$32,$B7,'Pemetaan Variant'!$X$5:$X$32),"n/a") -> 9000 | AC7: =IFERROR(IF(ISNUMBER(AB7),(AB7-AVERAGEIF('Pemetaan Variant'!$A$5:$A$32,$B7,'Pemetaan Variant'!$E$5:$E$32))/AVERAGEIF('Pemetaan Variant'!$A$5:$A$32,$B7,'Pemetaan Variant'!$E$5:$E$32)*100,"n/a"),"n/a") -> -1.7241379 | AD7: =IFERROR(IF(ISNUMBER(AC7),$C7*AC7,"n/a"),"n/a") -> -0.013683863 | AE7: =IFERROR(AVERAGEIF('Pemetaan Variant'!$A$5:$A$32,$B7,'Pemetaan Variant'!$Y$5:$Y$32),"n/a") -> 9000 | AF7: =IFERROR(IF(ISNUMBER(AE7),(AE7-AVERAGEIF('Pemetaan Variant'!$A$5:$A$32,$B7,'Pemetaan Variant'!$F$5:$F$32))/AVERAGEIF('Pemetaan Variant'!$A$5:$A$32,$B7,'Pemetaan Variant'!$F$5:$F$32)*100,"n/a"),"n/a") -> 0 | AG7: =IFERROR(IF(ISNUMBER(AF7),$C7*AF7,"n/a"),"n/a") -> 0 | AH7: =IFERROR(AVERAGEIF('Pemetaan Variant'!$A$5:$A$32,$B7,'Pemetaan Variant'!$Z$5:$Z$32),"n/a") -> 9000 | AI7: =IFERROR(IF(ISNUMBER(AH7),(AH7-AVERAGEIF('Pemetaan Variant'!$A$5:$A$32,$B7,'Pemetaan Variant'!$F$5:$F$32))/AVERAGEIF('Pemetaan Variant'!$A$5:$A$32,$B7,'Pemetaan Variant'!$F$5:$F$32)*100,"n/a"),"n/a") -> 0 | AJ7: =IFERROR(IF(ISNUMBER(AI7),$C7*AI7,"n/a"),"n/a") -> 0 | AK7: =IFERROR(AVERAGEIF('Pemetaan Variant'!$A$5:$A$32,$B7,'Pemetaan Variant'!$AA$5:$AA$32),"n/a") -> 9000 | AL7: =IFERROR(IF(ISNUMBER(AK7),(AK7-AVERAGEIF('Pemetaan Variant'!$A$5:$A$32,$B7,'Pemetaan Variant'!$F$5:$F$32))/AVERAGEIF('Pemetaan Variant'!$A$5:$A$32,$B7,'Pemetaan Variant'!$F$5:$F$32)*100,"n/a"),"n/a") -> 0 | AM7: =IFERROR(IF(ISNUMBER(AL7),$C7*AL7,"n/a"),"n/a") -> 0 | AN7: =IFERROR(AVERAGEIF('Pemetaan Variant'!$A$5:$A$32,$B7,'Pemetaan Variant'!$AB$5:$AB$32),"n/a") -> 9000 | AO7: =IFERROR(IF(ISNUMBER(AN7),(AN7-AVERAGEIF('Pemetaan Variant'!$A$5:$A$32,$B7,'Pemetaan Variant'!$F$5:$F$32))/AVERAGEIF('Pemetaan Variant'!$A$5:$A$32,$B7,'Pemetaan Variant'!$F$5:$F$32)*100,"n/a"),"n/a") -> 0 | AP7: =IFERROR(IF(ISNUMBER(AO7),$C7*AO7,"n/a"),"n/a") -> 0 | AQ7: =IFERROR(AVERAGEIF('Pemetaan Variant'!$A$5:$A$32,$B7,'Pemetaan Variant'!$AC$5:$AC$32),"n/a") -> n/a | AR7: =IFERROR(IF(ISNUMBER(AQ7),(AQ7-AVERAGEIF('Pemetaan Variant'!$A$5:$A$32,$B7,'Pemetaan Variant'!$F$5:$F$32))/AVERAGEIF('Pemetaan Variant'!$A$5:$A$32,$B7,'Pemetaan Variant'!$F$5:$F$32)*100,"n/a"),"n/a") -> n/a | AS7: =IFERROR(IF(ISNUMBER(AR7),$C7*AR7,"n/a"),"n/a") -> n/a | AT7: =IFERROR(AVERAGEIF('Pemetaan Variant'!$A$5:$A$32,$B7,'Pemetaan Variant'!$AD$5:$AD$32),"n/a") -> n/a | AU7: =IFERROR(IF(ISNUMBER(AT7),(AT7-AVERAGEIF('Pemetaan Variant'!$A$5:$A$32,$B7,'Pemetaan Variant'!$G$5:$G$32))/AVERAGEIF('Pemetaan Variant'!$A$5:$A$32,$B7,'Pemetaan Variant'!$G$5:$G$32)*100,"n/a"),"n/a") -> n/a | AV7: =IFERROR(IF(ISNUMBER(AU7),$C7*AU7,"n/a"),"n/a") -> n/a | AW7: =IFERROR(AVERAGEIF('Pemetaan Variant'!$A$5:$A$32,$B7,'Pemetaan Variant'!$AE$5:$AE$32),"n/a") -> 9000 | AX7: =IFERROR(IF(ISNUMBER(AW7),(AW7-AVERAGEIF('Pemetaan Variant'!$A$5:$A$32,$B7,'Pemetaan Variant'!$G$5:$G$32))/AVERAGEIF('Pemetaan Variant'!$A$5:$A$32,$B7,'Pemetaan Variant'!$G$5:$G$32)*100,"n/a"),"n/a") -> 0 | AY7: =IFERROR(IF(ISNUMBER(AX7),$C7*AX7,"n/a"),"n/a") -> 0 | AZ7: =IFERROR(AVERAGEIF('Pemetaan Variant'!$A$5:$A$32,$B7,'Pemetaan Variant'!$AF$5:$AF$32),"n/a") -> 9000 | BA7: =IFERROR(IF(ISNUMBER(AZ7),(AZ7-AVERAGEIF('Pemetaan Variant'!$A$5:$A$32,$B7,'Pemetaan Variant'!$G$5:$G$32))/AVERAGEIF('Pemetaan Variant'!$A$5:$A$32,$B7,'Pemetaan Variant'!$G$5:$G$32)*100,"n/a"),"n/a") -> 0 | BB7: =IFERROR(IF(ISNUMBER(BA7),$C7*BA7,"n/a"),"n/a") -> 0 | BC7: =IFERROR(AVERAGEIF('Pemetaan Variant'!$A$5:$A$32,$B7,'Pemetaan Variant'!$AG$5:$AG$32),"n/a") -> 9000 | BD7: =IFERROR(IF(ISNUMBER(BC7),(BC7-AVERAGEIF('Pemetaan Variant'!$A$5:$A$32,$B7,'Pemetaan Variant'!$G$5:$G$32))/AVERAGEIF('Pemetaan Variant'!$A$5:$A$32,$B7,'Pemetaan Variant'!$G$5:$G$32)*100,"n/a"),"n/a") -> 0 | BE7: =IFERROR(IF(ISNUMBER(BD7),$C7*BD7,"n/a"),"n/a") -> 0 | BF7: =IFERROR(AVERAGEIF('Pemetaan Variant'!$A$5:$A$32,$B7,'Pemetaan Variant'!$AH$5:$AH$32),"n/a") -> 9000 | BG7: =IFERROR(IF(ISNUMBER(BF7),(BF7-AVERAGEIF('Pemetaan Variant'!$A$5:$A$32,$B7,'Pemetaan Variant'!$G$5:$G$32))/AVERAGEIF('Pemetaan Variant'!$A$5:$A$32,$B7,'Pemetaan Variant'!$G$5:$G$32)*100,"n/a"),"n/a") -> 0 | BH7: =IFERROR(IF(ISNUMBER(BG7),$C7*BG7,"n/a"),"n/a") -> 0 | BI7: =IFERROR(AVERAGEIF('Pemetaan Variant'!$A$5:$A$32,$B7,'Pemetaan Variant'!$AI$5:$AI$32),"n/a") -> 9000 | BJ7: =IFERROR(IF(ISNUMBER(BI7),(BI7-AVERAGEIF('Pemetaan Variant'!$A$5:$A$32,$B7,'Pemetaan Variant'!$H$5:$H$32))/AVERAGEIF('Pemetaan Variant'!$A$5:$A$32,$B7,'Pemetaan Variant'!$H$5:$H$32)*100,"n/a"),"n/a") -> 0 | BK7: =IFERROR(IF(ISNUMBER(BJ7),$C7*BJ7,"n/a"),"n/a") -> 0 | BL7: =IFERROR(AVERAGEIF('Pemetaan Variant'!$A$5:$A$32,$B7,'Pemetaan Variant'!$AJ$5:$AJ$32),"n/a") -> 9000 | BM7: =IFERROR(IF(ISNUMBER(BL7),(BL7-AVERAGEIF('Pemetaan Variant'!$A$5:$A$32,$B7,'Pemetaan Variant'!$H$5:$H$32))/AVERAGEIF('Pemetaan Variant'!$A$5:$A$32,$B7,'Pemetaan Variant'!$H$5:$H$32)*100,"n/a"),"n/a") -> 0 | BN7: =IFERROR(IF(ISNUMBER(BM7),$C7*BM7,"n/a"),"n/a") -> 0 | BO7: =IFERROR(AVERAGEIF('Pemetaan Variant'!$A$5:$A$32,$B7,'Pemetaan Variant'!$AK$5:$AK$32),"n/a") -> 9000 | BP7: =IFERROR(IF(ISNUMBER(BO7),(BO7-AVERAGEIF('Pemetaan Variant'!$A$5:$A$32,$B7,'Pemetaan Variant'!$H$5:$H$32))/AVERAGEIF('Pemetaan Variant'!$A$5:$A$32,$B7,'Pemetaan Variant'!$H$5:$H$32)*100,"n/a"),"n/a") -> 0 | BQ7: =IFERROR(IF(ISNUMBER(BP7),$C7*BP7,"n/a"),"n/a") -> 0 | BR7: =IFERROR(AVERAGEIF('Pemetaan Variant'!$A$5:$A$32,$B7,'Pemetaan Variant'!$AL$5:$AL$32),"n/a") -> 9000 | BS7: =IFERROR(IF(ISNUMBER(BR7),(BR7-AVERAGEIF('Pemetaan Variant'!$A$5:$A$32,$B7,'Pemetaan Variant'!$H$5:$H$32))/AVERAGEIF('Pemetaan Variant'!$A$5:$A$32,$B7,'Pemetaan Variant'!$H$5:$H$32)*100,"n/a"),"n/a") -> 0 | BT7: =IFERROR(IF(ISNUMBER(BS7),$C7*BS7,"n/a"),"n/a") -> 0 | BU7: =IFERROR(AVERAGEIF('Pemetaan Variant'!$A$5:$A$32,$B7,'Pemetaan Variant'!$AM$5:$AM$32),"n/a") -> 9000 | BV7: =IFERROR(IF(ISNUMBER(BU7),(BU7-AVERAGEIF('Pemetaan Variant'!$A$5:$A$32,$B7,'Pemetaan Variant'!$H$5:$H$32))/AVERAGEIF('Pemetaan Variant'!$A$5:$A$32,$B7,'Pemetaan Variant'!$H$5:$H$32)*100,"n/a"),"n/a") -> 0 | BW7: =IFERROR(IF(ISNUMBER(BV7),$C7*BV7,"n/a"),"n/a") -> 0 | BX7: =IFERROR(AVERAGEIF('Pemetaan Variant'!$A$5:$A$32,$B7,'Pemetaan Variant'!$AN$5:$AN$32),"n/a") -> 9000 | BY7: =IFERROR(IF(ISNUMBER(BX7),(BX7-AVERAGEIF('Pemetaan Variant'!$A$5:$A$32,$B7,'Pemetaan Variant'!$I$5:$I$32))/AVERAGEIF('Pemetaan Variant'!$A$5:$A$32,$B7,'Pemetaan Variant'!$I$5:$I$32)*100,"n/a"),"n/a") -> 0 | BZ7: =IFERROR(IF(ISNUMBER(BY7),$C7*BY7,"n/a"),"n/a") -> 0 | CA7: =IFERROR(AVERAGEIF('Pemetaan Variant'!$A$5:$A$32,$B7,'Pemetaan Variant'!$AO$5:$AO$32),"n/a") -> 9000 | CB7: =IFERROR(IF(ISNUMBER(CA7),(CA7-AVERAGEIF('Pemetaan Variant'!$A$5:$A$32,$B7,'Pemetaan Variant'!$I$5:$I$32))/AVERAGEIF('Pemetaan Variant'!$A$5:$A$32,$B7,'Pemetaan Variant'!$I$5:$I$32)*100,"n/a"),"n/a") -> 0 | CC7: =IFERROR(IF(ISNUMBER(CB7),$C7*CB7,"n/a"),"n/a") -> 0 | CD7: =IFERROR(AVERAGEIF('Pemetaan Variant'!$A$5:$A$32,$B7,'Pemetaan Variant'!$AP$5:$AP$32),"n/a") -> 9000 | CE7: =IFERROR(IF(ISNUMBER(CD7),(CD7-AVERAGEIF('Pemetaan Variant'!$A$5:$A$32,$B7,'Pemetaan Variant'!$I$5:$I$32))/AVERAGEIF('Pemetaan Variant'!$A$5:$A$32,$B7,'Pemetaan Variant'!$I$5:$I$32)*100,"n/a"),"n/a") -> 0 | CF7: =IFERROR(IF(ISNUMBER(CE7),$C7*CE7,"n/a"),"n/a") -> 0 | CG7: =IFERROR(AVERAGEIF('Pemetaan Variant'!$A$5:$A$32,$B7,'Pemetaan Variant'!$AQ$5:$AQ$32),"n/a") -> 11375 | CH7: =IFERROR(IF(ISNUMBER(CG7),(CG7-AVERAGEIF('Pemetaan Variant'!$A$5:$A$32,$B7,'Pemetaan Variant'!$I$5:$I$32))/AVERAGEIF('Pemetaan Variant'!$A$5:$A$32,$B7,'Pemetaan Variant'!$I$5:$I$32)*100,"n/a"),"n/a") -> 26.388889 | CI7: =IFERROR(IF(ISNUMBER(CH7),$C7*CH7,"n/a"),"n/a") -> 0.20943912 | CJ7: =IFERROR(AVERAGEIF('Pemetaan Variant'!$A$5:$A$32,$B7,'Pemetaan Variant'!$AR$5:$AR$32),"n/a") -> 11500 | CK7: =IFERROR(IF(ISNUMBER(CJ7),(CJ7-AVERAGEIF('Pemetaan Variant'!$A$5:$A$32,$B7,'Pemetaan Variant'!$J$5:$J$32))/AVERAGEIF('Pemetaan Variant'!$A$5:$A$32,$B7,'Pemetaan Variant'!$J$5:$J$32)*100,"n/a"),"n/a") -> 20.307692 | CL7: =IFERROR(IF(ISNUMBER(CK7),$C7*CK7,"n/a"),"n/a") -> 0.16117485 | CM7: =IFERROR(AVERAGEIF('Pemetaan Variant'!$A$5:$A$32,$B7,'Pemetaan Variant'!$AS$5:$AS$32),"n/a") -> 11500 | CN7: =IFERROR(IF(ISNUMBER(CM7),(CM7-AVERAGEIF('Pemetaan Variant'!$A$5:$A$32,$B7,'Pemetaan Variant'!$J$5:$J$32))/AVERAGEIF('Pemetaan Variant'!$A$5:$A$32,$B7,'Pemetaan Variant'!$J$5:$J$32)*100,"n/a"),"n/a") -> 20.307692 | CO7: =IFERROR(IF(ISNUMBER(CN7),$C7*CN7,"n/a"),"n/a") -> 0.16117485 | CP7: =IFERROR(AVERAGEIF('Pemetaan Variant'!$A$5:$A$32,$B7,'Pemetaan Variant'!$AT$5:$AT$32),"n/a") -> 11500 | CQ7: =IFERROR(IF(ISNUMBER(CP7),(CP7-AVERAGEIF('Pemetaan Variant'!$A$5:$A$32,$B7,'Pemetaan Variant'!$J$5:$J$32))/AVERAGEIF('Pemetaan Variant'!$A$5:$A$32,$B7,'Pemetaan Variant'!$J$5:$J$32)*100,"n/a"),"n/a") -> 20.307692 | CR7: =IFERROR(IF(ISNUMBER(CQ7),$C7*CQ7,"n/a"),"n/a") -> 0.16117485 | CS7: =IFERROR(AVERAGEIF('Pemetaan Variant'!$A$5:$A$32,$B7,'Pemetaan Variant'!$AU$5:$AU$32),"n/a") -> 11500 | CT7: =IFERROR(IF(ISNUMBER(CS7),(CS7-AVERAGEIF('Pemetaan Variant'!$A$5:$A$32,$B7,'Pemetaan Variant'!$J$5:$J$32))/AVERAGEIF('Pemetaan Variant'!$A$5:$A$32,$B7,'Pemetaan Variant'!$J$5:$J$32)*100,"n/a"),"n/a") -> 20.307692 | CU7: =IFERROR(IF(ISNUMBER(CT7),$C7*CT7,"n/a"),"n/a") -> 0.16117485 | CV7: =IFERROR(AVERAGEIF('Pemetaan Variant'!$A$5:$A$32,$B7,'Pemetaan Variant'!$AV$5:$AV$32),"n/a") -> 11500 | CW7: =IFERROR(IF(ISNUMBER(CV7),(CV7-AVERAGEIF('Pemetaan Variant'!$A$5:$A$32,$B7,'Pemetaan Variant'!$J$5:$J$32))/AVERAGEIF('Pemetaan Variant'!$A$5:$A$32,$B7,'Pemetaan Variant'!$J$5:$J$32)*100,"n/a"),"n/a") -> 20.307692 | CX7: =IFERROR(IF(ISNUMBER(CW7),$C7*CW7,"n/a"),"n/a") -> 0.16117485 | CY7: =IFERROR(AVERAGEIF('Pemetaan Variant'!$A$5:$A$32,$B7,'Pemetaan Variant'!$AW$5:$AW$32),"n/a") -> 0 | CZ7: =IFERROR(IF(ISNUMBER(CY7),(CY7-AVERAGEIF('Pemetaan Variant'!$A$5:$A$32,$B7,'Pemetaan Variant'!$K$5:$K$32))/AVERAGEIF('Pemetaan Variant'!$A$5:$A$32,$B7,'Pemetaan Variant'!$K$5:$K$32)*100,"n/a"),"n/a") -> -100 | DA7: =IFERROR(IF(ISNUMBER(CZ7),$C7*CZ7,"n/a"),"n/a") -> -0.79366405 | DB7: =IFERROR(AVERAGEIF('Pemetaan Variant'!$A$5:$A$32,$B7,'Pemetaan Variant'!$AX$5:$AX$32),"n/a") -> 0 | DC7: =IFERROR(IF(ISNUMBER(DB7),(DB7-AVERAGEIF('Pemetaan Variant'!$A$5:$A$32,$B7,'Pemetaan Variant'!$K$5:$K$32))/AVERAGEIF('Pemetaan Variant'!$A$5:$A$32,$B7,'Pemetaan Variant'!$K$5:$K$32)*100,"n/a"),"n/a") -> -100 | DD7: =IFERROR(IF(ISNUMBER(DC7),$C7*DC7,"n/a"),"n/a") -> -0.79366405 | DE7: =IFERROR(AVERAGEIF('Pemetaan Variant'!$A$5:$A$32,$B7,'Pemetaan Variant'!$AY$5:$AY$32),"n/a") -> 0 | DF7: =IFERROR(IF(ISNUMBER(DE7),(DE7-AVERAGEIF('Pemetaan Variant'!$A$5:$A$32,$B7,'Pemetaan Variant'!$K$5:$K$32))/AVERAGEIF('Pemetaan Variant'!$A$5:$A$32,$B7,'Pemetaan Variant'!$K$5:$K$32)*100,"n/a"),"n/a") -> -100 | DG7: =IFERROR(IF(ISNUMBER(DF7),$C7*DF7,"n/a"),"n/a") -> -0.79366405 | DH7: =IFERROR(AVERAGEIF('Pemetaan Variant'!$A$5:$A$32,$B7,'Pemetaan Variant'!$AZ$5:$AZ$32),"n/a") -> 0 | DI7: =IFERROR(IF(ISNUMBER(DH7),(DH7-AVERAGEIF('Pemetaan Variant'!$A$5:$A$32,$B7,'Pemetaan Variant'!$K$5:$K$32))/AVERAGEIF('Pemetaan Variant'!$A$5:$A$32,$B7,'Pemetaan Variant'!$K$5:$K$32)*100,"n/a"),"n/a") -> -100 | DJ7: =IFERROR(IF(ISNUMBER(DI7),$C7*DI7,"n/a"),"n/a") -> -0.79366405 | DK7: =IFERROR(AVERAGEIF('Pemetaan Variant'!$A$5:$A$32,$B7,'Pemetaan Variant'!$BA$5:$BA$32),"n/a") -> n/a | DL7: =IFERROR(IF(ISNUMBER(DK7),(DK7-AVERAGEIF('Pemetaan Variant'!$A$5:$A$32,$B7,'Pemetaan Variant'!$L$5:$L$32))/AVERAGEIF('Pemetaan Variant'!$A$5:$A$32,$B7,'Pemetaan Variant'!$L$5:$L$32)*100,"n/a"),"n/a") -> n/a | DM7: =IFERROR(IF(ISNUMBER(DL7),$C7*DL7,"n/a"),"n/a") -> n/a | DN7: =IFERROR(AVERAGEIF('Pemetaan Variant'!$A$5:$A$32,$B7,'Pemetaan Variant'!$BB$5:$BB$32),"n/a") -> n/a | DO7: =IFERROR(IF(ISNUMBER(DN7),(DN7-AVERAGEIF('Pemetaan Variant'!$A$5:$A$32,$B7,'Pemetaan Variant'!$L$5:$L$32))/AVERAGEIF('Pemetaan Variant'!$A$5:$A$32,$B7,'Pemetaan Variant'!$L$5:$L$32)*100,"n/a"),"n/a") -> n/a | DP7: =IFERROR(IF(ISNUMBER(DO7),$C7*DO7,"n/a"),"n/a") -> n/a | DQ7: =IFERROR(AVERAGEIF('Pemetaan Variant'!$A$5:$A$32,$B7,'Pemetaan Variant'!$BC$5:$BC$32),"n/a") -> n/a | DR7: =IFERROR(IF(ISNUMBER(DQ7),(DQ7-AVERAGEIF('Pemetaan Variant'!$A$5:$A$32,$B7,'Pemetaan Variant'!$L$5:$L$32))/AVERAGEIF('Pemetaan Variant'!$A$5:$A$32,$B7,'Pemetaan Variant'!$L$5:$L$32)*100,"n/a"),"n/a") -> n/a | DS7: =IFERROR(IF(ISNUMBER(DR7),$C7*DR7,"n/a"),"n/a") -> n/a | DT7: =IFERROR(AVERAGEIF('Pemetaan Variant'!$A$5:$A$32,$B7,'Pemetaan Variant'!$BD$5:$BD$32),"n/a") -> n/a | DU7: =IFERROR(IF(ISNUMBER(DT7),(DT7-AVERAGEIF('Pemetaan Variant'!$A$5:$A$32,$B7,'Pemetaan Variant'!$L$5:$L$32))/AVERAGEIF('Pemetaan Variant'!$A$5:$A$32,$B7,'Pemetaan Variant'!$L$5:$L$32)*100,"n/a"),"n/a") -> n/a | DV7: =IFERROR(IF(ISNUMBER(DU7),$C7*DU7,"n/a"),"n/a") -> n/a | DW7: =IFERROR(AVERAGEIF('Pemetaan Variant'!$A$5:$A$32,$B7,'Pemetaan Variant'!$BE$5:$BE$32),"n/a") -> n/a | DX7: =IFERROR(IF(ISNUMBER(DW7),(DW7-AVERAGEIF('Pemetaan Variant'!$A$5:$A$32,$B7,'Pemetaan Variant'!$M$5:$M$32))/AVERAGEIF('Pemetaan Variant'!$A$5:$A$32,$B7,'Pemetaan Variant'!$M$5:$M$32)*100,"n/a"),"n/a") -> n/a | DY7: =IFERROR(IF(ISNUMBER(DX7),$C7*DX7,"n/a"),"n/a") -> n/a | DZ7: =IFERROR(AVERAGEIF('Pemetaan Variant'!$A$5:$A$32,$B7,'Pemetaan Variant'!$BF$5:$BF$32),"n/a") -> n/a | EA7: =IFERROR(IF(ISNUMBER(DZ7),(DZ7-AVERAGEIF('Pemetaan Variant'!$A$5:$A$32,$B7,'Pemetaan Variant'!$M$5:$M$32))/AVERAGEIF('Pemetaan Variant'!$A$5:$A$32,$B7,'Pemetaan Variant'!$M$5:$M$32)*100,"n/a"),"n/a") -> n/a | EB7: =IFERROR(IF(ISNUMBER(EA7),$C7*EA7,"n/a"),"n/a") -> n/a | EC7: =IFERROR(AVERAGEIF('Pemetaan Variant'!$A$5:$A$32,$B7,'Pemetaan Variant'!$BG$5:$BG$32),"n/a") -> n/a | ED7: =IFERROR(IF(ISNUMBER(EC7),(EC7-AVERAGEIF('Pemetaan Variant'!$A$5:$A$32,$B7,'Pemetaan Variant'!$M$5:$M$32))/AVERAGEIF('Pemetaan Variant'!$A$5:$A$32,$B7,'Pemetaan Variant'!$M$5:$M$32)*100,"n/a"),"n/a") -> n/a | EE7: =IFERROR(IF(ISNUMBER(ED7),$C7*ED7,"n/a"),"n/a") -> n/a | EF7: =IFERROR(AVERAGEIF('Pemetaan Variant'!$A$5:$A$32,$B7,'Pemetaan Variant'!$BH$5:$BH$32),"n/a") -> n/a | EG7: =IFERROR(IF(ISNUMBER(EF7),(EF7-AVERAGEIF('Pemetaan Variant'!$A$5:$A$32,$B7,'Pemetaan Variant'!$M$5:$M$32))/AVERAGEIF('Pemetaan Variant'!$A$5:$A$32,$B7,'Pemetaan Variant'!$M$5:$M$32)*100,"n/a"),"n/a") -> n/a | EH7: =IFERROR(IF(ISNUMBER(EG7),$C7*EG7,"n/a"),"n/a") -> n/a | EI7: =IFERROR(AVERAGEIF('Pemetaan Variant'!$A$5:$A$32,$B7,'Pemetaan Variant'!$BI$5:$BI$32),"n/a") -> n/a | EJ7: =IFERROR(IF(ISNUMBER(EI7),(EI7-AVERAGEIF('Pemetaan Variant'!$A$5:$A$32,$B7,'Pemetaan Variant'!$M$5:$M$32))/AVERAGEIF('Pemetaan Variant'!$A$5:$A$32,$B7,'Pemetaan Variant'!$M$5:$M$32)*100,"n/a"),"n/a") -> n/a | EK7: =IFERROR(IF(ISNUMBER(EJ7),$C7*EJ7,"n/a"),"n/a") -> n/a | EL7: =IFERROR(AVERAGEIF('Pemetaan Variant'!$A$5:$A$32,$B7,'Pemetaan Variant'!$BJ$5:$BJ$32),"n/a") -> n/a | EM7: =IFERROR(IF(ISNUMBER(EL7),(EL7-AVERAGEIF('Pemetaan Variant'!$A$5:$A$32,$B7,'Pemetaan Variant'!$N$5:$N$32))/AVERAGEIF('Pemetaan Variant'!$A$5:$A$32,$B7,'Pemetaan Variant'!$N$5:$N$32)*100,"n/a"),"n/a") -> n/a | EN7: =IFERROR(IF(ISNUMBER(EM7),$C7*EM7,"n/a"),"n/a") -> n/a | EO7: =IFERROR(AVERAGEIF('Pemetaan Variant'!$A$5:$A$32,$B7,'Pemetaan Variant'!$BK$5:$BK$32),"n/a") -> n/a | EP7: =IFERROR(IF(ISNUMBER(EO7),(EO7-AVERAGEIF('Pemetaan Variant'!$A$5:$A$32,$B7,'Pemetaan Variant'!$N$5:$N$32))/AVERAGEIF('Pemetaan Variant'!$A$5:$A$32,$B7,'Pemetaan Variant'!$N$5:$N$32)*100,"n/a"),"n/a") -> n/a | EQ7: =IFERROR(IF(ISNUMBER(EP7),$C7*EP7,"n/a"),"n/a") -> n/a | ER7: =IFERROR(AVERAGEIF('Pemetaan Variant'!$A$5:$A$32,$B7,'Pemetaan Variant'!$BL$5:$BL$32),"n/a") -> n/a | ES7: =IFERROR(IF(ISNUMBER(ER7),(ER7-AVERAGEIF('Pemetaan Variant'!$A$5:$A$32,$B7,'Pemetaan Variant'!$N$5:$N$32))/AVERAGEIF('Pemetaan Variant'!$A$5:$A$32,$B7,'Pemetaan Variant'!$N$5:$N$32)*100,"n/a"),"n/a") -> n/a | ET7: =IFERROR(IF(ISNUMBER(ES7),$C7*ES7,"n/a"),"n/a") -> n/a | EU7: =IFERROR(AVERAGEIF('Pemetaan Variant'!$A$5:$A$32,$B7,'Pemetaan Variant'!$BM$5:$BM$32),"n/a") -> n/a | EV7: =IFERROR(IF(ISNUMBER(EU7),(EU7-AVERAGEIF('Pemetaan Variant'!$A$5:$A$32,$B7,'Pemetaan Variant'!$N$5:$N$32))/AVERAGEIF('Pemetaan Variant'!$A$5:$A$32,$B7,'Pemetaan Variant'!$N$5:$N$32)*100,"n/a"),"n/a") -> n/a | EW7: =IFERROR(IF(ISNUMBER(EV7),$C7*EV7,"n/a"),"n/a") -> n/a | EX7: =IFERROR(AVERAGEIF('Pemetaan Variant'!$A$5:$A$32,$B7,'Pemetaan Variant'!$BN$5:$BN$32),"n/a") -> n/a | EY7: =IFERROR(IF(ISNUMBER(EX7),(EX7-AVERAGEIF('Pemetaan Variant'!$A$5:$A$32,$B7,'Pemetaan Variant'!$O$5:$O$32))/AVERAGEIF('Pemetaan Variant'!$A$5:$A$32,$B7,'Pemetaan Variant'!$O$5:$O$32)*100,"n/a"),"n/a") -> n/a | EZ7: =IFERROR(IF(ISNUMBER(EY7),$C7*EY7,"n/a"),"n/a") -> n/a | FA7: =IFERROR(AVERAGEIF('Pemetaan Variant'!$A$5:$A$32,$B7,'Pemetaan Variant'!$BO$5:$BO$32),"n/a") -> n/a | FB7: =IFERROR(IF(ISNUMBER(FA7),(FA7-AVERAGEIF('Pemetaan Variant'!$A$5:$A$32,$B7,'Pemetaan Variant'!$O$5:$O$32))/AVERAGEIF('Pemetaan Variant'!$A$5:$A$32,$B7,'Pemetaan Variant'!$O$5:$O$32)*100,"n/a"),"n/a") -> n/a | FC7: =IFERROR(IF(ISNUMBER(FB7),$C7*FB7,"n/a"),"n/a") -> n/a | FD7: =IFERROR(AVERAGEIF('Pemetaan Variant'!$A$5:$A$32,$B7,'Pemetaan Variant'!$BP$5:$BP$32),"n/a") -> n/a | FE7: =IFERROR(IF(ISNUMBER(FD7),(FD7-AVERAGEIF('Pemetaan Variant'!$A$5:$A$32,$B7,'Pemetaan Variant'!$O$5:$O$32))/AVERAGEIF('Pemetaan Variant'!$A$5:$A$32,$B7,'Pemetaan Variant'!$O$5:$O$32)*100,"n/a"),"n/a") -> n/a | FF7: =IFERROR(IF(ISNUMBER(FE7),$C7*FE7,"n/a"),"n/a") -> n/a | FG7: =IFERROR(AVERAGEIF('Pemetaan Variant'!$A$5:$A$32,$B7,'Pemetaan Variant'!$BQ$5:$BQ$32),"n/a") -> n/a | FH7: =IFERROR(IF(ISNUMBER(FG7),(FG7-AVERAGEIF('Pemetaan Variant'!$A$5:$A$32,$B7,'Pemetaan Variant'!$O$5:$O$32))/AVERAGEIF('Pemetaan Variant'!$A$5:$A$32,$B7,'Pemetaan Variant'!$O$5:$O$32)*100,"n/a"),"n/a") -> n/a | FI7: =IFERROR(IF(ISNUMBER(FH7),$C7*FH7,"n/a"),"n/a") -> n/a | FJ7: =IFERROR(AVERAGEIF('Pemetaan Variant'!$A$5:$A$32,$B7,'Pemetaan Variant'!$BR$5:$BR$32),"n/a") -> n/a | FK7: =IFERROR(IF(ISNUMBER(FJ7),(FJ7-AVERAGEIF('Pemetaan Variant'!$A$5:$A$32,$B7,'Pemetaan Variant'!$O$5:$O$32))/AVERAGEIF('Pemetaan Variant'!$A$5:$A$32,$B7,'Pemetaan Variant'!$O$5:$O$32)*100,"n/a"),"n/a") -> n/a | FL7: =IFERROR(IF(ISNUMBER(FK7),$C7*FK7,"n/a"),"n/a") -> n/a | FO7: =IFERROR(ABS(F7),0) -> 0 | FP7: =IFERROR(ABS(I7),0) -> 0.0083543584 | FQ7: =IFERROR(ABS(L7),0) -> 0.041771792 | FR7: =IFERROR(ABS(O7),0) -> 0.041771792 | FS7: =IFERROR(ABS(R7),0) -> 0.041771792 | FT7: =IFERROR(ABS(U7),0) -> 0.013683863 | FU7: =IFERROR(ABS(X7),0) -> 0.013683863 | FV7: =IFERROR(ABS(AA7),0) -> 0.013683863 | FW7: =IFERROR(ABS(AD7),0) -> 0.013683863 | FX7: =IFERROR(ABS(AG7),0) -> 0 | FY7: =IFERROR(ABS(AJ7),0) -> 0 | FZ7: =IFERROR(ABS(AM7),0) -> 0 | GA7: =IFERROR(ABS(AP7),0) -> 0 | GB7: =IFERROR(ABS(AS7),0) -> 0 | GC7: =IFERROR(ABS(AV7),0) -> 0 | GD7: =IFERROR(ABS(AY7),0) -> 0 | GE7: =IFERROR(ABS(BB7),0) -> 0 | GF7: =IFERROR(ABS(BE7),0) -> 0 | GG7: =IFERROR(ABS(BH7),0) -> 0 | GH7: =IFERROR(ABS(BK7),0) -> 0 | GI7: =IFERROR(ABS(BN7),0) -> 0 | GJ7: =IFERROR(ABS(BQ7),0) -> 0 | GK7: =IFERROR(ABS(BT7),0) -> 0 | GL7: =IFERROR(ABS(BW7),0) -> 0 | GM7: =IFERROR(ABS(BZ7),0) -> 0 | GN7: =IFERROR(ABS(CC7),0) -> 0 | GO7: =IFERROR(ABS(CF7),0) -> 0 | GP7: =IFERROR(ABS(CI7),0) -> 0.20943912 | GQ7: =IFERROR(ABS(CL7),0) -> 0.16117485 | GR7: =IFERROR(ABS(CO7),0) -> 0.16117485 | GS7: =IFERROR(ABS(CR7),0) -> 0.16117485 | GT7: =IFERROR(ABS(CU7),0) -> 0.16117485 | GU7: =IFERROR(ABS(CX7),0) -> 0.16117485 | GV7: =IFERROR(ABS(DA7),0) -> 0.79366405 | GW7: =IFERROR(ABS(DD7),0) -> 0.79366405 | GX7: =IFERROR(ABS(DG7),0) -> 0.79366405 | GY7: =IFERROR(ABS(DJ7),0) -> 0.79366405 | GZ7: =IFERROR(ABS(DM7),0) -> 0 | HA7: =IFERROR(ABS(DP7),0) -> 0 | HB7: =IFERROR(ABS(DS7),0) -> 0 | HC7: =IFERROR(ABS(DV7),0) -> 0 | HD7: =IFERROR(ABS(DY7),0) -> 0 | HE7: =IFERROR(ABS(EB7),0) -> 0 | HF7: =IFERROR(ABS(EE7),0) -> 0 | HG7: =IFERROR(ABS(EH7),0) -> 0 | HH7: =IFERROR(ABS(EK7),0) -> 0 | HI7: =IFERROR(ABS(EN7),0) -> 0 | HJ7: =IFERROR(ABS(EQ7),0) -> 0 | HK7: =IFERROR(ABS(ET7),0) -> 0 | HL7: =IFERROR(ABS(EW7),0) -> 0 | HM7: =IFERROR(ABS(EZ7),0) -> 0 | HN7: =IFERROR(ABS(FC7),0) -> 0 | HO7: =IFERROR(ABS(FF7),0) -> 0 | HP7: =IFERROR(ABS(FI7),0) -> 0 | HQ7: =IFERROR(ABS(FL7),0) -> 0
A8: 3 | B8: tahu mentah 1194011 | C8: ='P0Q0 Dasar 2022'!F7 -> 0.021332158 | D8: =IFERROR(AVERAGEIF('Pemetaan Variant'!$A$5:$A$32,$B8,'Pemetaan Variant'!$P$5:$P$32),"n/a") -> 4750 | E8: =IFERROR(IF(ISNUMBER(D8),(D8-AVERAGEIF('Pemetaan Variant'!$A$5:$A$32,$B8,'Pemetaan Variant'!$D$5:$D$32))/AVERAGEIF('Pemetaan Variant'!$A$5:$A$32,$B8,'Pemetaan Variant'!$D$5:$D$32)*100,"n/a"),"n/a") -> 0 | F8: =IFERROR(IF(ISNUMBER(E8),$C8*E8,"n/a"),"n/a") -> 0 | G8: =IFERROR(AVERAGEIF('Pemetaan Variant'!$A$5:$A$32,$B8,'Pemetaan Variant'!$Q$5:$Q$32),"n/a") -> 4750 | H8: =IFERROR(IF(ISNUMBER(G8),(G8-AVERAGEIF('Pemetaan Variant'!$A$5:$A$32,$B8,'Pemetaan Variant'!$D$5:$D$32))/AVERAGEIF('Pemetaan Variant'!$A$5:$A$32,$B8,'Pemetaan Variant'!$D$5:$D$32)*100,"n/a"),"n/a") -> 0 | I8: =IFERROR(IF(ISNUMBER(H8),$C8*H8,"n/a"),"n/a") -> 0 | J8: =IFERROR(AVERAGEIF('Pemetaan Variant'!$A$5:$A$32,$B8,'Pemetaan Variant'!$R$5:$R$32),"n/a") -> 4750 | K8: =IFERROR(IF(ISNUMBER(J8),(J8-AVERAGEIF('Pemetaan Variant'!$A$5:$A$32,$B8,'Pemetaan Variant'!$D$5:$D$32))/AVERAGEIF('Pemetaan Variant'!$A$5:$A$32,$B8,'Pemetaan Variant'!$D$5:$D$32)*100,"n/a"),"n/a") -> 0 | L8: =IFERROR(IF(ISNUMBER(K8),$C8*K8,"n/a"),"n/a") -> 0 | M8: =IFERROR(AVERAGEIF('Pemetaan Variant'!$A$5:$A$32,$B8,'Pemetaan Variant'!$S$5:$S$32),"n/a") -> 4750 | N8: =IFERROR(IF(ISNUMBER(M8),(M8-AVERAGEIF('Pemetaan Variant'!$A$5:$A$32,$B8,'Pemetaan Variant'!$D$5:$D$32))/AVERAGEIF('Pemetaan Variant'!$A$5:$A$32,$B8,'Pemetaan Variant'!$D$5:$D$32)*100,"n/a"),"n/a") -> 0 | O8: =IFERROR(IF(ISNUMBER(N8),$C8*N8,"n/a"),"n/a") -> 0 | P8: =IFERROR(AVERAGEIF('Pemetaan Variant'!$A$5:$A$32,$B8,'Pemetaan Variant'!$T$5:$T$32),"n/a") -> 4750 | Q8: =IFERROR(IF(ISNUMBER(P8),(P8-AVERAGEIF('Pemetaan Variant'!$A$5:$A$32,$B8,'Pemetaan Variant'!$D$5:$D$32))/AVERAGEIF('Pemetaan Variant'!$A$5:$A$32,$B8,'Pemetaan Variant'!$D$5:$D$32)*100,"n/a"),"n/a") -> 0 | R8: =IFERROR(IF(ISNUMBER(Q8),$C8*Q8,"n/a"),"n/a") -> 0 | S8: =IFERROR(AVERAGEIF('Pemetaan Variant'!$A$5:$A$32,$B8,'Pemetaan Variant'!$U$5:$U$32),"n/a") -> 4750 | T8: =IFERROR(IF(ISNUMBER(S8),(S8-AVERAGEIF('Pemetaan Variant'!$A$5:$A$32,$B8,'Pemetaan Variant'!$E$5:$E$32))/AVERAGEIF('Pemetaan Variant'!$A$5:$A$32,$B8,'Pemetaan Variant'!$E$5:$E$32)*100,"n/a"),"n/a") -> 0 | U8: =IFERROR(IF(ISNUMBER(T8),$C8*T8,"n/a"),"n/a") -> 0 | V8: =IFERROR(AVERAGEIF('Pemetaan Variant'!$A$5:$A$32,$B8,'Pemetaan Variant'!$V$5:$V$32),"n/a") -> 4750 | W8: =IFERROR(IF(ISNUMBER(V8),(V8-AVERAGEIF('Pemetaan Variant'!$A$5:$A$32,$B8,'Pemetaan Variant'!$E$5:$E$32))/AVERAGEIF('Pemetaan Variant'!$A$5:$A$32,$B8,'Pemetaan Variant'!$E$5:$E$32)*100,"n/a"),"n/a") -> 0 | X8: =IFERROR(IF(ISNUMBER(W8),$C8*W8,"n/a"),"n/a") -> 0 | Y8: =IFERROR(AVERAGEIF('Pemetaan Variant'!$A$5:$A$32,$B8,'Pemetaan Variant'!$W$5:$W$32),"n/a") -> 4750 | Z8: =IFERROR(IF(ISNUMBER(Y8),(Y8-AVERAGEIF('Pemetaan Variant'!$A$5:$A$32,$B8,'Pemetaan Variant'!$E$5:$E$32))/AVERAGEIF('Pemetaan Variant'!$A$5:$A$32,$B8,'Pemetaan Variant'!$E$5:$E$32)*100,"n/a"),"n/a") -> 0 | AA8: =IFERROR(IF(ISNUMBER(Z8),$C8*Z8,"n/a"),"n/a") -> 0 | AB8: =IFERROR(AVERAGEIF('Pemetaan Variant'!$A$5:$A$32,$B8,'Pemetaan Variant'!$X$5:$X$32),"n/a") -> 4750 | AC8: =IFERROR(IF(ISNUMBER(AB8),(AB8-AVERAGEIF('Pemetaan Variant'!$A$5:$A$32,$B8,'Pemetaan Variant'!$E$5:$E$32))/AVERAGEIF('Pemetaan Variant'!$A$5:$A$32,$B8,'Pemetaan Variant'!$E$5:$E$32)*100,"n/a"),"n/a") -> 0 | AD8: =IFERROR(IF(ISNUMBER(AC8),$C8*AC8,"n/a"),"n/a") -> 0 | AE8: =IFERROR(AVERAGEIF('Pemetaan Variant'!$A$5:$A$32,$B8,'Pemetaan Variant'!$Y$5:$Y$32),"n/a") -> 4750 | AF8: =IFERROR(IF(ISNUMBER(AE8),(AE8-AVERAGEIF('Pemetaan Variant'!$A$5:$A$32,$B8,'Pemetaan Variant'!$F$5:$F$32))/AVERAGEIF('Pemetaan Variant'!$A$5:$A$32,$B8,'Pemetaan Variant'!$F$5:$F$32)*100,"n/a"),"n/a") -> 0 | AG8: =IFERROR(IF(ISNUMBER(AF8),$C8*AF8,"n/a"),"n/a") -> 0 | AH8: =IFERROR(AVERAGEIF('Pemetaan Variant'!$A$5:$A$32,$B8,'Pemetaan Variant'!$Z$5:$Z$32),"n/a") -> 4750 | AI8: =IFERROR(IF(ISNUMBER(AH8),(AH8-AVERAGEIF('Pemetaan Variant'!$A$5:$A$32,$B8,'Pemetaan Variant'!$F$5:$F$32))/AVERAGEIF('Pemetaan Variant'!$A$5:$A$32,$B8,'Pemetaan Variant'!$F$5:$F$32)*100,"n/a"),"n/a") -> 0 | AJ8: =IFERROR(IF(ISNUMBER(AI8),$C8*AI8,"n/a"),"n/a") -> 0 | AK8: =IFERROR(AVERAGEIF('Pemetaan Variant'!$A$5:$A$32,$B8,'Pemetaan Variant'!$AA$5:$AA$32),"n/a") -> 4750 | AL8: =IFERROR(IF(ISNUMBER(AK8),(AK8-AVERAGEIF('Pemetaan Variant'!$A$5:$A$32,$B8,'Pemetaan Variant'!$F$5:$F$32))/AVERAGEIF('Pemetaan Variant'!$A$5:$A$32,$B8,'Pemetaan Variant'!$F$5:$F$32)*100,"n/a"),"n/a") -> 0 | AM8: =IFERROR(IF(ISNUMBER(AL8),$C8*AL8,"n/a"),"n/a") -> 0 | AN8: =IFERROR(AVERAGEIF('Pemetaan Variant'!$A$5:$A$32,$B8,'Pemetaan Variant'!$AB$5:$AB$32),"n/a") -> 4750 | AO8: =IFERROR(IF(ISNUMBER(AN8),(AN8-AVERAGEIF('Pemetaan Variant'!$A$5:$A$32,$B8,'Pemetaan Variant'!$F$5:$F$32))/AVERAGEIF('Pemetaan Variant'!$A$5:$A$32,$B8,'Pemetaan Variant'!$F$5:$F$32)*100,"n/a"),"n/a") -> 0 | AP8: =IFERROR(IF(ISNUMBER(AO8),$C8*AO8,"n/a"),"n/a") -> 0 | AQ8: =IFERROR(AVERAGEIF('Pemetaan Variant'!$A$5:$A$32,$B8,'Pemetaan Variant'!$AC$5:$AC$32),"n/a") -> n/a | AR8: =IFERROR(IF(ISNUMBER(AQ8),(AQ8-AVERAGEIF('Pemetaan Variant'!$A$5:$A$32,$B8,'Pemetaan Variant'!$F$5:$F$32))/AVERAGEIF('Pemetaan Variant'!$A$5:$A$32,$B8,'Pemetaan Variant'!$F$5:$F$32)*100,"n/a"),"n/a") -> n/a | AS8: =IFERROR(IF(ISNUMBER(AR8),$C8*AR8,"n/a"),"n/a") -> n/a | AT8: =IFERROR(AVERAGEIF('Pemetaan Variant'!$A$5:$A$32,$B8,'Pemetaan Variant'!$AD$5:$AD$32),"n/a") -> n/a | AU8: =IFERROR(IF(ISNUMBER(AT8),(AT8-AVERAGEIF('Pemetaan Variant'!$A$5:$A$32,$B8,'Pemetaan Variant'!$G$5:$G$32))/AVERAGEIF('Pemetaan Variant'!$A$5:$A$32,$B8,'Pemetaan Variant'!$G$5:$G$32)*100,"n/a"),"n/a") -> n/a | AV8: =IFERROR(IF(ISNUMBER(AU8),$C8*AU8,"n/a"),"n/a") -> n/a | AW8: =IFERROR(AVERAGEIF('Pemetaan Variant'!$A$5:$A$32,$B8,'Pemetaan Variant'!$AE$5:$AE$32),"n/a") -> 4750 | AX8: =IFERROR(IF(ISNUMBER(AW8),(AW8-AVERAGEIF('Pemetaan Variant'!$A$5:$A$32,$B8,'Pemetaan Variant'!$G$5:$G$32))/AVERAGEIF('Pemetaan Variant'!$A$5:$A$32,$B8,'Pemetaan Variant'!$G$5:$G$32)*100,"n/a"),"n/a") -> 0 | AY8: =IFERROR(IF(ISNUMBER(AX8),$C8*AX8,"n/a"),"n/a") -> 0 | AZ8: =IFERROR(AVERAGEIF('Pemetaan Variant'!$A$5:$A$32,$B8,'Pemetaan Variant'!$AF$5:$AF$32),"n/a") -> 4750 | BA8: =IFERROR(IF(ISNUMBER(AZ8),(AZ8-AVERAGEIF('Pemetaan Variant'!$A$5:$A$32,$B8,'Pemetaan Variant'!$G$5:$G$32))/AVERAGEIF('Pemetaan Variant'!$A$5:$A$32,$B8,'Pemetaan Variant'!$G$5:$G$32)*100,"n/a"),"n/a") -> 0 | BB8: =IFERROR(IF(ISNUMBER(BA8),$C8*BA8,"n/a"),"n/a") -> 0 | BC8: =IFERROR(AVERAGEIF('Pemetaan Variant'!$A$5:$A$32,$B8,'Pemetaan Variant'!$AG$5:$AG$32),"n/a") -> 4750 | BD8: =IFERROR(IF(ISNUMBER(BC8),(BC8-AVERAGEIF('Pemetaan Variant'!$A$5:$A$32,$B8,'Pemetaan Variant'!$G$5:$G$32))/AVERAGEIF('Pemetaan Variant'!$A$5:$A$32,$B8,'Pemetaan Variant'!$G$5:$G$32)*100,"n/a"),"n/a") -> 0 | BE8: =IFERROR(IF(ISNUMBER(BD8),$C8*BD8,"n/a"),"n/a") -> 0 | BF8: =IFERROR(AVERAGEIF('Pemetaan Variant'!$A$5:$A$32,$B8,'Pemetaan Variant'!$AH$5:$AH$32),"n/a") -> 4750 | BG8: =IFERROR(IF(ISNUMBER(BF8),(BF8-AVERAGEIF('Pemetaan Variant'!$A$5:$A$32,$B8,'Pemetaan Variant'!$G$5:$G$32))/AVERAGEIF('Pemetaan Variant'!$A$5:$A$32,$B8,'Pemetaan Variant'!$G$5:$G$32)*100,"n/a"),"n/a") -> 0 | BH8: =IFERROR(IF(ISNUMBER(BG8),$C8*BG8,"n/a"),"n/a") -> 0 | BI8: =IFERROR(AVERAGEIF('Pemetaan Variant'!$A$5:$A$32,$B8,'Pemetaan Variant'!$AI$5:$AI$32),"n/a") -> 4750 | BJ8: =IFERROR(IF(ISNUMBER(BI8),(BI8-AVERAGEIF('Pemetaan Variant'!$A$5:$A$32,$B8,'Pemetaan Variant'!$H$5:$H$32))/AVERAGEIF('Pemetaan Variant'!$A$5:$A$32,$B8,'Pemetaan Variant'!$H$5:$H$32)*100,"n/a"),"n/a") -> 0 | BK8: =IFERROR(IF(ISNUMBER(BJ8),$C8*BJ8,"n/a"),"n/a") -> 0 | BL8: =IFERROR(AVERAGEIF('Pemetaan Variant'!$A$5:$A$32,$B8,'Pemetaan Variant'!$AJ$5:$AJ$32),"n/a") -> 4750 | BM8: =IFERROR(IF(ISNUMBER(BL8),(BL8-AVERAGEIF('Pemetaan Variant'!$A$5:$A$32,$B8,'Pemetaan Variant'!$H$5:$H$32))/AVERAGEIF('Pemetaan Variant'!$A$5:$A$32,$B8,'Pemetaan Variant'!$H$5:$H$32)*100,"n/a"),"n/a") -> 0 | BN8: =IFERROR(IF(ISNUMBER(BM8),$C8*BM8,"n/a"),"n/a") -> 0 | BO8: =IFERROR(AVERAGEIF('Pemetaan Variant'!$A$5:$A$32,$B8,'Pemetaan Variant'!$AK$5:$AK$32),"n/a") -> 4750 | BP8: =IFERROR(IF(ISNUMBER(BO8),(BO8-AVERAGEIF('Pemetaan Variant'!$A$5:$A$32,$B8,'Pemetaan Variant'!$H$5:$H$32))/AVERAGEIF('Pemetaan Variant'!$A$5:$A$32,$B8,'Pemetaan Variant'!$H$5:$H$32)*100,"n/a"),"n/a") -> 0 | BQ8: =IFERROR(IF(ISNUMBER(BP8),$C8*BP8,"n/a"),"n/a") -> 0 | BR8: =IFERROR(AVERAGEIF('Pemetaan Variant'!$A$5:$A$32,$B8,'Pemetaan Variant'!$AL$5:$AL$32),"n/a") -> 4750 | BS8: =IFERROR(IF(ISNUMBER(BR8),(BR8-AVERAGEIF('Pemetaan Variant'!$A$5:$A$32,$B8,'Pemetaan Variant'!$H$5:$H$32))/AVERAGEIF('Pemetaan Variant'!$A$5:$A$32,$B8,'Pemetaan Variant'!$H$5:$H$32)*100,"n/a"),"n/a") -> 0 | BT8: =IFERROR(IF(ISNUMBER(BS8),$C8*BS8,"n/a"),"n/a") -> 0 | BU8: =IFERROR(AVERAGEIF('Pemetaan Variant'!$A$5:$A$32,$B8,'Pemetaan Variant'!$AM$5:$AM$32),"n/a") -> 4750 | BV8: =IFERROR(IF(ISNUMBER(BU8),(BU8-AVERAGEIF('Pemetaan Variant'!$A$5:$A$32,$B8,'Pemetaan Variant'!$H$5:$H$32))/AVERAGEIF('Pemetaan Variant'!$A$5:$A$32,$B8,'Pemetaan Variant'!$H$5:$H$32)*100,"n/a"),"n/a") -> 0 | BW8: =IFERROR(IF(ISNUMBER(BV8),$C8*BV8,"n/a"),"n/a") -> 0 | BX8: =IFERROR(AVERAGEIF('Pemetaan Variant'!$A$5:$A$32,$B8,'Pemetaan Variant'!$AN$5:$AN$32),"n/a") -> 4750 | BY8: =IFERROR(IF(ISNUMBER(BX8),(BX8-AVERAGEIF('Pemetaan Variant'!$A$5:$A$32,$B8,'Pemetaan Variant'!$I$5:$I$32))/AVERAGEIF('Pemetaan Variant'!$A$5:$A$32,$B8,'Pemetaan Variant'!$I$5:$I$32)*100,"n/a"),"n/a") -> 0 | BZ8: =IFERROR(IF(ISNUMBER(BY8),$C8*BY8,"n/a"),"n/a") -> 0 | CA8: =IFERROR(AVERAGEIF('Pemetaan Variant'!$A$5:$A$32,$B8,'Pemetaan Variant'!$AO$5:$AO$32),"n/a") -> 4750 | CB8: =IFERROR(IF(ISNUMBER(CA8),(CA8-AVERAGEIF('Pemetaan Variant'!$A$5:$A$32,$B8,'Pemetaan Variant'!$I$5:$I$32))/AVERAGEIF('Pemetaan Variant'!$A$5:$A$32,$B8,'Pemetaan Variant'!$I$5:$I$32)*100,"n/a"),"n/a") -> 0 | CC8: =IFERROR(IF(ISNUMBER(CB8),$C8*CB8,"n/a"),"n/a") -> 0 | CD8: =IFERROR(AVERAGEIF('Pemetaan Variant'!$A$5:$A$32,$B8,'Pemetaan Variant'!$AP$5:$AP$32),"n/a") -> 4750 | CE8: =IFERROR(IF(ISNUMBER(CD8),(CD8-AVERAGEIF('Pemetaan Variant'!$A$5:$A$32,$B8,'Pemetaan Variant'!$I$5:$I$32))/AVERAGEIF('Pemetaan Variant'!$A$5:$A$32,$B8,'Pemetaan Variant'!$I$5:$I$32)*100,"n/a"),"n/a") -> 0 | CF8: =IFERROR(IF(ISNUMBER(CE8),$C8*CE8,"n/a"),"n/a") -> 0 | CG8: =IFERROR(AVERAGEIF('Pemetaan Variant'!$A$5:$A$32,$B8,'Pemetaan Variant'!$AQ$5:$AQ$32),"n/a") -> 4750 | CH8: =IFERROR(IF(ISNUMBER(CG8),(CG8-AVERAGEIF('Pemetaan Variant'!$A$5:$A$32,$B8,'Pemetaan Variant'!$I$5:$I$32))/AVERAGEIF('Pemetaan Variant'!$A$5:$A$32,$B8,'Pemetaan Variant'!$I$5:$I$32)*100,"n/a"),"n/a") -> 0 | CI8: =IFERROR(IF(ISNUMBER(CH8),$C8*CH8,"n/a"),"n/a") -> 0 | CJ8: =IFERROR(AVERAGEIF('Pemetaan Variant'!$A$5:$A$32,$B8,'Pemetaan Variant'!$AR$5:$AR$32),"n/a") -> 4750 | CK8: =IFERROR(IF(ISNUMBER(CJ8),(CJ8-AVERAGEIF('Pemetaan Variant'!$A$5:$A$32,$B8,'Pemetaan Variant'!$J$5:$J$32))/AVERAGEIF('Pemetaan Variant'!$A$5:$A$32,$B8,'Pemetaan Variant'!$J$5:$J$32)*100,"n/a"),"n/a") -> 0 | CL8: =IFERROR(IF(ISNUMBER(CK8),$C8*CK8,"n/a"),"n/a") -> 0 | CM8: =IFERROR(AVERAGEIF('Pemetaan Variant'!$A$5:$A$32,$B8,'Pemetaan Variant'!$AS$5:$AS$32),"n/a") -> 4750 | CN8: =IFERROR(IF(ISNUMBER(CM8),(CM8-AVERAGEIF('Pemetaan Variant'!$A$5:$A$32,$B8,'Pemetaan Variant'!$J$5:$J$32))/AVERAGEIF('Pemetaan Variant'!$A$5:$A$32,$B8,'Pemetaan Variant'!$J$5:$J$32)*100,"n/a"),"n/a") -> 0 | CO8: =IFERROR(IF(ISNUMBER(CN8),$C8*CN8,"n/a"),"n/a") -> 0 | CP8: =IFERROR(AVERAGEIF('Pemetaan Variant'!$A$5:$A$32,$B8,'Pemetaan Variant'!$AT$5:$AT$32),"n/a") -> 4750 | CQ8: =IFERROR(IF(ISNUMBER(CP8),(CP8-AVERAGEIF('Pemetaan Variant'!$A$5:$A$32,$B8,'Pemetaan Variant'!$J$5:$J$32))/AVERAGEIF('Pemetaan Variant'!$A$5:$A$32,$B8,'Pemetaan Variant'!$J$5:$J$32)*100,"n/a"),"n/a") -> 0 | CR8: =IFERROR(IF(ISNUMBER(CQ8),$C8*CQ8,"n/a"),"n/a") -> 0 | CS8: =IFERROR(AVERAGEIF('Pemetaan Variant'!$A$5:$A$32,$B8,'Pemetaan Variant'!$AU$5:$AU$32),"n/a") -> 4750 | CT8: =IFERROR(IF(ISNUMBER(CS8),(CS8-AVERAGEIF('Pemetaan Variant'!$A$5:$A$32,$B8,'Pemetaan Variant'!$J$5:$J$32))/AVERAGEIF('Pemetaan Variant'!$A$5:$A$32,$B8,'Pemetaan Variant'!$J$5:$J$32)*100,"n/a"),"n/a") -> 0 | CU8: =IFERROR(IF(ISNUMBER(CT8),$C8*CT8,"n/a"),"n/a") -> 0 | CV8: =IFERROR(AVERAGEIF('Pemetaan Variant'!$A$5:$A$32,$B8,'Pemetaan Variant'!$AV$5:$AV$32),"n/a") -> 4750 | CW8: =IFERROR(IF(ISNUMBER(CV8),(CV8-AVERAGEIF('Pemetaan Variant'!$A$5:$A$32,$B8,'Pemetaan Variant'!$J$5:$J$32))/AVERAGEIF('Pemetaan Variant'!$A$5:$A$32,$B8,'Pemetaan Variant'!$J$5:$J$32)*100,"n/a"),"n/a") -> 0 | CX8: =IFERROR(IF(ISNUMBER(CW8),$C8*CW8,"n/a"),"n/a") -> 0 | CY8: =IFERROR(AVERAGEIF('Pemetaan Variant'!$A$5:$A$32,$B8,'Pemetaan Variant'!$AW$5:$AW$32),"n/a") -> 0 | CZ8: =IFERROR(IF(ISNUMBER(CY8),(CY8-AVERAGEIF('Pemetaan Variant'!$A$5:$A$32,$B8,'Pemetaan Variant'!$K$5:$K$32))/AVERAGEIF('Pemetaan Variant'!$A$5:$A$32,$B8,'Pemetaan Variant'!$K$5:$K$32)*100,"n/a"),"n/a") -> -100 | DA8: =IFERROR(IF(ISNUMBER(CZ8),$C8*CZ8,"n/a"),"n/a") -> -2.1332158 | DB8: =IFERROR(AVERAGEIF('Pemetaan Variant'!$A$5:$A$32,$B8,'Pemetaan Variant'!$AX$5:$AX$32),"n/a") -> 0 | DC8: =IFERROR(IF(ISNUMBER(DB8),(DB8-AVERAGEIF('Pemetaan Variant'!$A$5:$A$32,$B8,'Pemetaan Variant'!$K$5:$K$32))/AVERAGEIF('Pemetaan Variant'!$A$5:$A$32,$B8,'Pemetaan Variant'!$K$5:$K$32)*100,"n/a"),"n/a") -> -100 | DD8: =IFERROR(IF(ISNUMBER(DC8),$C8*DC8,"n/a"),"n/a") -> -2.1332158 | DE8: =IFERROR(AVERAGEIF('Pemetaan Variant'!$A$5:$A$32,$B8,'Pemetaan Variant'!$AY$5:$AY$32),"n/a") -> 0 | DF8: =IFERROR(IF(ISNUMBER(DE8),(DE8-AVERAGEIF('Pemetaan Variant'!$A$5:$A$32,$B8,'Pemetaan Variant'!$K$5:$K$32))/AVERAGEIF('Pemetaan Variant'!$A$5:$A$32,$B8,'Pemetaan Variant'!$K$5:$K$32)*100,"n/a"),"n/a") -> -100 | DG8: =IFERROR(IF(ISNUMBER(DF8),$C8*DF8,"n/a"),"n/a") -> -2.1332158 | DH8: =IFERROR(AVERAGEIF('Pemetaan Variant'!$A$5:$A$32,$B8,'Pemetaan Variant'!$AZ$5:$AZ$32),"n/a") -> 0 | DI8: =IFERROR(IF(ISNUMBER(DH8),(DH8-AVERAGEIF('Pemetaan Variant'!$A$5:$A$32,$B8,'Pemetaan Variant'!$K$5:$K$32))/AVERAGEIF('Pemetaan Variant'!$A$5:$A$32,$B8,'Pemetaan Variant'!$K$5:$K$32)*100,"n/a"),"n/a") -> -100 | DJ8: =IFERROR(IF(ISNUMBER(DI8),$C8*DI8,"n/a"),"n/a") -> -2.1332158 | DK8: =IFERROR(AVERAGEIF('Pemetaan Variant'!$A$5:$A$32,$B8,'Pemetaan Variant'!$BA$5:$BA$32),"n/a") -> n/a | DL8: =IFERROR(IF(ISNUMBER(DK8),(DK8-AVERAGEIF('Pemetaan Variant'!$A$5:$A$32,$B8,'Pemetaan Variant'!$L$5:$L$32))/AVERAGEIF('Pemetaan Variant'!$A$5:$A$32,$B8,'Pemetaan Variant'!$L$5:$L$32)*100,"n/a"),"n/a") -> n/a | DM8: =IFERROR(IF(ISNUMBER(DL8),$C8*DL8,"n/a"),"n/a") -> n/a | DN8: =IFERROR(AVERAGEIF('Pemetaan Variant'!$A$5:$A$32,$B8,'Pemetaan Variant'!$BB$5:$BB$32),"n/a") -> n/a | DO8: =IFERROR(IF(ISNUMBER(DN8),(DN8-AVERAGEIF('Pemetaan Variant'!$A$5:$A$32,$B8,'Pemetaan Variant'!$L$5:$L$32))/AVERAGEIF('Pemetaan Variant'!$A$5:$A$32,$B8,'Pemetaan Variant'!$L$5:$L$32)*100,"n/a"),"n/a") -> n/a | DP8: =IFERROR(IF(ISNUMBER(DO8),$C8*DO8,"n/a"),"n/a") -> n/a | DQ8: =IFERROR(AVERAGEIF('Pemetaan Variant'!$A$5:$A$32,$B8,'Pemetaan Variant'!$BC$5:$BC$32),"n/a") -> n/a | DR8: =IFERROR(IF(ISNUMBER(DQ8),(DQ8-AVERAGEIF('Pemetaan Variant'!$A$5:$A$32,$B8,'Pemetaan Variant'!$L$5:$L$32))/AVERAGEIF('Pemetaan Variant'!$A$5:$A$32,$B8,'Pemetaan Variant'!$L$5:$L$32)*100,"n/a"),"n/a") -> n/a | DS8: =IFERROR(IF(ISNUMBER(DR8),$C8*DR8,"n/a"),"n/a") -> n/a | DT8: =IFERROR(AVERAGEIF('Pemetaan Variant'!$A$5:$A$32,$B8,'Pemetaan Variant'!$BD$5:$BD$32),"n/a") -> n/a | DU8: =IFERROR(IF(ISNUMBER(DT8),(DT8-AVERAGEIF('Pemetaan Variant'!$A$5:$A$32,$B8,'Pemetaan Variant'!$L$5:$L$32))/AVERAGEIF('Pemetaan Variant'!$A$5:$A$32,$B8,'Pemetaan Variant'!$L$5:$L$32)*100,"n/a"),"n/a") -> n/a | DV8: =IFERROR(IF(ISNUMBER(DU8),$C8*DU8,"n/a"),"n/a") -> n/a | DW8: =IFERROR(AVERAGEIF('Pemetaan Variant'!$A$5:$A$32,$B8,'Pemetaan Variant'!$BE$5:$BE$32),"n/a") -> n/a | DX8: =IFERROR(IF(ISNUMBER(DW8),(DW8-AVERAGEIF('Pemetaan Variant'!$A$5:$A$32,$B8,'Pemetaan Variant'!$M$5:$M$32))/AVERAGEIF('Pemetaan Variant'!$A$5:$A$32,$B8,'Pemetaan Variant'!$M$5:$M$32)*100,"n/a"),"n/a") -> n/a | DY8: =IFERROR(IF(ISNUMBER(DX8),$C8*DX8,"n/a"),"n/a") -> n/a | DZ8: =IFERROR(AVERAGEIF('Pemetaan Variant'!$A$5:$A$32,$B8,'Pemetaan Variant'!$BF$5:$BF$32),"n/a") -> n/a | EA8: =IFERROR(IF(ISNUMBER(DZ8),(DZ8-AVERAGEIF('Pemetaan Variant'!$A$5:$A$32,$B8,'Pemetaan Variant'!$M$5:$M$32))/AVERAGEIF('Pemetaan Variant'!$A$5:$A$32,$B8,'Pemetaan Variant'!$M$5:$M$32)*100,"n/a"),"n/a") -> n/a | EB8: =IFERROR(IF(ISNUMBER(EA8),$C8*EA8,"n/a"),"n/a") -> n/a | EC8: =IFERROR(AVERAGEIF('Pemetaan Variant'!$A$5:$A$32,$B8,'Pemetaan Variant'!$BG$5:$BG$32),"n/a") -> n/a | ED8: =IFERROR(IF(ISNUMBER(EC8),(EC8-AVERAGEIF('Pemetaan Variant'!$A$5:$A$32,$B8,'Pemetaan Variant'!$M$5:$M$32))/AVERAGEIF('Pemetaan Variant'!$A$5:$A$32,$B8,'Pemetaan Variant'!$M$5:$M$32)*100,"n/a"),"n/a") -> n/a | EE8: =IFERROR(IF(ISNUMBER(ED8),$C8*ED8,"n/a"),"n/a") -> n/a | EF8: =IFERROR(AVERAGEIF('Pemetaan Variant'!$A$5:$A$32,$B8,'Pemetaan Variant'!$BH$5:$BH$32),"n/a") -> n/a | EG8: =IFERROR(IF(ISNUMBER(EF8),(EF8-AVERAGEIF('Pemetaan Variant'!$A$5:$A$32,$B8,'Pemetaan Variant'!$M$5:$M$32))/AVERAGEIF('Pemetaan Variant'!$A$5:$A$32,$B8,'Pemetaan Variant'!$M$5:$M$32)*100,"n/a"),"n/a") -> n/a | EH8: =IFERROR(IF(ISNUMBER(EG8),$C8*EG8,"n/a"),"n/a") -> n/a | EI8: =IFERROR(AVERAGEIF('Pemetaan Variant'!$A$5:$A$32,$B8,'Pemetaan Variant'!$BI$5:$BI$32),"n/a") -> n/a | EJ8: =IFERROR(IF(ISNUMBER(EI8),(EI8-AVERAGEIF('Pemetaan Variant'!$A$5:$A$32,$B8,'Pemetaan Variant'!$M$5:$M$32))/AVERAGEIF('Pemetaan Variant'!$A$5:$A$32,$B8,'Pemetaan Variant'!$M$5:$M$32)*100,"n/a"),"n/a") -> n/a | EK8: =IFERROR(IF(ISNUMBER(EJ8),$C8*EJ8,"n/a"),"n/a") -> n/a | EL8: =IFERROR(AVERAGEIF('Pemetaan Variant'!$A$5:$A$32,$B8,'Pemetaan Variant'!$BJ$5:$BJ$32),"n/a") -> n/a | EM8: =IFERROR(IF(ISNUMBER(EL8),(EL8-AVERAGEIF('Pemetaan Variant'!$A$5:$A$32,$B8,'Pemetaan Variant'!$N$5:$N$32))/AVERAGEIF('Pemetaan Variant'!$A$5:$A$32,$B8,'Pemetaan Variant'!$N$5:$N$32)*100,"n/a"),"n/a") -> n/a | EN8: =IFERROR(IF(ISNUMBER(EM8),$C8*EM8,"n/a"),"n/a") -> n/a | EO8: =IFERROR(AVERAGEIF('Pemetaan Variant'!$A$5:$A$32,$B8,'Pemetaan Variant'!$BK$5:$BK$32),"n/a") -> n/a | EP8: =IFERROR(IF(ISNUMBER(EO8),(EO8-AVERAGEIF('Pemetaan Variant'!$A$5:$A$32,$B8,'Pemetaan Variant'!$N$5:$N$32))/AVERAGEIF('Pemetaan Variant'!$A$5:$A$32,$B8,'Pemetaan Variant'!$N$5:$N$32)*100,"n/a"),"n/a") -> n/a | EQ8: =IFERROR(IF(ISNUMBER(EP8),$C8*EP8,"n/a"),"n/a") -> n/a | ER8: =IFERROR(AVERAGEIF('Pemetaan Variant'!$A$5:$A$32,$B8,'Pemetaan Variant'!$BL$5:$BL$32),"n/a") -> n/a | ES8: =IFERROR(IF(ISNUMBER(ER8),(ER8-AVERAGEIF('Pemetaan Variant'!$A$5:$A$32,$B8,'Pemetaan Variant'!$N$5:$N$32))/AVERAGEIF('Pemetaan Variant'!$A$5:$A$32,$B8,'Pemetaan Variant'!$N$5:$N$32)*100,"n/a"),"n/a") -> n/a | ET8: =IFERROR(IF(ISNUMBER(ES8),$C8*ES8,"n/a"),"n/a") -> n/a | EU8: =IFERROR(AVERAGEIF('Pemetaan Variant'!$A$5:$A$32,$B8,'Pemetaan Variant'!$BM$5:$BM$32),"n/a") -> n/a | EV8: =IFERROR(IF(ISNUMBER(EU8),(EU8-AVERAGEIF('Pemetaan Variant'!$A$5:$A$32,$B8,'Pemetaan Variant'!$N$5:$N$32))/AVERAGEIF('Pemetaan Variant'!$A$5:$A$32,$B8,'Pemetaan Variant'!$N$5:$N$32)*100,"n/a"),"n/a") -> n/a | EW8: =IFERROR(IF(ISNUMBER(EV8),$C8*EV8,"n/a"),"n/a") -> n/a | EX8: =IFERROR(AVERAGEIF('Pemetaan Variant'!$A$5:$A$32,$B8,'Pemetaan Variant'!$BN$5:$BN$32),"n/a") -> n/a | EY8: =IFERROR(IF(ISNUMBER(EX8),(EX8-AVERAGEIF('Pemetaan Variant'!$A$5:$A$32,$B8,'Pemetaan Variant'!$O$5:$O$32))/AVERAGEIF('Pemetaan Variant'!$A$5:$A$32,$B8,'Pemetaan Variant'!$O$5:$O$32)*100,"n/a"),"n/a") -> n/a | EZ8: =IFERROR(IF(ISNUMBER(EY8),$C8*EY8,"n/a"),"n/a") -> n/a | FA8: =IFERROR(AVERAGEIF('Pemetaan Variant'!$A$5:$A$32,$B8,'Pemetaan Variant'!$BO$5:$BO$32),"n/a") -> n/a | FB8: =IFERROR(IF(ISNUMBER(FA8),(FA8-AVERAGEIF('Pemetaan Variant'!$A$5:$A$32,$B8,'Pemetaan Variant'!$O$5:$O$32))/AVERAGEIF('Pemetaan Variant'!$A$5:$A$32,$B8,'Pemetaan Variant'!$O$5:$O$32)*100,"n/a"),"n/a") -> n/a | FC8: =IFERROR(IF(ISNUMBER(FB8),$C8*FB8,"n/a"),"n/a") -> n/a | FD8: =IFERROR(AVERAGEIF('Pemetaan Variant'!$A$5:$A$32,$B8,'Pemetaan Variant'!$BP$5:$BP$32),"n/a") -> n/a | FE8: =IFERROR(IF(ISNUMBER(FD8),(FD8-AVERAGEIF('Pemetaan Variant'!$A$5:$A$32,$B8,'Pemetaan Variant'!$O$5:$O$32))/AVERAGEIF('Pemetaan Variant'!$A$5:$A$32,$B8,'Pemetaan Variant'!$O$5:$O$32)*100,"n/a"),"n/a") -> n/a | FF8: =IFERROR(IF(ISNUMBER(FE8),$C8*FE8,"n/a"),"n/a") -> n/a | FG8: =IFERROR(AVERAGEIF('Pemetaan Variant'!$A$5:$A$32,$B8,'Pemetaan Variant'!$BQ$5:$BQ$32),"n/a") -> n/a | FH8: =IFERROR(IF(ISNUMBER(FG8),(FG8-AVERAGEIF('Pemetaan Variant'!$A$5:$A$32,$B8,'Pemetaan Variant'!$O$5:$O$32))/AVERAGEIF('Pemetaan Variant'!$A$5:$A$32,$B8,'Pemetaan Variant'!$O$5:$O$32)*100,"n/a"),"n/a") -> n/a | FI8: =IFERROR(IF(ISNUMBER(FH8),$C8*FH8,"n/a"),"n/a") -> n/a | FJ8: =IFERROR(AVERAGEIF('Pemetaan Variant'!$A$5:$A$32,$B8,'Pemetaan Variant'!$BR$5:$BR$32),"n/a") -> n/a | FK8: =IFERROR(IF(ISNUMBER(FJ8),(FJ8-AVERAGEIF('Pemetaan Variant'!$A$5:$A$32,$B8,'Pemetaan Variant'!$O$5:$O$32))/AVERAGEIF('Pemetaan Variant'!$A$5:$A$32,$B8,'Pemetaan Variant'!$O$5:$O$32)*100,"n/a"),"n/a") -> n/a | FL8: =IFERROR(IF(ISNUMBER(FK8),$C8*FK8,"n/a"),"n/a") -> n/a | FO8: =IFERROR(ABS(F8),0) -> 0 | FP8: =IFERROR(ABS(I8),0) -> 0 | FQ8: =IFERROR(ABS(L8),0) -> 0 | FR8: =IFERROR(ABS(O8),0) -> 0 | FS8: =IFERROR(ABS(R8),0) -> 0 | FT8: =IFERROR(ABS(U8),0) -> 0 | FU8: =IFERROR(ABS(X8),0) -> 0 | FV8: =IFERROR(ABS(AA8),0) -> 0 | FW8: =IFERROR(ABS(AD8),0) -> 0 | FX8: =IFERROR(ABS(AG8),0) -> 0 | FY8: =IFERROR(ABS(AJ8),0) -> 0 | FZ8: =IFERROR(ABS(AM8),0) -> 0 | GA8: =IFERROR(ABS(AP8),0) -> 0 | GB8: =IFERROR(ABS(AS8),0) -> 0 | GC8: =IFERROR(ABS(AV8),0) -> 0 | GD8: =IFERROR(ABS(AY8),0) -> 0 | GE8: =IFERROR(ABS(BB8),0) -> 0 | GF8: =IFERROR(ABS(BE8),0) -> 0 | GG8: =IFERROR(ABS(BH8),0) -> 0 | GH8: =IFERROR(ABS(BK8),0) -> 0 | GI8: =IFERROR(ABS(BN8),0) -> 0 | GJ8: =IFERROR(ABS(BQ8),0) -> 0 | GK8: =IFERROR(ABS(BT8),0) -> 0 | GL8: =IFERROR(ABS(BW8),0) -> 0 | GM8: =IFERROR(ABS(BZ8),0) -> 0 | GN8: =IFERROR(ABS(CC8),0) -> 0 | GO8: =IFERROR(ABS(CF8),0) -> 0 | GP8: =IFERROR(ABS(CI8),0) -> 0 | GQ8: =IFERROR(ABS(CL8),0) -> 0 | GR8: =IFERROR(ABS(CO8),0) -> 0 | GS8: =IFERROR(ABS(CR8),0) -> 0 | GT8: =IFERROR(ABS(CU8),0) -> 0 | GU8: =IFERROR(ABS(CX8),0) -> 0 | GV8: =IFERROR(ABS(DA8),0) -> 2.1332158 | GW8: =IFERROR(ABS(DD8),0) -> 2.1332158 | GX8: =IFERROR(ABS(DG8),0) -> 2.1332158 | GY8: =IFERROR(ABS(DJ8),0) -> 2.1332158 | GZ8: =IFERROR(ABS(DM8),0) -> 0 | HA8: =IFERROR(ABS(DP8),0) -> 0 | HB8: =IFERROR(ABS(DS8),0) -> 0 | HC8: =IFERROR(ABS(DV8),0) -> 0 | HD8: =IFERROR(ABS(DY8),0) -> 0 | HE8: =IFERROR(ABS(EB8),0) -> 0 | HF8: =IFERROR(ABS(EE8),0) -> 0 | HG8: =IFERROR(ABS(EH8),0) -> 0 | HH8: =IFERROR(ABS(EK8),0) -> 0 | HI8: =IFERROR(ABS(EN8),0) -> 0 | HJ8: =IFERROR(ABS(EQ8),0) -> 0 | HK8: =IFERROR(ABS(ET8),0) -> 0 | HL8: =IFERROR(ABS(EW8),0) -> 0 | HM8: =IFERROR(ABS(EZ8),0) -> 0 | HN8: =IFERROR(ABS(FC8),0) -> 0 | HO8: =IFERROR(ABS(FF8),0) -> 0 | HP8: =IFERROR(ABS(FI8),0) -> 0 | HQ8: =IFERROR(ABS(FL8),0) -> 0
A9: 4 | B9: daging ayam ras 1124003 | C9: ='P0Q0 Dasar 2022'!F8 -> 0.047910778 | D9: =IFERROR(AVERAGEIF('Pemetaan Variant'!$A$5:$A$32,$B9,'Pemetaan Variant'!$P$5:$P$32),"n/a") -> 33000 | E9: =IFERROR(IF(ISNUMBER(D9),(D9-AVERAGEIF('Pemetaan Variant'!$A$5:$A$32,$B9,'Pemetaan Variant'!$D$5:$D$32))/AVERAGEIF('Pemetaan Variant'!$A$5:$A$32,$B9,'Pemetaan Variant'!$D$5:$D$32)*100,"n/a"),"n/a") -> 3.3043478 | F9: =IFERROR(IF(ISNUMBER(E9),$C9*E9,"n/a"),"n/a") -> 0.15831387 | G9: =IFERROR(AVERAGEIF('Pemetaan Variant'!$A$5:$A$32,$B9,'Pemetaan Variant'!$Q$5:$Q$32),"n/a") -> 29800 | H9: =IFERROR(IF(ISNUMBER(G9),(G9-AVERAGEIF('Pemetaan Variant'!$A$5:$A$32,$B9,'Pemetaan Variant'!$D$5:$D$32))/AVERAGEIF('Pemetaan Variant'!$A$5:$A$32,$B9,'Pemetaan Variant'!$D$5:$D$32)*100,"n/a"),"n/a") -> -6.7130435 | I9: =IFERROR(IF(ISNUMBER(H9),$C9*H9,"n/a"),"n/a") -> -0.32162713 | J9: =IFERROR(AVERAGEIF('Pemetaan Variant'!$A$5:$A$32,$B9,'Pemetaan Variant'!$R$5:$R$32),"n/a") -> 29000 | K9: =IFERROR(IF(ISNUMBER(J9),(J9-AVERAGEIF('Pemetaan Variant'!$A$5:$A$32,$B9,'Pemetaan Variant'!$D$5:$D$32))/AVERAGEIF('Pemetaan Variant'!$A$5:$A$32,$B9,'Pemetaan Variant'!$D$5:$D$32)*100,"n/a"),"n/a") -> -9.2173913 | L9: =IFERROR(IF(ISNUMBER(K9),$C9*K9,"n/a"),"n/a") -> -0.44161239 | M9: =IFERROR(AVERAGEIF('Pemetaan Variant'!$A$5:$A$32,$B9,'Pemetaan Variant'!$S$5:$S$32),"n/a") -> 29000 | N9: =IFERROR(IF(ISNUMBER(M9),(M9-AVERAGEIF('Pemetaan Variant'!$A$5:$A$32,$B9,'Pemetaan Variant'!$D$5:$D$32))/AVERAGEIF('Pemetaan Variant'!$A$5:$A$32,$B9,'Pemetaan Variant'!$D$5:$D$32)*100,"n/a"),"n/a") -> -9.2173913 | O9: =IFERROR(IF(ISNUMBER(N9),$C9*N9,"n/a"),"n/a") -> -0.44161239 | P9: =IFERROR(AVERAGEIF('Pemetaan Variant'!$A$5:$A$32,$B9,'Pemetaan Variant'!$T$5:$T$32),"n/a") -> 29000 | Q9: =IFERROR(IF(ISNUMBER(P9),(P9-AVERAGEIF('Pemetaan Variant'!$A$5:$A$32,$B9,'Pemetaan Variant'!$D$5:$D$32))/AVERAGEIF('Pemetaan Variant'!$A$5:$A$32,$B9,'Pemetaan Variant'!$D$5:$D$32)*100,"n/a"),"n/a") -> -9.2173913 | R9: =IFERROR(IF(ISNUMBER(Q9),$C9*Q9,"n/a"),"n/a") -> -0.44161239 | S9: =IFERROR(AVERAGEIF('Pemetaan Variant'!$A$5:$A$32,$B9,'Pemetaan Variant'!$U$5:$U$32),"n/a") -> 29000 | T9: =IFERROR(IF(ISNUMBER(S9),(S9-AVERAGEIF('Pemetaan Variant'!$A$5:$A$32,$B9,'Pemetaan Variant'!$E$5:$E$32))/AVERAGEIF('Pemetaan Variant'!$A$5:$A$32,$B9,'Pemetaan Variant'!$E$5:$E$32)*100,"n/a"),"n/a") -> -2.1314387 | U9: =IFERROR(IF(ISNUMBER(T9),$C9*T9,"n/a"),"n/a") -> -0.10211889 | V9: =IFERROR(AVERAGEIF('Pemetaan Variant'!$A$5:$A$32,$B9,'Pemetaan Variant'!$V$5:$V$32),"n/a") -> 30000 | W9: =IFERROR(IF(ISNUMBER(V9),(V9-AVERAGEIF('Pemetaan Variant'!$A$5:$A$32,$B9,'Pemetaan Variant'!$E$5:$E$32))/AVERAGEIF('Pemetaan Variant'!$A$5:$A$32,$B9,'Pemetaan Variant'!$E$5:$E$32)*100,"n/a"),"n/a") -> 1.2433393 | X9: =IFERROR(IF(ISNUMBER(W9),$C9*W9,"n/a"),"n/a") -> 0.059569351 | Y9: =IFERROR(AVERAGEIF('Pemetaan Variant'!$A$5:$A$32,$B9,'Pemetaan Variant'!$W$5:$W$32),"n/a") -> 30800 | Z9: =IFERROR(IF(ISNUMBER(Y9),(Y9-AVERAGEIF('Pemetaan Variant'!$A$5:$A$32,$B9,'Pemetaan Variant'!$E$5:$E$32))/AVERAGEIF('Pemetaan Variant'!$A$5:$A$32,$B9,'Pemetaan Variant'!$E$5:$E$32)*100,"n/a"),"n/a") -> 3.9431616 | AA9: =IFERROR(IF(ISNUMBER(Z9),$C9*Z9,"n/a"),"n/a") -> 0.18891994 | AB9: =IFERROR(AVERAGEIF('Pemetaan Variant'!$A$5:$A$32,$B9,'Pemetaan Variant'!$X$5:$X$32),"n/a") -> 31000 | AC9: =IFERROR(IF(ISNUMBER(AB9),(AB9-AVERAGEIF('Pemetaan Variant'!$A$5:$A$32,$B9,'Pemetaan Variant'!$E$5:$E$32))/AVERAGEIF('Pemetaan Variant'!$A$5:$A$32,$B9,'Pemetaan Variant'!$E$5:$E$32)*100,"n/a"),"n/a") -> 4.6181172 | AD9: =IFERROR(IF(ISNUMBER(AC9),$C9*AC9,"n/a"),"n/a") -> 0.22125759 | AE9: =IFERROR(AVERAGEIF('Pemetaan Variant'!$A$5:$A$32,$B9,'Pemetaan Variant'!$Y$5:$Y$32),"n/a") -> 30600 | AF9: =IFERROR(IF(ISNUMBER(AE9),(AE9-AVERAGEIF('Pemetaan Variant'!$A$5:$A$32,$B9,'Pemetaan Variant'!$F$5:$F$32))/AVERAGEIF('Pemetaan Variant'!$A$5:$A$32,$B9,'Pemetaan Variant'!$F$5:$F$32)*100,"n/a"),"n/a") -> 1.4659686 | AG9: =IFERROR(IF(ISNUMBER(AF9),$C9*AF9,"n/a"),"n/a") -> 0.070235695 | AH9: =IFERROR(AVERAGEIF('Pemetaan Variant'!$A$5:$A$32,$B9,'Pemetaan Variant'!$Z$5:$Z$32),"n/a") -> 30000 | AI9: =IFERROR(IF(ISNUMBER(AH9),(AH9-AVERAGEIF('Pemetaan Variant'!$A$5:$A$32,$B9,'Pemetaan Variant'!$F$5:$F$32))/AVERAGEIF('Pemetaan Variant'!$A$5:$A$32,$B9,'Pemetaan Variant'!$F$5:$F$32)*100,"n/a"),"n/a") -> -0.52356021 | AJ9: =IFERROR(IF(ISNUMBER(AI9),$C9*AI9,"n/a"),"n/a") -> -0.025084177 | AK9: =IFERROR(AVERAGEIF('Pemetaan Variant'!$A$5:$A$32,$B9,'Pemetaan Variant'!$AA$5:$AA$32),"n/a") -> 30000 | AL9: =IFERROR(IF(ISNUMBER(AK9),(AK9-AVERAGEIF('Pemetaan Variant'!$A$5:$A$32,$B9,'Pemetaan Variant'!$F$5:$F$32))/AVERAGEIF('Pemetaan Variant'!$A$5:$A$32,$B9,'Pemetaan Variant'!$F$5:$F$32)*100,"n/a"),"n/a") -> -0.52356021 | AM9: =IFERROR(IF(ISNUMBER(AL9),$C9*AL9,"n/a"),"n/a") -> -0.025084177 | AN9: =IFERROR(AVERAGEIF('Pemetaan Variant'!$A$5:$A$32,$B9,'Pemetaan Variant'!$AB$5:$AB$32),"n/a") -> 29750 | AO9: =IFERROR(IF(ISNUMBER(AN9),(AN9-AVERAGEIF('Pemetaan Variant'!$A$5:$A$32,$B9,'Pemetaan Variant'!$F$5:$F$32))/AVERAGEIF('Pemetaan Variant'!$A$5:$A$32,$B9,'Pemetaan Variant'!$F$5:$F$32)*100,"n/a"),"n/a") -> -1.3525305 | AP9: =IFERROR(IF(ISNUMBER(AO9),$C9*AO9,"n/a"),"n/a") -> -0.06480079 | AQ9: =IFERROR(AVERAGEIF('Pemetaan Variant'!$A$5:$A$32,$B9,'Pemetaan Variant'!$AC$5:$AC$32),"n/a") -> n/a | AR9: =IFERROR(IF(ISNUMBER(AQ9),(AQ9-AVERAGEIF('Pemetaan Variant'!$A$5:$A$32,$B9,'Pemetaan Variant'!$F$5:$F$32))/AVERAGEIF('Pemetaan Variant'!$A$5:$A$32,$B9,'Pemetaan Variant'!$F$5:$F$32)*100,"n/a"),"n/a") -> n/a | AS9: =IFERROR(IF(ISNUMBER(AR9),$C9*AR9,"n/a"),"n/a") -> n/a | AT9: =IFERROR(AVERAGEIF('Pemetaan Variant'!$A$5:$A$32,$B9,'Pemetaan Variant'!$AD$5:$AD$32),"n/a") -> n/a | AU9: =IFERROR(IF(ISNUMBER(AT9),(AT9-AVERAGEIF('Pemetaan Variant'!$A$5:$A$32,$B9,'Pemetaan Variant'!$G$5:$G$32))/AVERAGEIF('Pemetaan Variant'!$A$5:$A$32,$B9,'Pemetaan Variant'!$G$5:$G$32)*100,"n/a"),"n/a") -> n/a | AV9: =IFERROR(IF(ISNUMBER(AU9),$C9*AU9,"n/a"),"n/a") -> n/a | AW9: =IFERROR(AVERAGEIF('Pemetaan Variant'!$A$5:$A$32,$B9,'Pemetaan Variant'!$AE$5:$AE$32),"n/a") -> 29500 | AX9: =IFERROR(IF(ISNUMBER(AW9),(AW9-AVERAGEIF('Pemetaan Variant'!$A$5:$A$32,$B9,'Pemetaan Variant'!$G$5:$G$32))/AVERAGEIF('Pemetaan Variant'!$A$5:$A$32,$B9,'Pemetaan Variant'!$G$5:$G$32)*100,"n/a"),"n/a") -> -2.0104895 | AY9: =IFERROR(IF(ISNUMBER(AX9),$C9*AX9,"n/a"),"n/a") -> -0.096324116 | AZ9: =IFERROR(AVERAGEIF('Pemetaan Variant'!$A$5:$A$32,$B9,'Pemetaan Variant'!$AF$5:$AF$32),"n/a") -> 25750 | BA9: =IFERROR(IF(ISNUMBER(AZ9),(AZ9-AVERAGEIF('Pemetaan Variant'!$A$5:$A$32,$B9,'Pemetaan Variant'!$G$5:$G$32))/AVERAGEIF('Pemetaan Variant'!$A$5:$A$32,$B9,'Pemetaan Variant'!$G$5:$G$32)*100,"n/a"),"n/a") -> -14.466783 | BB9: =IFERROR(IF(ISNUMBER(BA9),$C9*BA9,"n/a"),"n/a") -> -0.69311484 | BC9: =IFERROR(AVERAGEIF('Pemetaan Variant'!$A$5:$A$32,$B9,'Pemetaan Variant'!$AG$5:$AG$32),"n/a") -> 25000 | BD9: =IFERROR(IF(ISNUMBER(BC9),(BC9-AVERAGEIF('Pemetaan Variant'!$A$5:$A$32,$B9,'Pemetaan Variant'!$G$5:$G$32))/AVERAGEIF('Pemetaan Variant'!$A$5:$A$32,$B9,'Pemetaan Variant'!$G$5:$G$32)*100,"n/a"),"n/a") -> -16.958042 | BE9: =IFERROR(IF(ISNUMBER(BD9),$C9*BD9,"n/a"),"n/a") -> -0.81247298 | BF9: =IFERROR(AVERAGEIF('Pemetaan Variant'!$A$5:$A$32,$B9,'Pemetaan Variant'!$AH$5:$AH$32),"n/a") -> 25000 | BG9: =IFERROR(IF(ISNUMBER(BF9),(BF9-AVERAGEIF('Pemetaan Variant'!$A$5:$A$32,$B9,'Pemetaan Variant'!$G$5:$G$32))/AVERAGEIF('Pemetaan Variant'!$A$5:$A$32,$B9,'Pemetaan Variant'!$G$5:$G$32)*100,"n/a"),"n/a") -> -16.958042 | BH9: =IFERROR(IF(ISNUMBER(BG9),$C9*BG9,"n/a"),"n/a") -> -0.81247298 | BI9: =IFERROR(AVERAGEIF('Pemetaan Variant'!$A$5:$A$32,$B9,'Pemetaan Variant'!$AI$5:$AI$32),"n/a") -> 25000 | BJ9: =IFERROR(IF(ISNUMBER(BI9),(BI9-AVERAGEIF('Pemetaan Variant'!$A$5:$A$32,$B9,'Pemetaan Variant'!$H$5:$H$32))/AVERAGEIF('Pemetaan Variant'!$A$5:$A$32,$B9,'Pemetaan Variant'!$H$5:$H$32)*100,"n/a"),"n/a") -> -4.9881235 | BK9: =IFERROR(IF(ISNUMBER(BJ9),$C9*BJ9,"n/a"),"n/a") -> -0.23898488 | BL9: =IFERROR(AVERAGEIF('Pemetaan Variant'!$A$5:$A$32,$B9,'Pemetaan Variant'!$AJ$5:$AJ$32),"n/a") -> 25800 | BM9: =IFERROR(IF(ISNUMBER(BL9),(BL9-AVERAGEIF('Pemetaan Variant'!$A$5:$A$32,$B9,'Pemetaan Variant'!$H$5:$H$32))/AVERAGEIF('Pemetaan Variant'!$A$5:$A$32,$B9,'Pemetaan Variant'!$H$5:$H$32)*100,"n/a"),"n/a") -> -1.9477435 | BN9: =IFERROR(IF(ISNUMBER(BM9),$C9*BM9,"n/a"),"n/a") -> -0.093317904 | BO9: =IFERROR(AVERAGEIF('Pemetaan Variant'!$A$5:$A$32,$B9,'Pemetaan Variant'!$AK$5:$AK$32),"n/a") -> 27000 | BP9: =IFERROR(IF(ISNUMBER(BO9),(BO9-AVERAGEIF('Pemetaan Variant'!$A$5:$A$32,$B9,'Pemetaan Variant'!$H$5:$H$32))/AVERAGEIF('Pemetaan Variant'!$A$5:$A$32,$B9,'Pemetaan Variant'!$H$5:$H$32)*100,"n/a"),"n/a") -> 2.6128266 | BQ9: =IFERROR(IF(ISNUMBER(BP9),$C9*BP9,"n/a"),"n/a") -> 0.12518255 | BR9: =IFERROR(AVERAGEIF('Pemetaan Variant'!$A$5:$A$32,$B9,'Pemetaan Variant'!$AL$5:$AL$32),"n/a") -> 27000 | BS9: =IFERROR(IF(ISNUMBER(BR9),(BR9-AVERAGEIF('Pemetaan Variant'!$A$5:$A$32,$B9,'Pemetaan Variant'!$H$5:$H$32))/AVERAGEIF('Pemetaan Variant'!$A$5:$A$32,$B9,'Pemetaan Variant'!$H$5:$H$32)*100,"n/a"),"n/a") -> 2.6128266 | BT9: =IFERROR(IF(ISNUMBER(BS9),$C9*BS9,"n/a"),"n/a") -> 0.12518255 | BU9: =IFERROR(AVERAGEIF('Pemetaan Variant'!$A$5:$A$32,$B9,'Pemetaan Variant'!$AM$5:$AM$32),"n/a") -> 28000 | BV9: =IFERROR(IF(ISNUMBER(BU9),(BU9-AVERAGEIF('Pemetaan Variant'!$A$5:$A$32,$B9,'Pemetaan Variant'!$H$5:$H$32))/AVERAGEIF('Pemetaan Variant'!$A$5:$A$32,$B9,'Pemetaan Variant'!$H$5:$H$32)*100,"n/a"),"n/a") -> 6.4133017 | BW9: =IFERROR(IF(ISNUMBER(BV9),$C9*BV9,"n/a"),"n/a") -> 0.30726627 | BX9: =IFERROR(AVERAGEIF('Pemetaan Variant'!$A$5:$A$32,$B9,'Pemetaan Variant'!$AN$5:$AN$32),"n/a") -> 29000 | BY9: =IFERROR(IF(ISNUMBER(BX9),(BX9-AVERAGEIF('Pemetaan Variant'!$A$5:$A$32,$B9,'Pemetaan Variant'!$I$5:$I$32))/AVERAGEIF('Pemetaan Variant'!$A$5:$A$32,$B9,'Pemetaan Variant'!$I$5:$I$32)*100,"n/a"),"n/a") -> 8.5903084 | BZ9: =IFERROR(IF(ISNUMBER(BY9),$C9*BY9,"n/a"),"n/a") -> 0.41156836 | CA9: =IFERROR(AVERAGEIF('Pemetaan Variant'!$A$5:$A$32,$B9,'Pemetaan Variant'!$AO$5:$AO$32),"n/a") -> 26875 | CB9: =IFERROR(IF(ISNUMBER(CA9),(CA9-AVERAGEIF('Pemetaan Variant'!$A$5:$A$32,$B9,'Pemetaan Variant'!$I$5:$I$32))/AVERAGEIF('Pemetaan Variant'!$A$5:$A$32,$B9,'Pemetaan Variant'!$I$5:$I$32)*100,"n/a"),"n/a") -> 0.63325991 | CC9: =IFERROR(IF(ISNUMBER(CB9),$C9*CB9,"n/a"),"n/a") -> 0.030339975 | CD9: =IFERROR(AVERAGEIF('Pemetaan Variant'!$A$5:$A$32,$B9,'Pemetaan Variant'!$AP$5:$AP$32),"n/a") -> 23400 | CE9: =IFERROR(IF(ISNUMBER(CD9),(CD9-AVERAGEIF('Pemetaan Variant'!$A$5:$A$32,$B9,'Pemetaan Variant'!$I$5:$I$32))/AVERAGEIF('Pemetaan Variant'!$A$5:$A$32,$B9,'Pemetaan Variant'!$I$5:$I$32)*100,"n/a"),"n/a") -> -12.378855 | CF9: =IFERROR(IF(ISNUMBER(CE9),$C9*CE9,"n/a"),"n/a") -> -0.59308055 | CG9: =IFERROR(AVERAGEIF('Pemetaan Variant'!$A$5:$A$32,$B9,'Pemetaan Variant'!$AQ$5:$AQ$32),"n/a") -> 23000 | CH9: =IFERROR(IF(ISNUMBER(CG9),(CG9-AVERAGEIF('Pemetaan Variant'!$A$5:$A$32,$B9,'Pemetaan Variant'!$I$5:$I$32))/AVERAGEIF('Pemetaan Variant'!$A$5:$A$32,$B9,'Pemetaan Variant'!$I$5:$I$32)*100,"n/a"),"n/a") -> -13.876652 | CI9: =IFERROR(IF(ISNUMBER(CH9),$C9*CH9,"n/a"),"n/a") -> -0.66484119 | CJ9: =IFERROR(AVERAGEIF('Pemetaan Variant'!$A$5:$A$32,$B9,'Pemetaan Variant'!$AR$5:$AR$32),"n/a") -> 26000 | CK9: =IFERROR(IF(ISNUMBER(CJ9),(CJ9-AVERAGEIF('Pemetaan Variant'!$A$5:$A$32,$B9,'Pemetaan Variant'!$J$5:$J$32))/AVERAGEIF('Pemetaan Variant'!$A$5:$A$32,$B9,'Pemetaan Variant'!$J$5:$J$32)*100,"n/a"),"n/a") -> 2.1965318 | CL9: =IFERROR(IF(ISNUMBER(CK9),$C9*CK9,"n/a"),"n/a") -> 0.10523755 | CM9: =IFERROR(AVERAGEIF('Pemetaan Variant'!$A$5:$A$32,$B9,'Pemetaan Variant'!$AS$5:$AS$32),"n/a") -> 30000 | CN9: =IFERROR(IF(ISNUMBER(CM9),(CM9-AVERAGEIF('Pemetaan Variant'!$A$5:$A$32,$B9,'Pemetaan Variant'!$J$5:$J$32))/AVERAGEIF('Pemetaan Variant'!$A$5:$A$32,$B9,'Pemetaan Variant'!$J$5:$J$32)*100,"n/a"),"n/a") -> 17.919075 | CO9: =IFERROR(IF(ISNUMBER(CN9),$C9*CN9,"n/a"),"n/a") -> 0.85851683 | CP9: =IFERROR(AVERAGEIF('Pemetaan Variant'!$A$5:$A$32,$B9,'Pemetaan Variant'!$AT$5:$AT$32),"n/a") -> 29200 | CQ9: =IFERROR(IF(ISNUMBER(CP9),(CP9-AVERAGEIF('Pemetaan Variant'!$A$5:$A$32,$B9,'Pemetaan Variant'!$J$5:$J$32))/AVERAGEIF('Pemetaan Variant'!$A$5:$A$32,$B9,'Pemetaan Variant'!$J$5:$J$32)*100,"n/a"),"n/a") -> 14.774566 | CR9: =IFERROR(IF(ISNUMBER(CQ9),$C9*CQ9,"n/a"),"n/a") -> 0.70786097 | CS9: =IFERROR(AVERAGEIF('Pemetaan Variant'!$A$5:$A$32,$B9,'Pemetaan Variant'!$AU$5:$AU$32),"n/a") -> 30000 | CT9: =IFERROR(IF(ISNUMBER(CS9),(CS9-AVERAGEIF('Pemetaan Variant'!$A$5:$A$32,$B9,'Pemetaan Variant'!$J$5:$J$32))/AVERAGEIF('Pemetaan Variant'!$A$5:$A$32,$B9,'Pemetaan Variant'!$J$5:$J$32)*100,"n/a"),"n/a") -> 17.919075 | CU9: =IFERROR(IF(ISNUMBER(CT9),$C9*CT9,"n/a"),"n/a") -> 0.85851683 | CV9: =IFERROR(AVERAGEIF('Pemetaan Variant'!$A$5:$A$32,$B9,'Pemetaan Variant'!$AV$5:$AV$32),"n/a") -> 29250 | CW9: =IFERROR(IF(ISNUMBER(CV9),(CV9-AVERAGEIF('Pemetaan Variant'!$A$5:$A$32,$B9,'Pemetaan Variant'!$J$5:$J$32))/AVERAGEIF('Pemetaan Variant'!$A$5:$A$32,$B9,'Pemetaan Variant'!$J$5:$J$32)*100,"n/a"),"n/a") -> 14.971098 | CX9: =IFERROR(IF(ISNUMBER(CW9),$C9*CW9,"n/a"),"n/a") -> 0.71727696 | CY9: =IFERROR(AVERAGEIF('Pemetaan Variant'!$A$5:$A$32,$B9,'Pemetaan Variant'!$AW$5:$AW$32),"n/a") -> 0 | CZ9: =IFERROR(IF(ISNUMBER(CY9),(CY9-AVERAGEIF('Pemetaan Variant'!$A$5:$A$32,$B9,'Pemetaan Variant'!$K$5:$K$32))/AVERAGEIF('Pemetaan Variant'!$A$5:$A$32,$B9,'Pemetaan Variant'!$K$5:$K$32)*100,"n/a"),"n/a") -> -100 | DA9: =IFERROR(IF(ISNUMBER(CZ9),$C9*CZ9,"n/a"),"n/a") -> -4.7910778 | DB9: =IFERROR(AVERAGEIF('Pemetaan Variant'!$A$5:$A$32,$B9,'Pemetaan Variant'!$AX$5:$AX$32),"n/a") -> 0 | DC9: =IFERROR(IF(ISNUMBER(DB9),(DB9-AVERAGEIF('Pemetaan Variant'!$A$5:$A$32,$B9,'Pemetaan Variant'!$K$5:$K$32))/AVERAGEIF('Pemetaan Variant'!$A$5:$A$32,$B9,'Pemetaan Variant'!$K$5:$K$32)*100,"n/a"),"n/a") -> -100 | DD9: =IFERROR(IF(ISNUMBER(DC9),$C9*DC9,"n/a"),"n/a") -> -4.7910778 | DE9: =IFERROR(AVERAGEIF('Pemetaan Variant'!$A$5:$A$32,$B9,'Pemetaan Variant'!$AY$5:$AY$32),"n/a") -> 0 | DF9: =IFERROR(IF(ISNUMBER(DE9),(DE9-AVERAGEIF('Pemetaan Variant'!$A$5:$A$32,$B9,'Pemetaan Variant'!$K$5:$K$32))/AVERAGEIF('Pemetaan Variant'!$A$5:$A$32,$B9,'Pemetaan Variant'!$K$5:$K$32)*100,"n/a"),"n/a") -> -100 | DG9: =IFERROR(IF(ISNUMBER(DF9),$C9*DF9,"n/a"),"n/a") -> -4.7910778 | DH9: =IFERROR(AVERAGEIF('Pemetaan Variant'!$A$5:$A$32,$B9,'Pemetaan Variant'!$AZ$5:$AZ$32),"n/a") -> 0 | DI9: =IFERROR(IF(ISNUMBER(DH9),(DH9-AVERAGEIF('Pemetaan Variant'!$A$5:$A$32,$B9,'Pemetaan Variant'!$K$5:$K$32))/AVERAGEIF('Pemetaan Variant'!$A$5:$A$32,$B9,'Pemetaan Variant'!$K$5:$K$32)*100,"n/a"),"n/a") -> -100 | DJ9: =IFERROR(IF(ISNUMBER(DI9),$C9*DI9,"n/a"),"n/a") -> -4.7910778 | DK9: =IFERROR(AVERAGEIF('Pemetaan Variant'!$A$5:$A$32,$B9,'Pemetaan Variant'!$BA$5:$BA$32),"n/a") -> n/a | DL9: =IFERROR(IF(ISNUMBER(DK9),(DK9-AVERAGEIF('Pemetaan Variant'!$A$5:$A$32,$B9,'Pemetaan Variant'!$L$5:$L$32))/AVERAGEIF('Pemetaan Variant'!$A$5:$A$32,$B9,'Pemetaan Variant'!$L$5:$L$32)*100,"n/a"),"n/a") -> n/a | DM9: =IFERROR(IF(ISNUMBER(DL9),$C9*DL9,"n/a"),"n/a") -> n/a | DN9: =IFERROR(AVERAGEIF('Pemetaan Variant'!$A$5:$A$32,$B9,'Pemetaan Variant'!$BB$5:$BB$32),"n/a") -> n/a | DO9: =IFERROR(IF(ISNUMBER(DN9),(DN9-AVERAGEIF('Pemetaan Variant'!$A$5:$A$32,$B9,'Pemetaan Variant'!$L$5:$L$32))/AVERAGEIF('Pemetaan Variant'!$A$5:$A$32,$B9,'Pemetaan Variant'!$L$5:$L$32)*100,"n/a"),"n/a") -> n/a | DP9: =IFERROR(IF(ISNUMBER(DO9),$C9*DO9,"n/a"),"n/a") -> n/a | DQ9: =IFERROR(AVERAGEIF('Pemetaan Variant'!$A$5:$A$32,$B9,'Pemetaan Variant'!$BC$5:$BC$32),"n/a") -> n/a | DR9: =IFERROR(IF(ISNUMBER(DQ9),(DQ9-AVERAGEIF('Pemetaan Variant'!$A$5:$A$32,$B9,'Pemetaan Variant'!$L$5:$L$32))/AVERAGEIF('Pemetaan Variant'!$A$5:$A$32,$B9,'Pemetaan Variant'!$L$5:$L$32)*100,"n/a"),"n/a") -> n/a | DS9: =IFERROR(IF(ISNUMBER(DR9),$C9*DR9,"n/a"),"n/a") -> n/a | DT9: =IFERROR(AVERAGEIF('Pemetaan Variant'!$A$5:$A$32,$B9,'Pemetaan Variant'!$BD$5:$BD$32),"n/a") -> n/a | DU9: =IFERROR(IF(ISNUMBER(DT9),(DT9-AVERAGEIF('Pemetaan Variant'!$A$5:$A$32,$B9,'Pemetaan Variant'!$L$5:$L$32))/AVERAGEIF('Pemetaan Variant'!$A$5:$A$32,$B9,'Pemetaan Variant'!$L$5:$L$32)*100,"n/a"),"n/a") -> n/a | DV9: =IFERROR(IF(ISNUMBER(DU9),$C9*DU9,"n/a"),"n/a") -> n/a | DW9: =IFERROR(AVERAGEIF('Pemetaan Variant'!$A$5:$A$32,$B9,'Pemetaan Variant'!$BE$5:$BE$32),"n/a") -> n/a | DX9: =IFERROR(IF(ISNUMBER(DW9),(DW9-AVERAGEIF('Pemetaan Variant'!$A$5:$A$32,$B9,'Pemetaan Variant'!$M$5:$M$32))/AVERAGEIF('Pemetaan Variant'!$A$5:$A$32,$B9,'Pemetaan Variant'!$M$5:$M$32)*100,"n/a"),"n/a") -> n/a | DY9: =IFERROR(IF(ISNUMBER(DX9),$C9*DX9,"n/a"),"n/a") -> n/a | DZ9: =IFERROR(AVERAGEIF('Pemetaan Variant'!$A$5:$A$32,$B9,'Pemetaan Variant'!$BF$5:$BF$32),"n/a") -> n/a | EA9: =IFERROR(IF(ISNUMBER(DZ9),(DZ9-AVERAGEIF('Pemetaan Variant'!$A$5:$A$32,$B9,'Pemetaan Variant'!$M$5:$M$32))/AVERAGEIF('Pemetaan Variant'!$A$5:$A$32,$B9,'Pemetaan Variant'!$M$5:$M$32)*100,"n/a"),"n/a") -> n/a | EB9: =IFERROR(IF(ISNUMBER(EA9),$C9*EA9,"n/a"),"n/a") -> n/a | EC9: =IFERROR(AVERAGEIF('Pemetaan Variant'!$A$5:$A$32,$B9,'Pemetaan Variant'!$BG$5:$BG$32),"n/a") -> n/a | ED9: =IFERROR(IF(ISNUMBER(EC9),(EC9-AVERAGEIF('Pemetaan Variant'!$A$5:$A$32,$B9,'Pemetaan Variant'!$M$5:$M$32))/AVERAGEIF('Pemetaan Variant'!$A$5:$A$32,$B9,'Pemetaan Variant'!$M$5:$M$32)*100,"n/a"),"n/a") -> n/a | EE9: =IFERROR(IF(ISNUMBER(ED9),$C9*ED9,"n/a"),"n/a") -> n/a | EF9: =IFERROR(AVERAGEIF('Pemetaan Variant'!$A$5:$A$32,$B9,'Pemetaan Variant'!$BH$5:$BH$32),"n/a") -> n/a | EG9: =IFERROR(IF(ISNUMBER(EF9),(EF9-AVERAGEIF('Pemetaan Variant'!$A$5:$A$32,$B9,'Pemetaan Variant'!$M$5:$M$32))/AVERAGEIF('Pemetaan Variant'!$A$5:$A$32,$B9,'Pemetaan Variant'!$M$5:$M$32)*100,"n/a"),"n/a") -> n/a | EH9: =IFERROR(IF(ISNUMBER(EG9),$C9*EG9,"n/a"),"n/a") -> n/a | EI9: =IFERROR(AVERAGEIF('Pemetaan Variant'!$A$5:$A$32,$B9,'Pemetaan Variant'!$BI$5:$BI$32),"n/a") -> n/a | EJ9: =IFERROR(IF(ISNUMBER(EI9),(EI9-AVERAGEIF('Pemetaan Variant'!$A$5:$A$32,$B9,'Pemetaan Variant'!$M$5:$M$32))/AVERAGEIF('Pemetaan Variant'!$A$5:$A$32,$B9,'Pemetaan Variant'!$M$5:$M$32)*100,"n/a"),"n/a") -> n/a | EK9: =IFERROR(IF(ISNUMBER(EJ9),$C9*EJ9,"n/a"),"n/a") -> n/a | EL9: =IFERROR(AVERAGEIF('Pemetaan Variant'!$A$5:$A$32,$B9,'Pemetaan Variant'!$BJ$5:$BJ$32),"n/a") -> n/a | EM9: =IFERROR(IF(ISNUMBER(EL9),(EL9-AVERAGEIF('Pemetaan Variant'!$A$5:$A$32,$B9,'Pemetaan Variant'!$N$5:$N$32))/AVERAGEIF('Pemetaan Variant'!$A$5:$A$32,$B9,'Pemetaan Variant'!$N$5:$N$32)*100,"n/a"),"n/a") -> n/a | EN9: =IFERROR(IF(ISNUMBER(EM9),$C9*EM9,"n/a"),"n/a") -> n/a | EO9: =IFERROR(AVERAGEIF('Pemetaan Variant'!$A$5:$A$32,$B9,'Pemetaan Variant'!$BK$5:$BK$32),"n/a") -> n/a | EP9: =IFERROR(IF(ISNUMBER(EO9),(EO9-AVERAGEIF('Pemetaan Variant'!$A$5:$A$32,$B9,'Pemetaan Variant'!$N$5:$N$32))/AVERAGEIF('Pemetaan Variant'!$A$5:$A$32,$B9,'Pemetaan Variant'!$N$5:$N$32)*100,"n/a"),"n/a") -> n/a | EQ9: =IFERROR(IF(ISNUMBER(EP9),$C9*EP9,"n/a"),"n/a") -> n/a | ER9: =IFERROR(AVERAGEIF('Pemetaan Variant'!$A$5:$A$32,$B9,'Pemetaan Variant'!$BL$5:$BL$32),"n/a") -> n/a | ES9: =IFERROR(IF(ISNUMBER(ER9),(ER9-AVERAGEIF('Pemetaan Variant'!$A$5:$A$32,$B9,'Pemetaan Variant'!$N$5:$N$32))/AVERAGEIF('Pemetaan Variant'!$A$5:$A$32,$B9,'Pemetaan Variant'!$N$5:$N$32)*100,"n/a"),"n/a") -> n/a | ET9: =IFERROR(IF(ISNUMBER(ES9),$C9*ES9,"n/a"),"n/a") -> n/a | EU9: =IFERROR(AVERAGEIF('Pemetaan Variant'!$A$5:$A$32,$B9,'Pemetaan Variant'!$BM$5:$BM$32),"n/a") -> n/a | EV9: =IFERROR(IF(ISNUMBER(EU9),(EU9-AVERAGEIF('Pemetaan Variant'!$A$5:$A$32,$B9,'Pemetaan Variant'!$N$5:$N$32))/AVERAGEIF('Pemetaan Variant'!$A$5:$A$32,$B9,'Pemetaan Variant'!$N$5:$N$32)*100,"n/a"),"n/a") -> n/a | EW9: =IFERROR(IF(ISNUMBER(EV9),$C9*EV9,"n/a"),"n/a") -> n/a | EX9: =IFERROR(AVERAGEIF('Pemetaan Variant'!$A$5:$A$32,$B9,'Pemetaan Variant'!$BN$5:$BN$32),"n/a") -> n/a | EY9: =IFERROR(IF(ISNUMBER(EX9),(EX9-AVERAGEIF('Pemetaan Variant'!$A$5:$A$32,$B9,'Pemetaan Variant'!$O$5:$O$32))/AVERAGEIF('Pemetaan Variant'!$A$5:$A$32,$B9,'Pemetaan Variant'!$O$5:$O$32)*100,"n/a"),"n/a") -> n/a | EZ9: =IFERROR(IF(ISNUMBER(EY9),$C9*EY9,"n/a"),"n/a") -> n/a | FA9: =IFERROR(AVERAGEIF('Pemetaan Variant'!$A$5:$A$32,$B9,'Pemetaan Variant'!$BO$5:$BO$32),"n/a") -> n/a | FB9: =IFERROR(IF(ISNUMBER(FA9),(FA9-AVERAGEIF('Pemetaan Variant'!$A$5:$A$32,$B9,'Pemetaan Variant'!$O$5:$O$32))/AVERAGEIF('Pemetaan Variant'!$A$5:$A$32,$B9,'Pemetaan Variant'!$O$5:$O$32)*100,"n/a"),"n/a") -> n/a | FC9: =IFERROR(IF(ISNUMBER(FB9),$C9*FB9,"n/a"),"n/a") -> n/a | FD9: =IFERROR(AVERAGEIF('Pemetaan Variant'!$A$5:$A$32,$B9,'Pemetaan Variant'!$BP$5:$BP$32),"n/a") -> n/a | FE9: =IFERROR(IF(ISNUMBER(FD9),(FD9-AVERAGEIF('Pemetaan Variant'!$A$5:$A$32,$B9,'Pemetaan Variant'!$O$5:$O$32))/AVERAGEIF('Pemetaan Variant'!$A$5:$A$32,$B9,'Pemetaan Variant'!$O$5:$O$32)*100,"n/a"),"n/a") -> n/a | FF9: =IFERROR(IF(ISNUMBER(FE9),$C9*FE9,"n/a"),"n/a") -> n/a | FG9: =IFERROR(AVERAGEIF('Pemetaan Variant'!$A$5:$A$32,$B9,'Pemetaan Variant'!$BQ$5:$BQ$32),"n/a") -> n/a | FH9: =IFERROR(IF(ISNUMBER(FG9),(FG9-AVERAGEIF('Pemetaan Variant'!$A$5:$A$32,$B9,'Pemetaan Variant'!$O$5:$O$32))/AVERAGEIF('Pemetaan Variant'!$A$5:$A$32,$B9,'Pemetaan Variant'!$O$5:$O$32)*100,"n/a"),"n/a") -> n/a | FI9: =IFERROR(IF(ISNUMBER(FH9),$C9*FH9,"n/a"),"n/a") -> n/a | FJ9: =IFERROR(AVERAGEIF('Pemetaan Variant'!$A$5:$A$32,$B9,'Pemetaan Variant'!$BR$5:$BR$32),"n/a") -> n/a | FK9: =IFERROR(IF(ISNUMBER(FJ9),(FJ9-AVERAGEIF('Pemetaan Variant'!$A$5:$A$32,$B9,'Pemetaan Variant'!$O$5:$O$32))/AVERAGEIF('Pemetaan Variant'!$A$5:$A$32,$B9,'Pemetaan Variant'!$O$5:$O$32)*100,"n/a"),"n/a") -> n/a | FL9: =IFERROR(IF(ISNUMBER(FK9),$C9*FK9,"n/a"),"n/a") -> n/a | FO9: =IFERROR(ABS(F9),0) -> 0.15831387 | FP9: =IFERROR(ABS(I9),0) -> 0.32162713 | FQ9: =IFERROR(ABS(L9),0) -> 0.44161239 | FR9: =IFERROR(ABS(O9),0) -> 0.44161239 | FS9: =IFERROR(ABS(R9),0) -> 0.44161239 | FT9: =IFERROR(ABS(U9),0) -> 0.10211889 | FU9: =IFERROR(ABS(X9),0) -> 0.059569351 | FV9: =IFERROR(ABS(AA9),0) -> 0.18891994 | FW9: =IFERROR(ABS(AD9),0) -> 0.22125759 | FX9: =IFERROR(ABS(AG9),0) -> 0.070235695 | FY9: =IFERROR(ABS(AJ9),0) -> 0.025084177 | FZ9: =IFERROR(ABS(AM9),0) -> 0.025084177 | GA9: =IFERROR(ABS(AP9),0) -> 0.06480079 | GB9: =IFERROR(ABS(AS9),0) -> 0 | GC9: =IFERROR(ABS(AV9),0) -> 0 | GD9: =IFERROR(ABS(AY9),0) -> 0.096324116 | GE9: =IFERROR(ABS(BB9),0) -> 0.69311484 | GF9: =IFERROR(ABS(BE9),0) -> 0.81247298 | GG9: =IFERROR(ABS(BH9),0) -> 0.81247298 | GH9: =IFERROR(ABS(BK9),0) -> 0.23898488 | GI9: =IFERROR(ABS(BN9),0) -> 0.093317904 | GJ9: =IFERROR(ABS(BQ9),0) -> 0.12518255 | GK9: =IFERROR(ABS(BT9),0) -> 0.12518255 | GL9: =IFERROR(ABS(BW9),0) -> 0.30726627 | GM9: =IFERROR(ABS(BZ9),0) -> 0.41156836 | GN9: =IFERROR(ABS(CC9),0) -> 0.030339975 | GO9: =IFERROR(ABS(CF9),0) -> 0.59308055 | GP9: =IFERROR(ABS(CI9),0) -> 0.66484119 | GQ9: =IFERROR(ABS(CL9),0) -> 0.10523755 | GR9: =IFERROR(ABS(CO9),0) -> 0.85851683 | GS9: =IFERROR(ABS(CR9),0) -> 0.70786097 | GT9: =IFERROR(ABS(CU9),0) -> 0.85851683 | GU9: =IFERROR(ABS(CX9),0) -> 0.71727696 | GV9: =IFERROR(ABS(DA9),0) -> 4.7910778 | GW9: =IFERROR(ABS(DD9),0) -> 4.7910778 | GX9: =IFERROR(ABS(DG9),0) -> 4.7910778 | GY9: =IFERROR(ABS(DJ9),0) -> 4.7910778 | GZ9: =IFERROR(ABS(DM9),0) -> 0 | HA9: =IFERROR(ABS(DP9),0) -> 0 | HB9: =IFERROR(ABS(DS9),0) -> 0 | HC9: =IFERROR(ABS(DV9),0) -> 0 | HD9: =IFERROR(ABS(DY9),0) -> 0 | HE9: =IFERROR(ABS(EB9),0) -> 0 | HF9: =IFERROR(ABS(EE9),0) -> 0 | HG9: =IFERROR(ABS(EH9),0) -> 0 | HH9: =IFERROR(ABS(EK9),0) -> 0 | HI9: =IFERROR(ABS(EN9),0) -> 0 | HJ9: =IFERROR(ABS(EQ9),0) -> 0 | HK9: =IFERROR(ABS(ET9),0) -> 0 | HL9: =IFERROR(ABS(EW9),0) -> 0 | HM9: =IFERROR(ABS(EZ9),0) -> 0 | HN9: =IFERROR(ABS(FC9),0) -> 0 | HO9: =IFERROR(ABS(FF9),0) -> 0 | HP9: =IFERROR(ABS(FI9),0) -> 0 | HQ9: =IFERROR(ABS(FL9),0) -> 0
A10: 5 | B10: minyak goreng 01154001/4 | C10: ='P0Q0 Dasar 2022'!F9 -> 0.045176623 | D10: =IFERROR(AVERAGEIF('Pemetaan Variant'!$A$5:$A$32,$B10,'Pemetaan Variant'!$P$5:$P$32),"n/a") -> 16250 | E10: =IFERROR(IF(ISNUMBER(D10),(D10-AVERAGEIF('Pemetaan Variant'!$A$5:$A$32,$B10,'Pemetaan Variant'!$D$5:$D$32))/AVERAGEIF('Pemetaan Variant'!$A$5:$A$32,$B10,'Pemetaan Variant'!$D$5:$D$32)*100,"n/a"),"n/a") -> -0.3407155 | F10: =IFERROR(IF(ISNUMBER(E10),$C10*E10,"n/a"),"n/a") -> -0.015392376 | G10: =IFERROR(AVERAGEIF('Pemetaan Variant'!$A$5:$A$32,$B10,'Pemetaan Variant'!$Q$5:$Q$32),"n/a") -> 16250 | H10: =IFERROR(IF(ISNUMBER(G10),(G10-AVERAGEIF('Pemetaan Variant'!$A$5:$A$32,$B10,'Pemetaan Variant'!$D$5:$D$32))/AVERAGEIF('Pemetaan Variant'!$A$5:$A$32,$B10,'Pemetaan Variant'!$D$5:$D$32)*100,"n/a"),"n/a") -> -0.3407155 | I10: =IFERROR(IF(ISNUMBER(H10),$C10*H10,"n/a"),"n/a") -> -0.015392376 | J10: =IFERROR(AVERAGEIF('Pemetaan Variant'!$A$5:$A$32,$B10,'Pemetaan Variant'!$R$5:$R$32),"n/a") -> 16250 | K10: =IFERROR(IF(ISNUMBER(J10),(J10-AVERAGEIF('Pemetaan Variant'!$A$5:$A$32,$B10,'Pemetaan Variant'!$D$5:$D$32))/AVERAGEIF('Pemetaan Variant'!$A$5:$A$32,$B10,'Pemetaan Variant'!$D$5:$D$32)*100,"n/a"),"n/a") -> -0.3407155 | L10: =IFERROR(IF(ISNUMBER(K10),$C10*K10,"n/a"),"n/a") -> -0.015392376 | M10: =IFERROR(AVERAGEIF('Pemetaan Variant'!$A$5:$A$32,$B10,'Pemetaan Variant'!$S$5:$S$32),"n/a") -> 16250 | N10: =IFERROR(IF(ISNUMBER(M10),(M10-AVERAGEIF('Pemetaan Variant'!$A$5:$A$32,$B10,'Pemetaan Variant'!$D$5:$D$32))/AVERAGEIF('Pemetaan Variant'!$A$5:$A$32,$B10,'Pemetaan Variant'!$D$5:$D$32)*100,"n/a"),"n/a") -> -0.3407155 | O10: =IFERROR(IF(ISNUMBER(N10),$C10*N10,"n/a"),"n/a") -> -0.015392376 | P10: =IFERROR(AVERAGEIF('Pemetaan Variant'!$A$5:$A$32,$B10,'Pemetaan Variant'!$T$5:$T$32),"n/a") -> 16250 | Q10: =IFERROR(IF(ISNUMBER(P10),(P10-AVERAGEIF('Pemetaan Variant'!$A$5:$A$32,$B10,'Pemetaan Variant'!$D$5:$D$32))/AVERAGEIF('Pemetaan Variant'!$A$5:$A$32,$B10,'Pemetaan Variant'!$D$5:$D$32)*100,"n/a"),"n/a") -> -0.3407155 | R10: =IFERROR(IF(ISNUMBER(Q10),$C10*Q10,"n/a"),"n/a") -> -0.015392376 | S10: =IFERROR(AVERAGEIF('Pemetaan Variant'!$A$5:$A$32,$B10,'Pemetaan Variant'!$U$5:$U$32),"n/a") -> 16250 | T10: =IFERROR(IF(ISNUMBER(S10),(S10-AVERAGEIF('Pemetaan Variant'!$A$5:$A$32,$B10,'Pemetaan Variant'!$E$5:$E$32))/AVERAGEIF('Pemetaan Variant'!$A$5:$A$32,$B10,'Pemetaan Variant'!$E$5:$E$32)*100,"n/a"),"n/a") -> 0 | U10: =IFERROR(IF(ISNUMBER(T10),$C10*T10,"n/a"),"n/a") -> 0 | V10: =IFERROR(AVERAGEIF('Pemetaan Variant'!$A$5:$A$32,$B10,'Pemetaan Variant'!$V$5:$V$32),"n/a") -> 16416.667 | W10: =IFERROR(IF(ISNUMBER(V10),(V10-AVERAGEIF('Pemetaan Variant'!$A$5:$A$32,$B10,'Pemetaan Variant'!$E$5:$E$32))/AVERAGEIF('Pemetaan Variant'!$A$5:$A$32,$B10,'Pemetaan Variant'!$E$5:$E$32)*100,"n/a"),"n/a") -> 1.025641 | X10: =IFERROR(IF(ISNUMBER(W10),$C10*W10,"n/a"),"n/a") -> 0.046334998 | Y10: =IFERROR(AVERAGEIF('Pemetaan Variant'!$A$5:$A$32,$B10,'Pemetaan Variant'!$W$5:$W$32),"n/a") -> 16416.667 | Z10: =IFERROR(IF(ISNUMBER(Y10),(Y10-AVERAGEIF('Pemetaan Variant'!$A$5:$A$32,$B10,'Pemetaan Variant'!$E$5:$E$32))/AVERAGEIF('Pemetaan Variant'!$A$5:$A$32,$B10,'Pemetaan Variant'!$E$5:$E$32)*100,"n/a"),"n/a") -> 1.025641 | AA10: =IFERROR(IF(ISNUMBER(Z10),$C10*Z10,"n/a"),"n/a") -> 0.046334998 | AB10: =IFERROR(AVERAGEIF('Pemetaan Variant'!$A$5:$A$32,$B10,'Pemetaan Variant'!$X$5:$X$32),"n/a") -> 16416.667 | AC10: =IFERROR(IF(ISNUMBER(AB10),(AB10-AVERAGEIF('Pemetaan Variant'!$A$5:$A$32,$B10,'Pemetaan Variant'!$E$5:$E$32))/AVERAGEIF('Pemetaan Variant'!$A$5:$A$32,$B10,'Pemetaan Variant'!$E$5:$E$32)*100,"n/a"),"n/a") -> 1.025641 | AD10: =IFERROR(IF(ISNUMBER(AC10),$C10*AC10,"n/a"),"n/a") -> 0.046334998 | AE10: =IFERROR(AVERAGEIF('Pemetaan Variant'!$A$5:$A$32,$B10,'Pemetaan Variant'!$Y$5:$Y$32),"n/a") -> 16416.667 | AF10: =IFERROR(IF(ISNUMBER(AE10),(AE10-AVERAGEIF('Pemetaan Variant'!$A$5:$A$32,$B10,'Pemetaan Variant'!$F$5:$F$32))/AVERAGEIF('Pemetaan Variant'!$A$5:$A$32,$B10,'Pemetaan Variant'!$F$5:$F$32)*100,"n/a"),"n/a") -> 0.26788106 | AG10: =IFERROR(IF(ISNUMBER(AF10),$C10*AF10,"n/a"),"n/a") -> 0.012101962 | AH10: =IFERROR(AVERAGEIF('Pemetaan Variant'!$A$5:$A$32,$B10,'Pemetaan Variant'!$Z$5:$Z$32),"n/a") -> 16416.667 | AI10: =IFERROR(IF(ISNUMBER(AH10),(AH10-AVERAGEIF('Pemetaan Variant'!$A$5:$A$32,$B10,'Pemetaan Variant'!$F$5:$F$32))/AVERAGEIF('Pemetaan Variant'!$A$5:$A$32,$B10,'Pemetaan Variant'!$F$5:$F$32)*100,"n/a"),"n/a") -> 0.26788106 | AJ10: =IFERROR(IF(ISNUMBER(AI10),$C10*AI10,"n/a"),"n/a") -> 0.012101962 | AK10: =IFERROR(AVERAGEIF('Pemetaan Variant'!$A$5:$A$32,$B10,'Pemetaan Variant'!$AA$5:$AA$32),"n/a") -> 16416.667 | AL10: =IFERROR(IF(ISNUMBER(AK10),(AK10-AVERAGEIF('Pemetaan Variant'!$A$5:$A$32,$B10,'Pemetaan Variant'!$F$5:$F$32))/AVERAGEIF('Pemetaan Variant'!$A$5:$A$32,$B10,'Pemetaan Variant'!$F$5:$F$32)*100,"n/a"),"n/a") -> 0.26788106 | AM10: =IFERROR(IF(ISNUMBER(AL10),$C10*AL10,"n/a"),"n/a") -> 0.012101962 | AN10: =IFERROR(AVERAGEIF('Pemetaan Variant'!$A$5:$A$32,$B10,'Pemetaan Variant'!$AB$5:$AB$32),"n/a") -> 16416.667 | AO10: =IFERROR(IF(ISNUMBER(AN10),(AN10-AVERAGEIF('Pemetaan Variant'!$A$5:$A$32,$B10,'Pemetaan Variant'!$F$5:$F$32))/AVERAGEIF('Pemetaan Variant'!$A$5:$A$32,$B10,'Pemetaan Variant'!$F$5:$F$32)*100,"n/a"),"n/a") -> 0.26788106 | AP10: =IFERROR(IF(ISNUMBER(AO10),$C10*AO10,"n/a"),"n/a") -> 0.012101962 | AQ10: =IFERROR(AVERAGEIF('Pemetaan Variant'!$A$5:$A$32,$B10,'Pemetaan Variant'!$AC$5:$AC$32),"n/a") -> n/a | AR10: =IFERROR(IF(ISNUMBER(AQ10),(AQ10-AVERAGEIF('Pemetaan Variant'!$A$5:$A$32,$B10,'Pemetaan Variant'!$F$5:$F$32))/AVERAGEIF('Pemetaan Variant'!$A$5:$A$32,$B10,'Pemetaan Variant'!$F$5:$F$32)*100,"n/a"),"n/a") -> n/a | AS10: =IFERROR(IF(ISNUMBER(AR10),$C10*AR10,"n/a"),"n/a") -> n/a | AT10: =IFERROR(AVERAGEIF('Pemetaan Variant'!$A$5:$A$32,$B10,'Pemetaan Variant'!$AD$5:$AD$32),"n/a") -> n/a | AU10: =IFERROR(IF(ISNUMBER(AT10),(AT10-AVERAGEIF('Pemetaan Variant'!$A$5:$A$32,$B10,'Pemetaan Variant'!$G$5:$G$32))/AVERAGEIF('Pemetaan Variant'!$A$5:$A$32,$B10,'Pemetaan Variant'!$G$5:$G$32)*100,"n/a"),"n/a") -> n/a | AV10: =IFERROR(IF(ISNUMBER(AU10),$C10*AU10,"n/a"),"n/a") -> n/a | AW10: =IFERROR(AVERAGEIF('Pemetaan Variant'!$A$5:$A$32,$B10,'Pemetaan Variant'!$AE$5:$AE$32),"n/a") -> 16416.667 | AX10: =IFERROR(IF(ISNUMBER(AW10),(AW10-AVERAGEIF('Pemetaan Variant'!$A$5:$A$32,$B10,'Pemetaan Variant'!$G$5:$G$32))/AVERAGEIF('Pemetaan Variant'!$A$5:$A$32,$B10,'Pemetaan Variant'!$G$5:$G$32)*100,"n/a"),"n/a") -> 0 | AY10: =IFERROR(IF(ISNUMBER(AX10),$C10*AX10,"n/a"),"n/a") -> 0 | AZ10: =IFERROR(AVERAGEIF('Pemetaan Variant'!$A$5:$A$32,$B10,'Pemetaan Variant'!$AF$5:$AF$32),"n/a") -> 16416.667 | BA10: =IFERROR(IF(ISNUMBER(AZ10),(AZ10-AVERAGEIF('Pemetaan Variant'!$A$5:$A$32,$B10,'Pemetaan Variant'!$G$5:$G$32))/AVERAGEIF('Pemetaan Variant'!$A$5:$A$32,$B10,'Pemetaan Variant'!$G$5:$G$32)*100,"n/a"),"n/a") -> 0 | BB10: =IFERROR(IF(ISNUMBER(BA10),$C10*BA10,"n/a"),"n/a") -> 0 | BC10: =IFERROR(AVERAGEIF('Pemetaan Variant'!$A$5:$A$32,$B10,'Pemetaan Variant'!$AG$5:$AG$32),"n/a") -> 16416.667 | BD10: =IFERROR(IF(ISNUMBER(BC10),(BC10-AVERAGEIF('Pemetaan Variant'!$A$5:$A$32,$B10,'Pemetaan Variant'!$G$5:$G$32))/AVERAGEIF('Pemetaan Variant'!$A$5:$A$32,$B10,'Pemetaan Variant'!$G$5:$G$32)*100,"n/a"),"n/a") -> 0 | BE10: =IFERROR(IF(ISNUMBER(BD10),$C10*BD10,"n/a"),"n/a") -> 0 | BF10: =IFERROR(AVERAGEIF('Pemetaan Variant'!$A$5:$A$32,$B10,'Pemetaan Variant'!$AH$5:$AH$32),"n/a") -> 16166.667 | BG10: =IFERROR(IF(ISNUMBER(BF10),(BF10-AVERAGEIF('Pemetaan Variant'!$A$5:$A$32,$B10,'Pemetaan Variant'!$G$5:$G$32))/AVERAGEIF('Pemetaan Variant'!$A$5:$A$32,$B10,'Pemetaan Variant'!$G$5:$G$32)*100,"n/a"),"n/a") -> -1.5228426 | BH10: =IFERROR(IF(ISNUMBER(BG10),$C10*BG10,"n/a"),"n/a") -> -0.068796888 | BI10: =IFERROR(AVERAGEIF('Pemetaan Variant'!$A$5:$A$32,$B10,'Pemetaan Variant'!$AI$5:$AI$32),"n/a") -> 16166.667 | BJ10: =IFERROR(IF(ISNUMBER(BI10),(BI10-AVERAGEIF('Pemetaan Variant'!$A$5:$A$32,$B10,'Pemetaan Variant'!$H$5:$H$32))/AVERAGEIF('Pemetaan Variant'!$A$5:$A$32,$B10,'Pemetaan Variant'!$H$5:$H$32)*100,"n/a"),"n/a") -> -1.2408527 | BK10: =IFERROR(IF(ISNUMBER(BJ10),$C10*BJ10,"n/a"),"n/a") -> -0.056057534 | BL10: =IFERROR(AVERAGEIF('Pemetaan Variant'!$A$5:$A$32,$B10,'Pemetaan Variant'!$AJ$5:$AJ$32),"n/a") -> 16166.667 | BM10: =IFERROR(IF(ISNUMBER(BL10),(BL10-AVERAGEIF('Pemetaan Variant'!$A$5:$A$32,$B10,'Pemetaan Variant'!$H$5:$H$32))/AVERAGEIF('Pemetaan Variant'!$A$5:$A$32,$B10,'Pemetaan Variant'!$H$5:$H$32)*100,"n/a"),"n/a") -> -1.2408527 | BN10: =IFERROR(IF(ISNUMBER(BM10),$C10*BM10,"n/a"),"n/a") -> -0.056057534 | BO10: =IFERROR(AVERAGEIF('Pemetaan Variant'!$A$5:$A$32,$B10,'Pemetaan Variant'!$AK$5:$AK$32),"n/a") -> 16166.667 | BP10: =IFERROR(IF(ISNUMBER(BO10),(BO10-AVERAGEIF('Pemetaan Variant'!$A$5:$A$32,$B10,'Pemetaan Variant'!$H$5:$H$32))/AVERAGEIF('Pemetaan Variant'!$A$5:$A$32,$B10,'Pemetaan Variant'!$H$5:$H$32)*100,"n/a"),"n/a") -> -1.2408527 | BQ10: =IFERROR(IF(ISNUMBER(BP10),$C10*BP10,"n/a"),"n/a") -> -0.056057534 | BR10: =IFERROR(AVERAGEIF('Pemetaan Variant'!$A$5:$A$32,$B10,'Pemetaan Variant'!$AL$5:$AL$32),"n/a") -> 16166.667 | BS10: =IFERROR(IF(ISNUMBER(BR10),(BR10-AVERAGEIF('Pemetaan Variant'!$A$5:$A$32,$B10,'Pemetaan Variant'!$H$5:$H$32))/AVERAGEIF('Pemetaan Variant'!$A$5:$A$32,$B10,'Pemetaan Variant'!$H$5:$H$32)*100,"n/a"),"n/a") -> -1.2408527 | BT10: =IFERROR(IF(ISNUMBER(BS10),$C10*BS10,"n/a"),"n/a") -> -0.056057534 | BU10: =IFERROR(AVERAGEIF('Pemetaan Variant'!$A$5:$A$32,$B10,'Pemetaan Variant'!$AM$5:$AM$32),"n/a") -> 16277.778 | BV10: =IFERROR(IF(ISNUMBER(BU10),(BU10-AVERAGEIF('Pemetaan Variant'!$A$5:$A$32,$B10,'Pemetaan Variant'!$H$5:$H$32))/AVERAGEIF('Pemetaan Variant'!$A$5:$A$32,$B10,'Pemetaan Variant'!$H$5:$H$32)*100,"n/a"),"n/a") -> -0.56209566 | BW10: =IFERROR(IF(ISNUMBER(BV10),$C10*BV10,"n/a"),"n/a") -> -0.025393584 | BX10: =IFERROR(AVERAGEIF('Pemetaan Variant'!$A$5:$A$32,$B10,'Pemetaan Variant'!$AN$5:$AN$32),"n/a") -> 16333.333 | BY10: =IFERROR(IF(ISNUMBER(BX10),(BX10-AVERAGEIF('Pemetaan Variant'!$A$5:$A$32,$B10,'Pemetaan Variant'!$I$5:$I$32))/AVERAGEIF('Pemetaan Variant'!$A$5:$A$32,$B10,'Pemetaan Variant'!$I$5:$I$32)*100,"n/a"),"n/a") -> 0.90854028 | BZ10: =IFERROR(IF(ISNUMBER(BY10),$C10*BY10,"n/a"),"n/a") -> 0.041044782 | CA10: =IFERROR(AVERAGEIF('Pemetaan Variant'!$A$5:$A$32,$B10,'Pemetaan Variant'!$AO$5:$AO$32),"n/a") -> 16333.333 | CB10: =IFERROR(IF(ISNUMBER(CA10),(CA10-AVERAGEIF('Pemetaan Variant'!$A$5:$A$32,$B10,'Pemetaan Variant'!$I$5:$I$32))/AVERAGEIF('Pemetaan Variant'!$A$5:$A$32,$B10,'Pemetaan Variant'!$I$5:$I$32)*100,"n/a"),"n/a") -> 0.90854028 | CC10: =IFERROR(IF(ISNUMBER(CB10),$C10*CB10,"n/a"),"n/a") -> 0.041044782 | CD10: =IFERROR(AVERAGEIF('Pemetaan Variant'!$A$5:$A$32,$B10,'Pemetaan Variant'!$AP$5:$AP$32),"n/a") -> 16313.333 | CE10: =IFERROR(IF(ISNUMBER(CD10),(CD10-AVERAGEIF('Pemetaan Variant'!$A$5:$A$32,$B10,'Pemetaan Variant'!$I$5:$I$32))/AVERAGEIF('Pemetaan Variant'!$A$5:$A$32,$B10,'Pemetaan Variant'!$I$5:$I$32)*100,"n/a"),"n/a") -> 0.7849788 | CF10: =IFERROR(IF(ISNUMBER(CE10),$C10*CE10,"n/a"),"n/a") -> 0.035462691 | CG10: =IFERROR(AVERAGEIF('Pemetaan Variant'!$A$5:$A$32,$B10,'Pemetaan Variant'!$AQ$5:$AQ$32),"n/a") -> 16233.333 | CH10: =IFERROR(IF(ISNUMBER(CG10),(CG10-AVERAGEIF('Pemetaan Variant'!$A$5:$A$32,$B10,'Pemetaan Variant'!$I$5:$I$32))/AVERAGEIF('Pemetaan Variant'!$A$5:$A$32,$B10,'Pemetaan Variant'!$I$5:$I$32)*100,"n/a"),"n/a") -> 0.29073289 | CI10: =IFERROR(IF(ISNUMBER(CH10),$C10*CH10,"n/a"),"n/a") -> 0.01313433 | CJ10: =IFERROR(AVERAGEIF('Pemetaan Variant'!$A$5:$A$32,$B10,'Pemetaan Variant'!$AR$5:$AR$32),"n/a") -> 16233.333 | CK10: =IFERROR(IF(ISNUMBER(CJ10),(CJ10-AVERAGEIF('Pemetaan Variant'!$A$5:$A$32,$B10,'Pemetaan Variant'!$J$5:$J$32))/AVERAGEIF('Pemetaan Variant'!$A$5:$A$32,$B10,'Pemetaan Variant'!$J$5:$J$32)*100,"n/a"),"n/a") -> -0.4329525 | CL10: =IFERROR(IF(ISNUMBER(CK10),$C10*CK10,"n/a"),"n/a") -> -0.019559332 | CM10: =IFERROR(AVERAGEIF('Pemetaan Variant'!$A$5:$A$32,$B10,'Pemetaan Variant'!$AS$5:$AS$32),"n/a") -> 16233.333 | CN10: =IFERROR(IF(ISNUMBER(CM10),(CM10-AVERAGEIF('Pemetaan Variant'!$A$5:$A$32,$B10,'Pemetaan Variant'!$J$5:$J$32))/AVERAGEIF('Pemetaan Variant'!$A$5:$A$32,$B10,'Pemetaan Variant'!$J$5:$J$32)*100,"n/a"),"n/a") -> -0.4329525 | CO10: =IFERROR(IF(ISNUMBER(CN10),$C10*CN10,"n/a"),"n/a") -> -0.019559332 | CP10: =IFERROR(AVERAGEIF('Pemetaan Variant'!$A$5:$A$32,$B10,'Pemetaan Variant'!$AT$5:$AT$32),"n/a") -> 16233.333 | CQ10: =IFERROR(IF(ISNUMBER(CP10),(CP10-AVERAGEIF('Pemetaan Variant'!$A$5:$A$32,$B10,'Pemetaan Variant'!$J$5:$J$32))/AVERAGEIF('Pemetaan Variant'!$A$5:$A$32,$B10,'Pemetaan Variant'!$J$5:$J$32)*100,"n/a"),"n/a") -> -0.4329525 | CR10: =IFERROR(IF(ISNUMBER(CQ10),$C10*CQ10,"n/a"),"n/a") -> -0.019559332 | CS10: =IFERROR(AVERAGEIF('Pemetaan Variant'!$A$5:$A$32,$B10,'Pemetaan Variant'!$AU$5:$AU$32),"n/a") -> 16233.333 | CT10: =IFERROR(IF(ISNUMBER(CS10),(CS10-AVERAGEIF('Pemetaan Variant'!$A$5:$A$32,$B10,'Pemetaan Variant'!$J$5:$J$32))/AVERAGEIF('Pemetaan Variant'!$A$5:$A$32,$B10,'Pemetaan Variant'!$J$5:$J$32)*100,"n/a"),"n/a") -> -0.4329525 | CU10: =IFERROR(IF(ISNUMBER(CT10),$C10*CT10,"n/a"),"n/a") -> -0.019559332 | CV10: =IFERROR(AVERAGEIF('Pemetaan Variant'!$A$5:$A$32,$B10,'Pemetaan Variant'!$AV$5:$AV$32),"n/a") -> 16233.333 | CW10: =IFERROR(IF(ISNUMBER(CV10),(CV10-AVERAGEIF('Pemetaan Variant'!$A$5:$A$32,$B10,'Pemetaan Variant'!$J$5:$J$32))/AVERAGEIF('Pemetaan Variant'!$A$5:$A$32,$B10,'Pemetaan Variant'!$J$5:$J$32)*100,"n/a"),"n/a") -> -0.4329525 | CX10: =IFERROR(IF(ISNUMBER(CW10),$C10*CW10,"n/a"),"n/a") -> -0.019559332 | CY10: =IFERROR(AVERAGEIF('Pemetaan Variant'!$A$5:$A$32,$B10,'Pemetaan Variant'!$AW$5:$AW$32),"n/a") -> 0 | CZ10: =IFERROR(IF(ISNUMBER(CY10),(CY10-AVERAGEIF('Pemetaan Variant'!$A$5:$A$32,$B10,'Pemetaan Variant'!$K$5:$K$32))/AVERAGEIF('Pemetaan Variant'!$A$5:$A$32,$B10,'Pemetaan Variant'!$K$5:$K$32)*100,"n/a"),"n/a") -> -100 | DA10: =IFERROR(IF(ISNUMBER(CZ10),$C10*CZ10,"n/a"),"n/a") -> -4.5176623 | DB10: =IFERROR(AVERAGEIF('Pemetaan Variant'!$A$5:$A$32,$B10,'Pemetaan Variant'!$AX$5:$AX$32),"n/a") -> 0 | DC10: =IFERROR(IF(ISNUMBER(DB10),(DB10-AVERAGEIF('Pemetaan Variant'!$A$5:$A$32,$B10,'Pemetaan Variant'!$K$5:$K$32))/AVERAGEIF('Pemetaan Variant'!$A$5:$A$32,$B10,'Pemetaan Variant'!$K$5:$K$32)*100,"n/a"),"n/a") -> -100 | DD10: =IFERROR(IF(ISNUMBER(DC10),$C10*DC10,"n/a"),"n/a") -> -4.5176623 | DE10: =IFERROR(AVERAGEIF('Pemetaan Variant'!$A$5:$A$32,$B10,'Pemetaan Variant'!$AY$5:$AY$32),"n/a") -> 0 | DF10: =IFERROR(IF(ISNUMBER(DE10),(DE10-AVERAGEIF('Pemetaan Variant'!$A$5:$A$32,$B10,'Pemetaan Variant'!$K$5:$K$32))/AVERAGEIF('Pemetaan Variant'!$A$5:$A$32,$B10,'Pemetaan Variant'!$K$5:$K$32)*100,"n/a"),"n/a") -> -100 | DG10: =IFERROR(IF(ISNUMBER(DF10),$C10*DF10,"n/a"),"n/a") -> -4.5176623 | DH10: =IFERROR(AVERAGEIF('Pemetaan Variant'!$A$5:$A$32,$B10,'Pemetaan Variant'!$AZ$5:$AZ$32),"n/a") -> 0 | DI10: =IFERROR(IF(ISNUMBER(DH10),(DH10-AVERAGEIF('Pemetaan Variant'!$A$5:$A$32,$B10,'Pemetaan Variant'!$K$5:$K$32))/AVERAGEIF('Pemetaan Variant'!$A$5:$A$32,$B10,'Pemetaan Variant'!$K$5:$K$32)*100,"n/a"),"n/a") -> -100 | DJ10: =IFERROR(IF(ISNUMBER(DI10),$C10*DI10,"n/a"),"n/a") -> -4.5176623 | DK10: =IFERROR(AVERAGEIF('Pemetaan Variant'!$A$5:$A$32,$B10,'Pemetaan Variant'!$BA$5:$BA$32),"n/a") -> n/a | DL10: =IFERROR(IF(ISNUMBER(DK10),(DK10-AVERAGEIF('Pemetaan Variant'!$A$5:$A$32,$B10,'Pemetaan Variant'!$L$5:$L$32))/AVERAGEIF('Pemetaan Variant'!$A$5:$A$32,$B10,'Pemetaan Variant'!$L$5:$L$32)*100,"n/a"),"n/a") -> n/a | DM10: =IFERROR(IF(ISNUMBER(DL10),$C10*DL10,"n/a"),"n/a") -> n/a | DN10: =IFERROR(AVERAGEIF('Pemetaan Variant'!$A$5:$A$32,$B10,'Pemetaan Variant'!$BB$5:$BB$32),"n/a") -> n/a | DO10: =IFERROR(IF(ISNUMBER(DN10),(DN10-AVERAGEIF('Pemetaan Variant'!$A$5:$A$32,$B10,'Pemetaan Variant'!$L$5:$L$32))/AVERAGEIF('Pemetaan Variant'!$A$5:$A$32,$B10,'Pemetaan Variant'!$L$5:$L$32)*100,"n/a"),"n/a") -> n/a | DP10: =IFERROR(IF(ISNUMBER(DO10),$C10*DO10,"n/a"),"n/a") -> n/a | DQ10: =IFERROR(AVERAGEIF('Pemetaan Variant'!$A$5:$A$32,$B10,'Pemetaan Variant'!$BC$5:$BC$32),"n/a") -> n/a | DR10: =IFERROR(IF(ISNUMBER(DQ10),(DQ10-AVERAGEIF('Pemetaan Variant'!$A$5:$A$32,$B10,'Pemetaan Variant'!$L$5:$L$32))/AVERAGEIF('Pemetaan Variant'!$A$5:$A$32,$B10,'Pemetaan Variant'!$L$5:$L$32)*100,"n/a"),"n/a") -> n/a | DS10: =IFERROR(IF(ISNUMBER(DR10),$C10*DR10,"n/a"),"n/a") -> n/a | DT10: =IFERROR(AVERAGEIF('Pemetaan Variant'!$A$5:$A$32,$B10,'Pemetaan Variant'!$BD$5:$BD$32),"n/a") -> n/a | DU10: =IFERROR(IF(ISNUMBER(DT10),(DT10-AVERAGEIF('Pemetaan Variant'!$A$5:$A$32,$B10,'Pemetaan Variant'!$L$5:$L$32))/AVERAGEIF('Pemetaan Variant'!$A$5:$A$32,$B10,'Pemetaan Variant'!$L$5:$L$32)*100,"n/a"),"n/a") -> n/a | DV10: =IFERROR(IF(ISNUMBER(DU10),$C10*DU10,"n/a"),"n/a") -> n/a | DW10: =IFERROR(AVERAGEIF('Pemetaan Variant'!$A$5:$A$32,$B10,'Pemetaan Variant'!$BE$5:$BE$32),"n/a") -> n/a | DX10: =IFERROR(IF(ISNUMBER(DW10),(DW10-AVERAGEIF('Pemetaan Variant'!$A$5:$A$32,$B10,'Pemetaan Variant'!$M$5:$M$32))/AVERAGEIF('Pemetaan Variant'!$A$5:$A$32,$B10,'Pemetaan Variant'!$M$5:$M$32)*100,"n/a"),"n/a") -> n/a | DY10: =IFERROR(IF(ISNUMBER(DX10),$C10*DX10,"n/a"),"n/a") -> n/a | DZ10: =IFERROR(AVERAGEIF('Pemetaan Variant'!$A$5:$A$32,$B10,'Pemetaan Variant'!$BF$5:$BF$32),"n/a") -> n/a | EA10: =IFERROR(IF(ISNUMBER(DZ10),(DZ10-AVERAGEIF('Pemetaan Variant'!$A$5:$A$32,$B10,'Pemetaan Variant'!$M$5:$M$32))/AVERAGEIF('Pemetaan Variant'!$A$5:$A$32,$B10,'Pemetaan Variant'!$M$5:$M$32)*100,"n/a"),"n/a") -> n/a | EB10: =IFERROR(IF(ISNUMBER(EA10),$C10*EA10,"n/a"),"n/a") -> n/a | EC10: =IFERROR(AVERAGEIF('Pemetaan Variant'!$A$5:$A$32,$B10,'Pemetaan Variant'!$BG$5:$BG$32),"n/a") -> n/a | ED10: =IFERROR(IF(ISNUMBER(EC10),(EC10-AVERAGEIF('Pemetaan Variant'!$A$5:$A$32,$B10,'Pemetaan Variant'!$M$5:$M$32))/AVERAGEIF('Pemetaan Variant'!$A$5:$A$32,$B10,'Pemetaan Variant'!$M$5:$M$32)*100,"n/a"),"n/a") -> n/a | EE10: =IFERROR(IF(ISNUMBER(ED10),$C10*ED10,"n/a"),"n/a") -> n/a | EF10: =IFERROR(AVERAGEIF('Pemetaan Variant'!$A$5:$A$32,$B10,'Pemetaan Variant'!$BH$5:$BH$32),"n/a") -> n/a | EG10: =IFERROR(IF(ISNUMBER(EF10),(EF10-AVERAGEIF('Pemetaan Variant'!$A$5:$A$32,$B10,'Pemetaan Variant'!$M$5:$M$32))/AVERAGEIF('Pemetaan Variant'!$A$5:$A$32,$B10,'Pemetaan Variant'!$M$5:$M$32)*100,"n/a"),"n/a") -> n/a | EH10: =IFERROR(IF(ISNUMBER(EG10),$C10*EG10,"n/a"),"n/a") -> n/a | EI10: =IFERROR(AVERAGEIF('Pemetaan Variant'!$A$5:$A$32,$B10,'Pemetaan Variant'!$BI$5:$BI$32),"n/a") -> n/a | EJ10: =IFERROR(IF(ISNUMBER(EI10),(EI10-AVERAGEIF('Pemetaan Variant'!$A$5:$A$32,$B10,'Pemetaan Variant'!$M$5:$M$32))/AVERAGEIF('Pemetaan Variant'!$A$5:$A$32,$B10,'Pemetaan Variant'!$M$5:$M$32)*100,"n/a"),"n/a") -> n/a | EK10: =IFERROR(IF(ISNUMBER(EJ10),$C10*EJ10,"n/a"),"n/a") -> n/a | EL10: =IFERROR(AVERAGEIF('Pemetaan Variant'!$A$5:$A$32,$B10,'Pemetaan Variant'!$BJ$5:$BJ$32),"n/a") -> n/a | EM10: =IFERROR(IF(ISNUMBER(EL10),(EL10-AVERAGEIF('Pemetaan Variant'!$A$5:$A$32,$B10,'Pemetaan Variant'!$N$5:$N$32))/AVERAGEIF('Pemetaan Variant'!$A$5:$A$32,$B10,'Pemetaan Variant'!$N$5:$N$32)*100,"n/a"),"n/a") -> n/a | EN10: =IFERROR(IF(ISNUMBER(EM10),$C10*EM10,"n/a"),"n/a") -> n/a | EO10: =IFERROR(AVERAGEIF('Pemetaan Variant'!$A$5:$A$32,$B10,'Pemetaan Variant'!$BK$5:$BK$32),"n/a") -> n/a | EP10: =IFERROR(IF(ISNUMBER(EO10),(EO10-AVERAGEIF('Pemetaan Variant'!$A$5:$A$32,$B10,'Pemetaan Variant'!$N$5:$N$32))/AVERAGEIF('Pemetaan Variant'!$A$5:$A$32,$B10,'Pemetaan Variant'!$N$5:$N$32)*100,"n/a"),"n/a") -> n/a | EQ10: =IFERROR(IF(ISNUMBER(EP10),$C10*EP10,"n/a"),"n/a") -> n/a | ER10: =IFERROR(AVERAGEIF('Pemetaan Variant'!$A$5:$A$32,$B10,'Pemetaan Variant'!$BL$5:$BL$32),"n/a") -> n/a | ES10: =IFERROR(IF(ISNUMBER(ER10),(ER10-AVERAGEIF('Pemetaan Variant'!$A$5:$A$32,$B10,'Pemetaan Variant'!$N$5:$N$32))/AVERAGEIF('Pemetaan Variant'!$A$5:$A$32,$B10,'Pemetaan Variant'!$N$5:$N$32)*100,"n/a"),"n/a") -> n/a | ET10: =IFERROR(IF(ISNUMBER(ES10),$C10*ES10,"n/a"),"n/a") -> n/a | EU10: =IFERROR(AVERAGEIF('Pemetaan Variant'!$A$5:$A$32,$B10,'Pemetaan Variant'!$BM$5:$BM$32),"n/a") -> n/a | EV10: =IFERROR(IF(ISNUMBER(EU10),(EU10-AVERAGEIF('Pemetaan Variant'!$A$5:$A$32,$B10,'Pemetaan Variant'!$N$5:$N$32))/AVERAGEIF('Pemetaan Variant'!$A$5:$A$32,$B10,'Pemetaan Variant'!$N$5:$N$32)*100,"n/a"),"n/a") -> n/a | EW10: =IFERROR(IF(ISNUMBER(EV10),$C10*EV10,"n/a"),"n/a") -> n/a | EX10: =IFERROR(AVERAGEIF('Pemetaan Variant'!$A$5:$A$32,$B10,'Pemetaan Variant'!$BN$5:$BN$32),"n/a") -> n/a | EY10: =IFERROR(IF(ISNUMBER(EX10),(EX10-AVERAGEIF('Pemetaan Variant'!$A$5:$A$32,$B10,'Pemetaan Variant'!$O$5:$O$32))/AVERAGEIF('Pemetaan Variant'!$A$5:$A$32,$B10,'Pemetaan Variant'!$O$5:$O$32)*100,"n/a"),"n/a") -> n/a | EZ10: =IFERROR(IF(ISNUMBER(EY10),$C10*EY10,"n/a"),"n/a") -> n/a | FA10: =IFERROR(AVERAGEIF('Pemetaan Variant'!$A$5:$A$32,$B10,'Pemetaan Variant'!$BO$5:$BO$32),"n/a") -> n/a | FB10: =IFERROR(IF(ISNUMBER(FA10),(FA10-AVERAGEIF('Pemetaan Variant'!$A$5:$A$32,$B10,'Pemetaan Variant'!$O$5:$O$32))/AVERAGEIF('Pemetaan Variant'!$A$5:$A$32,$B10,'Pemetaan Variant'!$O$5:$O$32)*100,"n/a"),"n/a") -> n/a | FC10: =IFERROR(IF(ISNUMBER(FB10),$C10*FB10,"n/a"),"n/a") -> n/a | FD10: =IFERROR(AVERAGEIF('Pemetaan Variant'!$A$5:$A$32,$B10,'Pemetaan Variant'!$BP$5:$BP$32),"n/a") -> n/a | FE10: =IFERROR(IF(ISNUMBER(FD10),(FD10-AVERAGEIF('Pemetaan Variant'!$A$5:$A$32,$B10,'Pemetaan Variant'!$O$5:$O$32))/AVERAGEIF('Pemetaan Variant'!$A$5:$A$32,$B10,'Pemetaan Variant'!$O$5:$O$32)*100,"n/a"),"n/a") -> n/a | FF10: =IFERROR(IF(ISNUMBER(FE10),$C10*FE10,"n/a"),"n/a") -> n/a | FG10: =IFERROR(AVERAGEIF('Pemetaan Variant'!$A$5:$A$32,$B10,'Pemetaan Variant'!$BQ$5:$BQ$32),"n/a") -> n/a | FH10: =IFERROR(IF(ISNUMBER(FG10),(FG10-AVERAGEIF('Pemetaan Variant'!$A$5:$A$32,$B10,'Pemetaan Variant'!$O$5:$O$32))/AVERAGEIF('Pemetaan Variant'!$A$5:$A$32,$B10,'Pemetaan Variant'!$O$5:$O$32)*100,"n/a"),"n/a") -> n/a | FI10: =IFERROR(IF(ISNUMBER(FH10),$C10*FH10,"n/a"),"n/a") -> n/a | FJ10: =IFERROR(AVERAGEIF('Pemetaan Variant'!$A$5:$A$32,$B10,'Pemetaan Variant'!$BR$5:$BR$32),"n/a") -> n/a | FK10: =IFERROR(IF(ISNUMBER(FJ10),(FJ10-AVERAGEIF('Pemetaan Variant'!$A$5:$A$32,$B10,'Pemetaan Variant'!$O$5:$O$32))/AVERAGEIF('Pemetaan Variant'!$A$5:$A$32,$B10,'Pemetaan Variant'!$O$5:$O$32)*100,"n/a"),"n/a") -> n/a | FL10: =IFERROR(IF(ISNUMBER(FK10),$C10*FK10,"n/a"),"n/a") -> n/a | FO10: =IFERROR(ABS(F10),0) -> 0.015392376 | FP10: =IFERROR(ABS(I10),0) -> 0.015392376 | FQ10: =IFERROR(ABS(L10),0) -> 0.015392376 | FR10: =IFERROR(ABS(O10),0) -> 0.015392376 | FS10: =IFERROR(ABS(R10),0) -> 0.015392376 | FT10: =IFERROR(ABS(U10),0) -> 0 | FU10: =IFERROR(ABS(X10),0) -> 0.046334998 | FV10: =IFERROR(ABS(AA10),0) -> 0.046334998 | FW10: =IFERROR(ABS(AD10),0) -> 0.046334998 | FX10: =IFERROR(ABS(AG10),0) -> 0.012101962 | FY10: =IFERROR(ABS(AJ10),0) -> 0.012101962 | FZ10: =IFERROR(ABS(AM10),0) -> 0.012101962 | GA10: =IFERROR(ABS(AP10),0) -> 0.012101962 | GB10: =IFERROR(ABS(AS10),0) -> 0 | GC10: =IFERROR(ABS(AV10),0) -> 0 | GD10: =IFERROR(ABS(AY10),0) -> 0 | GE10: =IFERROR(ABS(BB10),0) -> 0 | GF10: =IFERROR(ABS(BE10),0) -> 0 | GG10: =IFERROR(ABS(BH10),0) -> 0.068796888 | GH10: =IFERROR(ABS(BK10),0) -> 0.056057534 | GI10: =IFERROR(ABS(BN10),0) -> 0.056057534 | GJ10: =IFERROR(ABS(BQ10),0) -> 0.056057534 | GK10: =IFERROR(ABS(BT10),0) -> 0.056057534 | GL10: =IFERROR(ABS(BW10),0) -> 0.025393584 | GM10: =IFERROR(ABS(BZ10),0) -> 0.041044782 | GN10: =IFERROR(ABS(CC10),0) -> 0.041044782 | GO10: =IFERROR(ABS(CF10),0) -> 0.035462691 | GP10: =IFERROR(ABS(CI10),0) -> 0.01313433 | GQ10: =IFERROR(ABS(CL10),0) -> 0.019559332 | GR10: =IFERROR(ABS(CO10),0) -> 0.019559332 | GS10: =IFERROR(ABS(CR10),0) -> 0.019559332 | GT10: =IFERROR(ABS(CU10),0) -> 0.019559332 | GU10: =IFERROR(ABS(CX10),0) -> 0.019559332 | GV10: =IFERROR(ABS(DA10),0) -> 4.5176623 | GW10: =IFERROR(ABS(DD10),0) -> 4.5176623 | GX10: =IFERROR(ABS(DG10),0) -> 4.5176623 | GY10: =IFERROR(ABS(DJ10),0) -> 4.5176623 | GZ10: =IFERROR(ABS(DM10),0) -> 0 | HA10: =IFERROR(ABS(DP10),0) -> 0 | HB10: =IFERROR(ABS(DS10),0) -> 0 | HC10: =IFERROR(ABS(DV10),0) -> 0 | HD10: =IFERROR(ABS(DY10),0) -> 0 | HE10: =IFERROR(ABS(EB10),0) -> 0 | HF10: =IFERROR(ABS(EE10),0) -> 0 | HG10: =IFERROR(ABS(EH10),0) -> 0 | HH10: =IFERROR(ABS(EK10),0) -> 0 | HI10: =IFERROR(ABS(EN10),0) -> 0 | HJ10: =IFERROR(ABS(EQ10),0) -> 0 | HK10: =IFERROR(ABS(ET10),0) -> 0 | HL10: =IFERROR(ABS(EW10),0) -> 0 | HM10: =IFERROR(ABS(EZ10),0) -> 0 | HN10: =IFERROR(ABS(FC10),0) -> 0 | HO10: =IFERROR(ABS(FF10),0) -> 0 | HP10: =IFERROR(ABS(FI10),0) -> 0 | HQ10: =IFERROR(ABS(FL10),0) -> 0
A11: 6 | B11: udang lobster 01132004 | C11: ='P0Q0 Dasar 2022'!F10 -> 0.037010754 | D11: =IFERROR(AVERAGEIF('Pemetaan Variant'!$A$5:$A$32,$B11,'Pemetaan Variant'!$P$5:$P$32),"n/a") -> 68000 | E11: =IFERROR(IF(ISNUMBER(D11),(D11-AVERAGEIF('Pemetaan Variant'!$A$5:$A$32,$B11,'Pemetaan Variant'!$D$5:$D$32))/AVERAGEIF('Pemetaan Variant'!$A$5:$A$32,$B11,'Pemetaan Variant'!$D$5:$D$32)*100,"n/a"),"n/a") -> 0 | F11: =IFERROR(IF(ISNUMBER(E11),$C11*E11,"n/a"),"n/a") -> 0 | G11: =IFERROR(AVERAGEIF('Pemetaan Variant'!$A$5:$A$32,$B11,'Pemetaan Variant'!$Q$5:$Q$32),"n/a") -> 68000 | H11: =IFERROR(IF(ISNUMBER(G11),(G11-AVERAGEIF('Pemetaan Variant'!$A$5:$A$32,$B11,'Pemetaan Variant'!$D$5:$D$32))/AVERAGEIF('Pemetaan Variant'!$A$5:$A$32,$B11,'Pemetaan Variant'!$D$5:$D$32)*100,"n/a"),"n/a") -> 0 | I11: =IFERROR(IF(ISNUMBER(H11),$C11*H11,"n/a"),"n/a") -> 0 | J11: =IFERROR(AVERAGEIF('Pemetaan Variant'!$A$5:$A$32,$B11,'Pemetaan Variant'!$R$5:$R$32),"n/a") -> 68000 | K11: =IFERROR(IF(ISNUMBER(J11),(J11-AVERAGEIF('Pemetaan Variant'!$A$5:$A$32,$B11,'Pemetaan Variant'!$D$5:$D$32))/AVERAGEIF('Pemetaan Variant'!$A$5:$A$32,$B11,'Pemetaan Variant'!$D$5:$D$32)*100,"n/a"),"n/a") -> 0 | L11: =IFERROR(IF(ISNUMBER(K11),$C11*K11,"n/a"),"n/a") -> 0 | M11: =IFERROR(AVERAGEIF('Pemetaan Variant'!$A$5:$A$32,$B11,'Pemetaan Variant'!$S$5:$S$32),"n/a") -> 68000 | N11: =IFERROR(IF(ISNUMBER(M11),(M11-AVERAGEIF('Pemetaan Variant'!$A$5:$A$32,$B11,'Pemetaan Variant'!$D$5:$D$32))/AVERAGEIF('Pemetaan Variant'!$A$5:$A$32,$B11,'Pemetaan Variant'!$D$5:$D$32)*100,"n/a"),"n/a") -> 0 | O11: =IFERROR(IF(ISNUMBER(N11),$C11*N11,"n/a"),"n/a") -> 0 | P11: =IFERROR(AVERAGEIF('Pemetaan Variant'!$A$5:$A$32,$B11,'Pemetaan Variant'!$T$5:$T$32),"n/a") -> 68000 | Q11: =IFERROR(IF(ISNUMBER(P11),(P11-AVERAGEIF('Pemetaan Variant'!$A$5:$A$32,$B11,'Pemetaan Variant'!$D$5:$D$32))/AVERAGEIF('Pemetaan Variant'!$A$5:$A$32,$B11,'Pemetaan Variant'!$D$5:$D$32)*100,"n/a"),"n/a") -> 0 | R11: =IFERROR(IF(ISNUMBER(Q11),$C11*Q11,"n/a"),"n/a") -> 0 | S11: =IFERROR(AVERAGEIF('Pemetaan Variant'!$A$5:$A$32,$B11,'Pemetaan Variant'!$U$5:$U$32),"n/a") -> 68000 | T11: =IFERROR(IF(ISNUMBER(S11),(S11-AVERAGEIF('Pemetaan Variant'!$A$5:$A$32,$B11,'Pemetaan Variant'!$E$5:$E$32))/AVERAGEIF('Pemetaan Variant'!$A$5:$A$32,$B11,'Pemetaan Variant'!$E$5:$E$32)*100,"n/a"),"n/a") -> 0 | U11: =IFERROR(IF(ISNUMBER(T11),$C11*T11,"n/a"),"n/a") -> 0 | V11: =IFERROR(AVERAGEIF('Pemetaan Variant'!$A$5:$A$32,$B11,'Pemetaan Variant'!$V$5:$V$32),"n/a") -> 68000 | W11: =IFERROR(IF(ISNUMBER(V11),(V11-AVERAGEIF('Pemetaan Variant'!$A$5:$A$32,$B11,'Pemetaan Variant'!$E$5:$E$32))/AVERAGEIF('Pemetaan Variant'!$A$5:$A$32,$B11,'Pemetaan Variant'!$E$5:$E$32)*100,"n/a"),"n/a") -> 0 | X11: =IFERROR(IF(ISNUMBER(W11),$C11*W11,"n/a"),"n/a") -> 0 | Y11: =IFERROR(AVERAGEIF('Pemetaan Variant'!$A$5:$A$32,$B11,'Pemetaan Variant'!$W$5:$W$32),"n/a") -> 68000 | Z11: =IFERROR(IF(ISNUMBER(Y11),(Y11-AVERAGEIF('Pemetaan Variant'!$A$5:$A$32,$B11,'Pemetaan Variant'!$E$5:$E$32))/AVERAGEIF('Pemetaan Variant'!$A$5:$A$32,$B11,'Pemetaan Variant'!$E$5:$E$32)*100,"n/a"),"n/a") -> 0 | AA11: =IFERROR(IF(ISNUMBER(Z11),$C11*Z11,"n/a"),"n/a") -> 0 | AB11: =IFERROR(AVERAGEIF('Pemetaan Variant'!$A$5:$A$32,$B11,'Pemetaan Variant'!$X$5:$X$32),"n/a") -> 68000 | AC11: =IFERROR(IF(ISNUMBER(AB11),(AB11-AVERAGEIF('Pemetaan Variant'!$A$5:$A$32,$B11,'Pemetaan Variant'!$E$5:$E$32))/AVERAGEIF('Pemetaan Variant'!$A$5:$A$32,$B11,'Pemetaan Variant'!$E$5:$E$32)*100,"n/a"),"n/a") -> 0 | AD11: =IFERROR(IF(ISNUMBER(AC11),$C11*AC11,"n/a"),"n/a") -> 0 | AE11: =IFERROR(AVERAGEIF('Pemetaan Variant'!$A$5:$A$32,$B11,'Pemetaan Variant'!$Y$5:$Y$32),"n/a") -> 66200 | AF11: =IFERROR(IF(ISNUMBER(AE11),(AE11-AVERAGEIF('Pemetaan Variant'!$A$5:$A$32,$B11,'Pemetaan Variant'!$F$5:$F$32))/AVERAGEIF('Pemetaan Variant'!$A$5:$A$32,$B11,'Pemetaan Variant'!$F$5:$F$32)*100,"n/a"),"n/a") -> -2.6470588 | AG11: =IFERROR(IF(ISNUMBER(AF11),$C11*AF11,"n/a"),"n/a") -> -0.097969644 | AH11: =IFERROR(AVERAGEIF('Pemetaan Variant'!$A$5:$A$32,$B11,'Pemetaan Variant'!$Z$5:$Z$32),"n/a") -> 65000 | AI11: =IFERROR(IF(ISNUMBER(AH11),(AH11-AVERAGEIF('Pemetaan Variant'!$A$5:$A$32,$B11,'Pemetaan Variant'!$F$5:$F$32))/AVERAGEIF('Pemetaan Variant'!$A$5:$A$32,$B11,'Pemetaan Variant'!$F$5:$F$32)*100,"n/a"),"n/a") -> -4.4117647 | AJ11: =IFERROR(IF(ISNUMBER(AI11),$C11*AI11,"n/a"),"n/a") -> -0.16328274 | AK11: =IFERROR(AVERAGEIF('Pemetaan Variant'!$A$5:$A$32,$B11,'Pemetaan Variant'!$AA$5:$AA$32),"n/a") -> 65000 | AL11: =IFERROR(IF(ISNUMBER(AK11),(AK11-AVERAGEIF('Pemetaan Variant'!$A$5:$A$32,$B11,'Pemetaan Variant'!$F$5:$F$32))/AVERAGEIF('Pemetaan Variant'!$A$5:$A$32,$B11,'Pemetaan Variant'!$F$5:$F$32)*100,"n/a"),"n/a") -> -4.4117647 | AM11: =IFERROR(IF(ISNUMBER(AL11),$C11*AL11,"n/a"),"n/a") -> -0.16328274 | AN11: =IFERROR(AVERAGEIF('Pemetaan Variant'!$A$5:$A$32,$B11,'Pemetaan Variant'!$AB$5:$AB$32),"n/a") -> 65000 | AO11: =IFERROR(IF(ISNUMBER(AN11),(AN11-AVERAGEIF('Pemetaan Variant'!$A$5:$A$32,$B11,'Pemetaan Variant'!$F$5:$F$32))/AVERAGEIF('Pemetaan Variant'!$A$5:$A$32,$B11,'Pemetaan Variant'!$F$5:$F$32)*100,"n/a"),"n/a") -> -4.4117647 | AP11: =IFERROR(IF(ISNUMBER(AO11),$C11*AO11,"n/a"),"n/a") -> -0.16328274 | AQ11: =IFERROR(AVERAGEIF('Pemetaan Variant'!$A$5:$A$32,$B11,'Pemetaan Variant'!$AC$5:$AC$32),"n/a") -> n/a | AR11: =IFERROR(IF(ISNUMBER(AQ11),(AQ11-AVERAGEIF('Pemetaan Variant'!$A$5:$A$32,$B11,'Pemetaan Variant'!$F$5:$F$32))/AVERAGEIF('Pemetaan Variant'!$A$5:$A$32,$B11,'Pemetaan Variant'!$F$5:$F$32)*100,"n/a"),"n/a") -> n/a | AS11: =IFERROR(IF(ISNUMBER(AR11),$C11*AR11,"n/a"),"n/a") -> n/a | AT11: =IFERROR(AVERAGEIF('Pemetaan Variant'!$A$5:$A$32,$B11,'Pemetaan Variant'!$AD$5:$AD$32),"n/a") -> n/a | AU11: =IFERROR(IF(ISNUMBER(AT11),(AT11-AVERAGEIF('Pemetaan Variant'!$A$5:$A$32,$B11,'Pemetaan Variant'!$G$5:$G$32))/AVERAGEIF('Pemetaan Variant'!$A$5:$A$32,$B11,'Pemetaan Variant'!$G$5:$G$32)*100,"n/a"),"n/a") -> n/a | AV11: =IFERROR(IF(ISNUMBER(AU11),$C11*AU11,"n/a"),"n/a") -> n/a | AW11: =IFERROR(AVERAGEIF('Pemetaan Variant'!$A$5:$A$32,$B11,'Pemetaan Variant'!$AE$5:$AE$32),"n/a") -> 65000 | AX11: =IFERROR(IF(ISNUMBER(AW11),(AW11-AVERAGEIF('Pemetaan Variant'!$A$5:$A$32,$B11,'Pemetaan Variant'!$G$5:$G$32))/AVERAGEIF('Pemetaan Variant'!$A$5:$A$32,$B11,'Pemetaan Variant'!$G$5:$G$32)*100,"n/a"),"n/a") -> -0.48348106 | AY11: =IFERROR(IF(ISNUMBER(AX11),$C11*AX11,"n/a"),"n/a") -> -0.017893999 | AZ11: =IFERROR(AVERAGEIF('Pemetaan Variant'!$A$5:$A$32,$B11,'Pemetaan Variant'!$AF$5:$AF$32),"n/a") -> 60000 | BA11: =IFERROR(IF(ISNUMBER(AZ11),(AZ11-AVERAGEIF('Pemetaan Variant'!$A$5:$A$32,$B11,'Pemetaan Variant'!$G$5:$G$32))/AVERAGEIF('Pemetaan Variant'!$A$5:$A$32,$B11,'Pemetaan Variant'!$G$5:$G$32)*100,"n/a"),"n/a") -> -8.1385979 | BB11: =IFERROR(IF(ISNUMBER(BA11),$C11*BA11,"n/a"),"n/a") -> -0.30121565 | BC11: =IFERROR(AVERAGEIF('Pemetaan Variant'!$A$5:$A$32,$B11,'Pemetaan Variant'!$AG$5:$AG$32),"n/a") -> 60000 | BD11: =IFERROR(IF(ISNUMBER(BC11),(BC11-AVERAGEIF('Pemetaan Variant'!$A$5:$A$32,$B11,'Pemetaan Variant'!$G$5:$G$32))/AVERAGEIF('Pemetaan Variant'!$A$5:$A$32,$B11,'Pemetaan Variant'!$G$5:$G$32)*100,"n/a"),"n/a") -> -8.1385979 | BE11: =IFERROR(IF(ISNUMBER(BD11),$C11*BD11,"n/a"),"n/a") -> -0.30121565 | BF11: =IFERROR(AVERAGEIF('Pemetaan Variant'!$A$5:$A$32,$B11,'Pemetaan Variant'!$AH$5:$AH$32),"n/a") -> 60000 | BG11: =IFERROR(IF(ISNUMBER(BF11),(BF11-AVERAGEIF('Pemetaan Variant'!$A$5:$A$32,$B11,'Pemetaan Variant'!$G$5:$G$32))/AVERAGEIF('Pemetaan Variant'!$A$5:$A$32,$B11,'Pemetaan Variant'!$G$5:$G$32)*100,"n/a"),"n/a") -> -8.1385979 | BH11: =IFERROR(IF(ISNUMBER(BG11),$C11*BG11,"n/a"),"n/a") -> -0.30121565 | BI11: =IFERROR(AVERAGEIF('Pemetaan Variant'!$A$5:$A$32,$B11,'Pemetaan Variant'!$AI$5:$AI$32),"n/a") -> 60000 | BJ11: =IFERROR(IF(ISNUMBER(BI11),(BI11-AVERAGEIF('Pemetaan Variant'!$A$5:$A$32,$B11,'Pemetaan Variant'!$H$5:$H$32))/AVERAGEIF('Pemetaan Variant'!$A$5:$A$32,$B11,'Pemetaan Variant'!$H$5:$H$32)*100,"n/a"),"n/a") -> -2.0408163 | BK11: =IFERROR(IF(ISNUMBER(BJ11),$C11*BJ11,"n/a"),"n/a") -> -0.075532152 | BL11: =IFERROR(AVERAGEIF('Pemetaan Variant'!$A$5:$A$32,$B11,'Pemetaan Variant'!$AJ$5:$AJ$32),"n/a") -> 60000 | BM11: =IFERROR(IF(ISNUMBER(BL11),(BL11-AVERAGEIF('Pemetaan Variant'!$A$5:$A$32,$B11,'Pemetaan Variant'!$H$5:$H$32))/AVERAGEIF('Pemetaan Variant'!$A$5:$A$32,$B11,'Pemetaan Variant'!$H$5:$H$32)*100,"n/a"),"n/a") -> -2.0408163 | BN11: =IFERROR(IF(ISNUMBER(BM11),$C11*BM11,"n/a"),"n/a") -> -0.075532152 | BO11: =IFERROR(AVERAGEIF('Pemetaan Variant'!$A$5:$A$32,$B11,'Pemetaan Variant'!$AK$5:$AK$32),"n/a") -> 60000 | BP11: =IFERROR(IF(ISNUMBER(BO11),(BO11-AVERAGEIF('Pemetaan Variant'!$A$5:$A$32,$B11,'Pemetaan Variant'!$H$5:$H$32))/AVERAGEIF('Pemetaan Variant'!$A$5:$A$32,$B11,'Pemetaan Variant'!$H$5:$H$32)*100,"n/a"),"n/a") -> -2.0408163 | BQ11: =IFERROR(IF(ISNUMBER(BP11),$C11*BP11,"n/a"),"n/a") -> -0.075532152 | BR11: =IFERROR(AVERAGEIF('Pemetaan Variant'!$A$5:$A$32,$B11,'Pemetaan Variant'!$AL$5:$AL$32),"n/a") -> 60000 | BS11: =IFERROR(IF(ISNUMBER(BR11),(BR11-AVERAGEIF('Pemetaan Variant'!$A$5:$A$32,$B11,'Pemetaan Variant'!$H$5:$H$32))/AVERAGEIF('Pemetaan Variant'!$A$5:$A$32,$B11,'Pemetaan Variant'!$H$5:$H$32)*100,"n/a"),"n/a") -> -2.0408163 | BT11: =IFERROR(IF(ISNUMBER(BS11),$C11*BS11,"n/a"),"n/a") -> -0.075532152 | BU11: =IFERROR(AVERAGEIF('Pemetaan Variant'!$A$5:$A$32,$B11,'Pemetaan Variant'!$AM$5:$AM$32),"n/a") -> 60000 | BV11: =IFERROR(IF(ISNUMBER(BU11),(BU11-AVERAGEIF('Pemetaan Variant'!$A$5:$A$32,$B11,'Pemetaan Variant'!$H$5:$H$32))/AVERAGEIF('Pemetaan Variant'!$A$5:$A$32,$B11,'Pemetaan Variant'!$H$5:$H$32)*100,"n/a"),"n/a") -> -2.0408163 | BW11: =IFERROR(IF(ISNUMBER(BV11),$C11*BV11,"n/a"),"n/a") -> -0.075532152 | BX11: =IFERROR(AVERAGEIF('Pemetaan Variant'!$A$5:$A$32,$B11,'Pemetaan Variant'!$AN$5:$AN$32),"n/a") -> 60000 | BY11: =IFERROR(IF(ISNUMBER(BX11),(BX11-AVERAGEIF('Pemetaan Variant'!$A$5:$A$32,$B11,'Pemetaan Variant'!$I$5:$I$32))/AVERAGEIF('Pemetaan Variant'!$A$5:$A$32,$B11,'Pemetaan Variant'!$I$5:$I$32)*100,"n/a"),"n/a") -> 0 | BZ11: =IFERROR(IF(ISNUMBER(BY11),$C11*BY11,"n/a"),"n/a") -> 0 | CA11: =IFERROR(AVERAGEIF('Pemetaan Variant'!$A$5:$A$32,$B11,'Pemetaan Variant'!$AO$5:$AO$32),"n/a") -> 58500 | CB11: =IFERROR(IF(ISNUMBER(CA11),(CA11-AVERAGEIF('Pemetaan Variant'!$A$5:$A$32,$B11,'Pemetaan Variant'!$I$5:$I$32))/AVERAGEIF('Pemetaan Variant'!$A$5:$A$32,$B11,'Pemetaan Variant'!$I$5:$I$32)*100,"n/a"),"n/a") -> -2.5 | CC11: =IFERROR(IF(ISNUMBER(CB11),$C11*CB11,"n/a"),"n/a") -> -0.092526886 | CD11: =IFERROR(AVERAGEIF('Pemetaan Variant'!$A$5:$A$32,$B11,'Pemetaan Variant'!$AP$5:$AP$32),"n/a") -> 58000 | CE11: =IFERROR(IF(ISNUMBER(CD11),(CD11-AVERAGEIF('Pemetaan Variant'!$A$5:$A$32,$B11,'Pemetaan Variant'!$I$5:$I$32))/AVERAGEIF('Pemetaan Variant'!$A$5:$A$32,$B11,'Pemetaan Variant'!$I$5:$I$32)*100,"n/a"),"n/a") -> -3.3333333 | CF11: =IFERROR(IF(ISNUMBER(CE11),$C11*CE11,"n/a"),"n/a") -> -0.12336918 | CG11: =IFERROR(AVERAGEIF('Pemetaan Variant'!$A$5:$A$32,$B11,'Pemetaan Variant'!$AQ$5:$AQ$32),"n/a") -> 58000 | CH11: =IFERROR(IF(ISNUMBER(CG11),(CG11-AVERAGEIF('Pemetaan Variant'!$A$5:$A$32,$B11,'Pemetaan Variant'!$I$5:$I$32))/AVERAGEIF('Pemetaan Variant'!$A$5:$A$32,$B11,'Pemetaan Variant'!$I$5:$I$32)*100,"n/a"),"n/a") -> -3.3333333 | CI11: =IFERROR(IF(ISNUMBER(CH11),$C11*CH11,"n/a"),"n/a") -> -0.12336918 | CJ11: =IFERROR(AVERAGEIF('Pemetaan Variant'!$A$5:$A$32,$B11,'Pemetaan Variant'!$AR$5:$AR$32),"n/a") -> 58000 | CK11: =IFERROR(IF(ISNUMBER(CJ11),(CJ11-AVERAGEIF('Pemetaan Variant'!$A$5:$A$32,$B11,'Pemetaan Variant'!$J$5:$J$32))/AVERAGEIF('Pemetaan Variant'!$A$5:$A$32,$B11,'Pemetaan Variant'!$J$5:$J$32)*100,"n/a"),"n/a") -> -1.0040161 | CL11: =IFERROR(IF(ISNUMBER(CK11),$C11*CK11,"n/a"),"n/a") -> -0.037159392 | CM11: =IFERROR(AVERAGEIF('Pemetaan Variant'!$A$5:$A$32,$B11,'Pemetaan Variant'!$AS$5:$AS$32),"n/a") -> 58000 | CN11: =IFERROR(IF(ISNUMBER(CM11),(CM11-AVERAGEIF('Pemetaan Variant'!$A$5:$A$32,$B11,'Pemetaan Variant'!$J$5:$J$32))/AVERAGEIF('Pemetaan Variant'!$A$5:$A$32,$B11,'Pemetaan Variant'!$J$5:$J$32)*100,"n/a"),"n/a") -> -1.0040161 | CO11: =IFERROR(IF(ISNUMBER(CN11),$C11*CN11,"n/a"),"n/a") -> -0.037159392 | CP11: =IFERROR(AVERAGEIF('Pemetaan Variant'!$A$5:$A$32,$B11,'Pemetaan Variant'!$AT$5:$AT$32),"n/a") -> 58000 | CQ11: =IFERROR(IF(ISNUMBER(CP11),(CP11-AVERAGEIF('Pemetaan Variant'!$A$5:$A$32,$B11,'Pemetaan Variant'!$J$5:$J$32))/AVERAGEIF('Pemetaan Variant'!$A$5:$A$32,$B11,'Pemetaan Variant'!$J$5:$J$32)*100,"n/a"),"n/a") -> -1.0040161 | CR11: =IFERROR(IF(ISNUMBER(CQ11),$C11*CQ11,"n/a"),"n/a") -> -0.037159392 | CS11: =IFERROR(AVERAGEIF('Pemetaan Variant'!$A$5:$A$32,$B11,'Pemetaan Variant'!$AU$5:$AU$32),"n/a") -> 58000 | CT11: =IFERROR(IF(ISNUMBER(CS11),(CS11-AVERAGEIF('Pemetaan Variant'!$A$5:$A$32,$B11,'Pemetaan Variant'!$J$5:$J$32))/AVERAGEIF('Pemetaan Variant'!$A$5:$A$32,$B11,'Pemetaan Variant'!$J$5:$J$32)*100,"n/a"),"n/a") -> -1.0040161 | CU11: =IFERROR(IF(ISNUMBER(CT11),$C11*CT11,"n/a"),"n/a") -> -0.037159392 | CV11: =IFERROR(AVERAGEIF('Pemetaan Variant'!$A$5:$A$32,$B11,'Pemetaan Variant'!$AV$5:$AV$32),"n/a") -> 58000 | CW11: =IFERROR(IF(ISNUMBER(CV11),(CV11-AVERAGEIF('Pemetaan Variant'!$A$5:$A$32,$B11,'Pemetaan Variant'!$J$5:$J$32))/AVERAGEIF('Pemetaan Variant'!$A$5:$A$32,$B11,'Pemetaan Variant'!$J$5:$J$32)*100,"n/a"),"n/a") -> -1.0040161 | CX11: =IFERROR(IF(ISNUMBER(CW11),$C11*CW11,"n/a"),"n/a") -> -0.037159392 | CY11: =IFERROR(AVERAGEIF('Pemetaan Variant'!$A$5:$A$32,$B11,'Pemetaan Variant'!$AW$5:$AW$32),"n/a") -> 0 | CZ11: =IFERROR(IF(ISNUMBER(CY11),(CY11-AVERAGEIF('Pemetaan Variant'!$A$5:$A$32,$B11,'Pemetaan Variant'!$K$5:$K$32))/AVERAGEIF('Pemetaan Variant'!$A$5:$A$32,$B11,'Pemetaan Variant'!$K$5:$K$32)*100,"n/a"),"n/a") -> -100 | DA11: =IFERROR(IF(ISNUMBER(CZ11),$C11*CZ11,"n/a"),"n/a") -> -3.7010754 | DB11: =IFERROR(AVERAGEIF('Pemetaan Variant'!$A$5:$A$32,$B11,'Pemetaan Variant'!$AX$5:$AX$32),"n/a") -> 0 | DC11: =IFERROR(IF(ISNUMBER(DB11),(DB11-AVERAGEIF('Pemetaan Variant'!$A$5:$A$32,$B11,'Pemetaan Variant'!$K$5:$K$32))/AVERAGEIF('Pemetaan Variant'!$A$5:$A$32,$B11,'Pemetaan Variant'!$K$5:$K$32)*100,"n/a"),"n/a") -> -100 | DD11: =IFERROR(IF(ISNUMBER(DC11),$C11*DC11,"n/a"),"n/a") -> -3.7010754 | DE11: =IFERROR(AVERAGEIF('Pemetaan Variant'!$A$5:$A$32,$B11,'Pemetaan Variant'!$AY$5:$AY$32),"n/a") -> 0 | DF11: =IFERROR(IF(ISNUMBER(DE11),(DE11-AVERAGEIF('Pemetaan Variant'!$A$5:$A$32,$B11,'Pemetaan Variant'!$K$5:$K$32))/AVERAGEIF('Pemetaan Variant'!$A$5:$A$32,$B11,'Pemetaan Variant'!$K$5:$K$32)*100,"n/a"),"n/a") -> -100 | DG11: =IFERROR(IF(ISNUMBER(DF11),$C11*DF11,"n/a"),"n/a") -> -3.7010754 | DH11: =IFERROR(AVERAGEIF('Pemetaan Variant'!$A$5:$A$32,$B11,'Pemetaan Variant'!$AZ$5:$AZ$32),"n/a") -> 0 | DI11: =IFERROR(IF(ISNUMBER(DH11),(DH11-AVERAGEIF('Pemetaan Variant'!$A$5:$A$32,$B11,'Pemetaan Variant'!$K$5:$K$32))/AVERAGEIF('Pemetaan Variant'!$A$5:$A$32,$B11,'Pemetaan Variant'!$K$5:$K$32)*100,"n/a"),"n/a") -> -100 | DJ11: =IFERROR(IF(ISNUMBER(DI11),$C11*DI11,"n/a"),"n/a") -> -3.7010754 | DK11: =IFERROR(AVERAGEIF('Pemetaan Variant'!$A$5:$A$32,$B11,'Pemetaan Variant'!$BA$5:$BA$32),"n/a") -> n/a | DL11: =IFERROR(IF(ISNUMBER(DK11),(DK11-AVERAGEIF('Pemetaan Variant'!$A$5:$A$32,$B11,'Pemetaan Variant'!$L$5:$L$32))/AVERAGEIF('Pemetaan Variant'!$A$5:$A$32,$B11,'Pemetaan Variant'!$L$5:$L$32)*100,"n/a"),"n/a") -> n/a | DM11: =IFERROR(IF(ISNUMBER(DL11),$C11*DL11,"n/a"),"n/a") -> n/a | DN11: =IFERROR(AVERAGEIF('Pemetaan Variant'!$A$5:$A$32,$B11,'Pemetaan Variant'!$BB$5:$BB$32),"n/a") -> n/a | DO11: =IFERROR(IF(ISNUMBER(DN11),(DN11-AVERAGEIF('Pemetaan Variant'!$A$5:$A$32,$B11,'Pemetaan Variant'!$L$5:$L$32))/AVERAGEIF('Pemetaan Variant'!$A$5:$A$32,$B11,'Pemetaan Variant'!$L$5:$L$32)*100,"n/a"),"n/a") -> n/a | DP11: =IFERROR(IF(ISNUMBER(DO11),$C11*DO11,"n/a"),"n/a") -> n/a | DQ11: =IFERROR(AVERAGEIF('Pemetaan Variant'!$A$5:$A$32,$B11,'Pemetaan Variant'!$BC$5:$BC$32),"n/a") -> n/a | DR11: =IFERROR(IF(ISNUMBER(DQ11),(DQ11-AVERAGEIF('Pemetaan Variant'!$A$5:$A$32,$B11,'Pemetaan Variant'!$L$5:$L$32))/AVERAGEIF('Pemetaan Variant'!$A$5:$A$32,$B11,'Pemetaan Variant'!$L$5:$L$32)*100,"n/a"),"n/a") -> n/a | DS11: =IFERROR(IF(ISNUMBER(DR11),$C11*DR11,"n/a"),"n/a") -> n/a | DT11: =IFERROR(AVERAGEIF('Pemetaan Variant'!$A$5:$A$32,$B11,'Pemetaan Variant'!$BD$5:$BD$32),"n/a") -> n/a | DU11: =IFERROR(IF(ISNUMBER(DT11),(DT11-AVERAGEIF('Pemetaan Variant'!$A$5:$A$32,$B11,'Pemetaan Variant'!$L$5:$L$32))/AVERAGEIF('Pemetaan Variant'!$A$5:$A$32,$B11,'Pemetaan Variant'!$L$5:$L$32)*100,"n/a"),"n/a") -> n/a | DV11: =IFERROR(IF(ISNUMBER(DU11),$C11*DU11,"n/a"),"n/a") -> n/a | DW11: =IFERROR(AVERAGEIF('Pemetaan Variant'!$A$5:$A$32,$B11,'Pemetaan Variant'!$BE$5:$BE$32),"n/a") -> n/a | DX11: =IFERROR(IF(ISNUMBER(DW11),(DW11-AVERAGEIF('Pemetaan Variant'!$A$5:$A$32,$B11,'Pemetaan Variant'!$M$5:$M$32))/AVERAGEIF('Pemetaan Variant'!$A$5:$A$32,$B11,'Pemetaan Variant'!$M$5:$M$32)*100,"n/a"),"n/a") -> n/a | DY11: =IFERROR(IF(ISNUMBER(DX11),$C11*DX11,"n/a"),"n/a") -> n/a | DZ11: =IFERROR(AVERAGEIF('Pemetaan Variant'!$A$5:$A$32,$B11,'Pemetaan Variant'!$BF$5:$BF$32),"n/a") -> n/a | EA11: =IFERROR(IF(ISNUMBER(DZ11),(DZ11-AVERAGEIF('Pemetaan Variant'!$A$5:$A$32,$B11,'Pemetaan Variant'!$M$5:$M$32))/AVERAGEIF('Pemetaan Variant'!$A$5:$A$32,$B11,'Pemetaan Variant'!$M$5:$M$32)*100,"n/a"),"n/a") -> n/a | EB11: =IFERROR(IF(ISNUMBER(EA11),$C11*EA11,"n/a"),"n/a") -> n/a | EC11: =IFERROR(AVERAGEIF('Pemetaan Variant'!$A$5:$A$32,$B11,'Pemetaan Variant'!$BG$5:$BG$32),"n/a") -> n/a | ED11: =IFERROR(IF(ISNUMBER(EC11),(EC11-AVERAGEIF('Pemetaan Variant'!$A$5:$A$32,$B11,'Pemetaan Variant'!$M$5:$M$32))/AVERAGEIF('Pemetaan Variant'!$A$5:$A$32,$B11,'Pemetaan Variant'!$M$5:$M$32)*100,"n/a"),"n/a") -> n/a | EE11: =IFERROR(IF(ISNUMBER(ED11),$C11*ED11,"n/a"),"n/a") -> n/a | EF11: =IFERROR(AVERAGEIF('Pemetaan Variant'!$A$5:$A$32,$B11,'Pemetaan Variant'!$BH$5:$BH$32),"n/a") -> n/a | EG11: =IFERROR(IF(ISNUMBER(EF11),(EF11-AVERAGEIF('Pemetaan Variant'!$A$5:$A$32,$B11,'Pemetaan Variant'!$M$5:$M$32))/AVERAGEIF('Pemetaan Variant'!$A$5:$A$32,$B11,'Pemetaan Variant'!$M$5:$M$32)*100,"n/a"),"n/a") -> n/a | EH11: =IFERROR(IF(ISNUMBER(EG11),$C11*EG11,"n/a"),"n/a") -> n/a | EI11: =IFERROR(AVERAGEIF('Pemetaan Variant'!$A$5:$A$32,$B11,'Pemetaan Variant'!$BI$5:$BI$32),"n/a") -> n/a | EJ11: =IFERROR(IF(ISNUMBER(EI11),(EI11-AVERAGEIF('Pemetaan Variant'!$A$5:$A$32,$B11,'Pemetaan Variant'!$M$5:$M$32))/AVERAGEIF('Pemetaan Variant'!$A$5:$A$32,$B11,'Pemetaan Variant'!$M$5:$M$32)*100,"n/a"),"n/a") -> n/a | EK11: =IFERROR(IF(ISNUMBER(EJ11),$C11*EJ11,"n/a"),"n/a") -> n/a | EL11: =IFERROR(AVERAGEIF('Pemetaan Variant'!$A$5:$A$32,$B11,'Pemetaan Variant'!$BJ$5:$BJ$32),"n/a") -> n/a | EM11: =IFERROR(IF(ISNUMBER(EL11),(EL11-AVERAGEIF('Pemetaan Variant'!$A$5:$A$32,$B11,'Pemetaan Variant'!$N$5:$N$32))/AVERAGEIF('Pemetaan Variant'!$A$5:$A$32,$B11,'Pemetaan Variant'!$N$5:$N$32)*100,"n/a"),"n/a") -> n/a | EN11: =IFERROR(IF(ISNUMBER(EM11),$C11*EM11,"n/a"),"n/a") -> n/a | EO11: =IFERROR(AVERAGEIF('Pemetaan Variant'!$A$5:$A$32,$B11,'Pemetaan Variant'!$BK$5:$BK$32),"n/a") -> n/a | EP11: =IFERROR(IF(ISNUMBER(EO11),(EO11-AVERAGEIF('Pemetaan Variant'!$A$5:$A$32,$B11,'Pemetaan Variant'!$N$5:$N$32))/AVERAGEIF('Pemetaan Variant'!$A$5:$A$32,$B11,'Pemetaan Variant'!$N$5:$N$32)*100,"n/a"),"n/a") -> n/a | EQ11: =IFERROR(IF(ISNUMBER(EP11),$C11*EP11,"n/a"),"n/a") -> n/a | ER11: =IFERROR(AVERAGEIF('Pemetaan Variant'!$A$5:$A$32,$B11,'Pemetaan Variant'!$BL$5:$BL$32),"n/a") -> n/a | ES11: =IFERROR(IF(ISNUMBER(ER11),(ER11-AVERAGEIF('Pemetaan Variant'!$A$5:$A$32,$B11,'Pemetaan Variant'!$N$5:$N$32))/AVERAGEIF('Pemetaan Variant'!$A$5:$A$32,$B11,'Pemetaan Variant'!$N$5:$N$32)*100,"n/a"),"n/a") -> n/a | ET11: =IFERROR(IF(ISNUMBER(ES11),$C11*ES11,"n/a"),"n/a") -> n/a | EU11: =IFERROR(AVERAGEIF('Pemetaan Variant'!$A$5:$A$32,$B11,'Pemetaan Variant'!$BM$5:$BM$32),"n/a") -> n/a | EV11: =IFERROR(IF(ISNUMBER(EU11),(EU11-AVERAGEIF('Pemetaan Variant'!$A$5:$A$32,$B11,'Pemetaan Variant'!$N$5:$N$32))/AVERAGEIF('Pemetaan Variant'!$A$5:$A$32,$B11,'Pemetaan Variant'!$N$5:$N$32)*100,"n/a"),"n/a") -> n/a | EW11: =IFERROR(IF(ISNUMBER(EV11),$C11*EV11,"n/a"),"n/a") -> n/a | EX11: =IFERROR(AVERAGEIF('Pemetaan Variant'!$A$5:$A$32,$B11,'Pemetaan Variant'!$BN$5:$BN$32),"n/a") -> n/a | EY11: =IFERROR(IF(ISNUMBER(EX11),(EX11-AVERAGEIF('Pemetaan Variant'!$A$5:$A$32,$B11,'Pemetaan Variant'!$O$5:$O$32))/AVERAGEIF('Pemetaan Variant'!$A$5:$A$32,$B11,'Pemetaan Variant'!$O$5:$O$32)*100,"n/a"),"n/a") -> n/a | EZ11: =IFERROR(IF(ISNUMBER(EY11),$C11*EY11,"n/a"),"n/a") -> n/a | FA11: =IFERROR(AVERAGEIF('Pemetaan Variant'!$A$5:$A$32,$B11,'Pemetaan Variant'!$BO$5:$BO$32),"n/a") -> n/a | FB11: =IFERROR(IF(ISNUMBER(FA11),(FA11-AVERAGEIF('Pemetaan Variant'!$A$5:$A$32,$B11,'Pemetaan Variant'!$O$5:$O$32))/AVERAGEIF('Pemetaan Variant'!$A$5:$A$32,$B11,'Pemetaan Variant'!$O$5:$O$32)*100,"n/a"),"n/a") -> n/a | FC11: =IFERROR(IF(ISNUMBER(FB11),$C11*FB11,"n/a"),"n/a") -> n/a | FD11: =IFERROR(AVERAGEIF('Pemetaan Variant'!$A$5:$A$32,$B11,'Pemetaan Variant'!$BP$5:$BP$32),"n/a") -> n/a | FE11: =IFERROR(IF(ISNUMBER(FD11),(FD11-AVERAGEIF('Pemetaan Variant'!$A$5:$A$32,$B11,'Pemetaan Variant'!$O$5:$O$32))/AVERAGEIF('Pemetaan Variant'!$A$5:$A$32,$B11,'Pemetaan Variant'!$O$5:$O$32)*100,"n/a"),"n/a") -> n/a | FF11: =IFERROR(IF(ISNUMBER(FE11),$C11*FE11,"n/a"),"n/a") -> n/a | FG11: =IFERROR(AVERAGEIF('Pemetaan Variant'!$A$5:$A$32,$B11,'Pemetaan Variant'!$BQ$5:$BQ$32),"n/a") -> n/a | FH11: =IFERROR(IF(ISNUMBER(FG11),(FG11-AVERAGEIF('Pemetaan Variant'!$A$5:$A$32,$B11,'Pemetaan Variant'!$O$5:$O$32))/AVERAGEIF('Pemetaan Variant'!$A$5:$A$32,$B11,'Pemetaan Variant'!$O$5:$O$32)*100,"n/a"),"n/a") -> n/a | FI11: =IFERROR(IF(ISNUMBER(FH11),$C11*FH11,"n/a"),"n/a") -> n/a | FJ11: =IFERROR(AVERAGEIF('Pemetaan Variant'!$A$5:$A$32,$B11,'Pemetaan Variant'!$BR$5:$BR$32),"n/a") -> n/a | FK11: =IFERROR(IF(ISNUMBER(FJ11),(FJ11-AVERAGEIF('Pemetaan Variant'!$A$5:$A$32,$B11,'Pemetaan Variant'!$O$5:$O$32))/AVERAGEIF('Pemetaan Variant'!$A$5:$A$32,$B11,'Pemetaan Variant'!$O$5:$O$32)*100,"n/a"),"n/a") -> n/a | FL11: =IFERROR(IF(ISNUMBER(FK11),$C11*FK11,"n/a"),"n/a") -> n/a | FM11: Proksi: 'Udang Basah' (tidak ada varian lobster). | FO11: =IFERROR(ABS(F11),0) -> 0 | FP11: =IFERROR(ABS(I11),0) -> 0 | FQ11: =IFERROR(ABS(L11),0) -> 0 | FR11: =IFERROR(ABS(O11),0) -> 0 | FS11: =IFERROR(ABS(R11),0) -> 0 | FT11: =IFERROR(ABS(U11),0) -> 0 | FU11: =IFERROR(ABS(X11),0) -> 0 | FV11: =IFERROR(ABS(AA11),0) -> 0 | FW11: =IFERROR(ABS(AD11),0) -> 0 | FX11: =IFERROR(ABS(AG11),0) -> 0.097969644 | FY11: =IFERROR(ABS(AJ11),0) -> 0.16328274 | FZ11: =IFERROR(ABS(AM11),0) -> 0.16328274 | GA11: =IFERROR(ABS(AP11),0) -> 0.16328274 | GB11: =IFERROR(ABS(AS11),0) -> 0 | GC11: =IFERROR(ABS(AV11),0) -> 0 | GD11: =IFERROR(ABS(AY11),0) -> 0.017893999 | GE11: =IFERROR(ABS(BB11),0) -> 0.30121565 | GF11: =IFERROR(ABS(BE11),0) -> 0.30121565 | GG11: =IFERROR(ABS(BH11),0) -> 0.30121565 | GH11: =IFERROR(ABS(BK11),0) -> 0.075532152 | GI11: =IFERROR(ABS(BN11),0) -> 0.075532152 | GJ11: =IFERROR(ABS(BQ11),0) -> 0.075532152 | GK11: =IFERROR(ABS(BT11),0) -> 0.075532152 | GL11: =IFERROR(ABS(BW11),0) -> 0.075532152 | GM11: =IFERROR(ABS(BZ11),0) -> 0 | GN11: =IFERROR(ABS(CC11),0) -> 0.092526886 | GO11: =IFERROR(ABS(CF11),0) -> 0.12336918 | GP11: =IFERROR(ABS(CI11),0) -> 0.12336918 | GQ11: =IFERROR(ABS(CL11),0) -> 0.037159392 | GR11: =IFERROR(ABS(CO11),0) -> 0.037159392 | GS11: =IFERROR(ABS(CR11),0) -> 0.037159392 | GT11: =IFERROR(ABS(CU11),0) -> 0.037159392 | GU11: =IFERROR(ABS(CX11),0) -> 0.037159392 | GV11: =IFERROR(ABS(DA11),0) -> 3.7010754 | GW11: =IFERROR(ABS(DD11),0) -> 3.7010754 | GX11: =IFERROR(ABS(DG11),0) -> 3.7010754 | GY11: =IFERROR(ABS(DJ11),0) -> 3.7010754 | GZ11: =IFERROR(ABS(DM11),0) -> 0 | HA11: =IFERROR(ABS(DP11),0) -> 0 | HB11: =IFERROR(ABS(DS11),0) -> 0 | HC11: =IFERROR(ABS(DV11),0) -> 0 | HD11: =IFERROR(ABS(DY11),0) -> 0 | HE11: =IFERROR(ABS(EB11),0) -> 0 | HF11: =IFERROR(ABS(EE11),0) -> 0 | HG11: =IFERROR(ABS(EH11),0) -> 0 | HH11: =IFERROR(ABS(EK11),0) -> 0 | HI11: =IFERROR(ABS(EN11),0) -> 0 | HJ11: =IFERROR(ABS(EQ11),0) -> 0 | HK11: =IFERROR(ABS(ET11),0) -> 0 | HL11: =IFERROR(ABS(EW11),0) -> 0 | HM11: =IFERROR(ABS(EZ11),0) -> 0 | HN11: =IFERROR(ABS(FC11),0) -> 0 | HO11: =IFERROR(ABS(FF11),0) -> 0 | HP11: =IFERROR(ABS(FI11),0) -> 0 | HQ11: =IFERROR(ABS(FL11),0) -> 0
A12: 7 | B12: pisang ambon 1162001 | C12: ='P0Q0 Dasar 2022'!F11 -> 0.040636573 | D12: =IFERROR(AVERAGEIF('Pemetaan Variant'!$A$5:$A$32,$B12,'Pemetaan Variant'!$P$5:$P$32),"n/a") -> 13000 | E12: =IFERROR(IF(ISNUMBER(D12),(D12-AVERAGEIF('Pemetaan Variant'!$A$5:$A$32,$B12,'Pemetaan Variant'!$D$5:$D$32))/AVERAGEIF('Pemetaan Variant'!$A$5:$A$32,$B12,'Pemetaan Variant'!$D$5:$D$32)*100,"n/a"),"n/a") -> 0 | F12: =IFERROR(IF(ISNUMBER(E12),$C12*E12,"n/a"),"n/a") -> 0 | G12: =IFERROR(AVERAGEIF('Pemetaan Variant'!$A$5:$A$32,$B12,'Pemetaan Variant'!$Q$5:$Q$32),"n/a") -> 13000 | H12: =IFERROR(IF(ISNUMBER(G12),(G12-AVERAGEIF('Pemetaan Variant'!$A$5:$A$32,$B12,'Pemetaan Variant'!$D$5:$D$32))/AVERAGEIF('Pemetaan Variant'!$A$5:$A$32,$B12,'Pemetaan Variant'!$D$5:$D$32)*100,"n/a"),"n/a") -> 0 | I12: =IFERROR(IF(ISNUMBER(H12),$C12*H12,"n/a"),"n/a") -> 0 | J12: =IFERROR(AVERAGEIF('Pemetaan Variant'!$A$5:$A$32,$B12,'Pemetaan Variant'!$R$5:$R$32),"n/a") -> 13000 | K12: =IFERROR(IF(ISNUMBER(J12),(J12-AVERAGEIF('Pemetaan Variant'!$A$5:$A$32,$B12,'Pemetaan Variant'!$D$5:$D$32))/AVERAGEIF('Pemetaan Variant'!$A$5:$A$32,$B12,'Pemetaan Variant'!$D$5:$D$32)*100,"n/a"),"n/a") -> 0 | L12: =IFERROR(IF(ISNUMBER(K12),$C12*K12,"n/a"),"n/a") -> 0 | M12: =IFERROR(AVERAGEIF('Pemetaan Variant'!$A$5:$A$32,$B12,'Pemetaan Variant'!$S$5:$S$32),"n/a") -> 13000 | N12: =IFERROR(IF(ISNUMBER(M12),(M12-AVERAGEIF('Pemetaan Variant'!$A$5:$A$32,$B12,'Pemetaan Variant'!$D$5:$D$32))/AVERAGEIF('Pemetaan Variant'!$A$5:$A$32,$B12,'Pemetaan Variant'!$D$5:$D$32)*100,"n/a"),"n/a") -> 0 | O12: =IFERROR(IF(ISNUMBER(N12),$C12*N12,"n/a"),"n/a") -> 0 | P12: =IFERROR(AVERAGEIF('Pemetaan Variant'!$A$5:$A$32,$B12,'Pemetaan Variant'!$T$5:$T$32),"n/a") -> 13000 | Q12: =IFERROR(IF(ISNUMBER(P12),(P12-AVERAGEIF('Pemetaan Variant'!$A$5:$A$32,$B12,'Pemetaan Variant'!$D$5:$D$32))/AVERAGEIF('Pemetaan Variant'!$A$5:$A$32,$B12,'Pemetaan Variant'!$D$5:$D$32)*100,"n/a"),"n/a") -> 0 | R12: =IFERROR(IF(ISNUMBER(Q12),$C12*Q12,"n/a"),"n/a") -> 0 | S12: =IFERROR(AVERAGEIF('Pemetaan Variant'!$A$5:$A$32,$B12,'Pemetaan Variant'!$U$5:$U$32),"n/a") -> 13000 | T12: =IFERROR(IF(ISNUMBER(S12),(S12-AVERAGEIF('Pemetaan Variant'!$A$5:$A$32,$B12,'Pemetaan Variant'!$E$5:$E$32))/AVERAGEIF('Pemetaan Variant'!$A$5:$A$32,$B12,'Pemetaan Variant'!$E$5:$E$32)*100,"n/a"),"n/a") -> 0 | U12: =IFERROR(IF(ISNUMBER(T12),$C12*T12,"n/a"),"n/a") -> 0 | V12: =IFERROR(AVERAGEIF('Pemetaan Variant'!$A$5:$A$32,$B12,'Pemetaan Variant'!$V$5:$V$32),"n/a") -> 13000 | W12: =IFERROR(IF(ISNUMBER(V12),(V12-AVERAGEIF('Pemetaan Variant'!$A$5:$A$32,$B12,'Pemetaan Variant'!$E$5:$E$32))/AVERAGEIF('Pemetaan Variant'!$A$5:$A$32,$B12,'Pemetaan Variant'!$E$5:$E$32)*100,"n/a"),"n/a") -> 0 | X12: =IFERROR(IF(ISNUMBER(W12),$C12*W12,"n/a"),"n/a") -> 0 | Y12: =IFERROR(AVERAGEIF('Pemetaan Variant'!$A$5:$A$32,$B12,'Pemetaan Variant'!$W$5:$W$32),"n/a") -> 13000 | Z12: =IFERROR(IF(ISNUMBER(Y12),(Y12-AVERAGEIF('Pemetaan Variant'!$A$5:$A$32,$B12,'Pemetaan Variant'!$E$5:$E$32))/AVERAGEIF('Pemetaan Variant'!$A$5:$A$32,$B12,'Pemetaan Variant'!$E$5:$E$32)*100,"n/a"),"n/a") -> 0 | AA12: =IFERROR(IF(ISNUMBER(Z12),$C12*Z12,"n/a"),"n/a") -> 0 | AB12: =IFERROR(AVERAGEIF('Pemetaan Variant'!$A$5:$A$32,$B12,'Pemetaan Variant'!$X$5:$X$32),"n/a") -> 13000 | AC12: =IFERROR(IF(ISNUMBER(AB12),(AB12-AVERAGEIF('Pemetaan Variant'!$A$5:$A$32,$B12,'Pemetaan Variant'!$E$5:$E$32))/AVERAGEIF('Pemetaan Variant'!$A$5:$A$32,$B12,'Pemetaan Variant'!$E$5:$E$32)*100,"n/a"),"n/a") -> 0 | AD12: =IFERROR(IF(ISNUMBER(AC12),$C12*AC12,"n/a"),"n/a") -> 0 | AE12: =IFERROR(AVERAGEIF('Pemetaan Variant'!$A$5:$A$32,$B12,'Pemetaan Variant'!$Y$5:$Y$32),"n/a") -> 13000 | AF12: =IFERROR(IF(ISNUMBER(AE12),(AE12-AVERAGEIF('Pemetaan Variant'!$A$5:$A$32,$B12,'Pemetaan Variant'!$F$5:$F$32))/AVERAGEIF('Pemetaan Variant'!$A$5:$A$32,$B12,'Pemetaan Variant'!$F$5:$F$32)*100,"n/a"),"n/a") -> 0 | AG12: =IFERROR(IF(ISNUMBER(AF12),$C12*AF12,"n/a"),"n/a") -> 0 | AH12: =IFERROR(AVERAGEIF('Pemetaan Variant'!$A$5:$A$32,$B12,'Pemetaan Variant'!$Z$5:$Z$32),"n/a") -> 13000 | AI12: =IFERROR(IF(ISNUMBER(AH12),(AH12-AVERAGEIF('Pemetaan Variant'!$A$5:$A$32,$B12,'Pemetaan Variant'!$F$5:$F$32))/AVERAGEIF('Pemetaan Variant'!$A$5:$A$32,$B12,'Pemetaan Variant'!$F$5:$F$32)*100,"n/a"),"n/a") -> 0 | AJ12: =IFERROR(IF(ISNUMBER(AI12),$C12*AI12,"n/a"),"n/a") -> 0 | AK12: =IFERROR(AVERAGEIF('Pemetaan Variant'!$A$5:$A$32,$B12,'Pemetaan Variant'!$AA$5:$AA$32),"n/a") -> 13000 | AL12: =IFERROR(IF(ISNUMBER(AK12),(AK12-AVERAGEIF('Pemetaan Variant'!$A$5:$A$32,$B12,'Pemetaan Variant'!$F$5:$F$32))/AVERAGEIF('Pemetaan Variant'!$A$5:$A$32,$B12,'Pemetaan Variant'!$F$5:$F$32)*100,"n/a"),"n/a") -> 0 | AM12: =IFERROR(IF(ISNUMBER(AL12),$C12*AL12,"n/a"),"n/a") -> 0 | AN12: =IFERROR(AVERAGEIF('Pemetaan Variant'!$A$5:$A$32,$B12,'Pemetaan Variant'!$AB$5:$AB$32),"n/a") -> 13000 | AO12: =IFERROR(IF(ISNUMBER(AN12),(AN12-AVERAGEIF('Pemetaan Variant'!$A$5:$A$32,$B12,'Pemetaan Variant'!$F$5:$F$32))/AVERAGEIF('Pemetaan Variant'!$A$5:$A$32,$B12,'Pemetaan Variant'!$F$5:$F$32)*100,"n/a"),"n/a") -> 0 | AP12: =IFERROR(IF(ISNUMBER(AO12),$C12*AO12,"n/a"),"n/a") -> 0 | AQ12: =IFERROR(AVERAGEIF('Pemetaan Variant'!$A$5:$A$32,$B12,'Pemetaan Variant'!$AC$5:$AC$32),"n/a") -> n/a | AR12: =IFERROR(IF(ISNUMBER(AQ12),(AQ12-AVERAGEIF('Pemetaan Variant'!$A$5:$A$32,$B12,'Pemetaan Variant'!$F$5:$F$32))/AVERAGEIF('Pemetaan Variant'!$A$5:$A$32,$B12,'Pemetaan Variant'!$F$5:$F$32)*100,"n/a"),"n/a") -> n/a | AS12: =IFERROR(IF(ISNUMBER(AR12),$C12*AR12,"n/a"),"n/a") -> n/a | AT12: =IFERROR(AVERAGEIF('Pemetaan Variant'!$A$5:$A$32,$B12,'Pemetaan Variant'!$AD$5:$AD$32),"n/a") -> n/a | AU12: =IFERROR(IF(ISNUMBER(AT12),(AT12-AVERAGEIF('Pemetaan Variant'!$A$5:$A$32,$B12,'Pemetaan Variant'!$G$5:$G$32))/AVERAGEIF('Pemetaan Variant'!$A$5:$A$32,$B12,'Pemetaan Variant'!$G$5:$G$32)*100,"n/a"),"n/a") -> n/a | AV12: =IFERROR(IF(ISNUMBER(AU12),$C12*AU12,"n/a"),"n/a") -> n/a | AW12: =IFERROR(AVERAGEIF('Pemetaan Variant'!$A$5:$A$32,$B12,'Pemetaan Variant'!$AE$5:$AE$32),"n/a") -> 13000 | AX12: =IFERROR(IF(ISNUMBER(AW12),(AW12-AVERAGEIF('Pemetaan Variant'!$A$5:$A$32,$B12,'Pemetaan Variant'!$G$5:$G$32))/AVERAGEIF('Pemetaan Variant'!$A$5:$A$32,$B12,'Pemetaan Variant'!$G$5:$G$32)*100,"n/a"),"n/a") -> 0 | AY12: =IFERROR(IF(ISNUMBER(AX12),$C12*AX12,"n/a"),"n/a") -> 0 | AZ12: =IFERROR(AVERAGEIF('Pemetaan Variant'!$A$5:$A$32,$B12,'Pemetaan Variant'!$AF$5:$AF$32),"n/a") -> 13000 | BA12: =IFERROR(IF(ISNUMBER(AZ12),(AZ12-AVERAGEIF('Pemetaan Variant'!$A$5:$A$32,$B12,'Pemetaan Variant'!$G$5:$G$32))/AVERAGEIF('Pemetaan Variant'!$A$5:$A$32,$B12,'Pemetaan Variant'!$G$5:$G$32)*100,"n/a"),"n/a") -> 0 | BB12: =IFERROR(IF(ISNUMBER(BA12),$C12*BA12,"n/a"),"n/a") -> 0 | BC12: =IFERROR(AVERAGEIF('Pemetaan Variant'!$A$5:$A$32,$B12,'Pemetaan Variant'!$AG$5:$AG$32),"n/a") -> 12600 | BD12: =IFERROR(IF(ISNUMBER(BC12),(BC12-AVERAGEIF('Pemetaan Variant'!$A$5:$A$32,$B12,'Pemetaan Variant'!$G$5:$G$32))/AVERAGEIF('Pemetaan Variant'!$A$5:$A$32,$B12,'Pemetaan Variant'!$G$5:$G$32)*100,"n/a"),"n/a") -> -3.0769231 | BE12: =IFERROR(IF(ISNUMBER(BD12),$C12*BD12,"n/a"),"n/a") -> -0.12503561 | BF12: =IFERROR(AVERAGEIF('Pemetaan Variant'!$A$5:$A$32,$B12,'Pemetaan Variant'!$AH$5:$AH$32),"n/a") -> 12000 | BG12: =IFERROR(IF(ISNUMBER(BF12),(BF12-AVERAGEIF('Pemetaan Variant'!$A$5:$A$32,$B12,'Pemetaan Variant'!$G$5:$G$32))/AVERAGEIF('Pemetaan Variant'!$A$5:$A$32,$B12,'Pemetaan Variant'!$G$5:$G$32)*100,"n/a"),"n/a") -> -7.6923077 | BH12: =IFERROR(IF(ISNUMBER(BG12),$C12*BG12,"n/a"),"n/a") -> -0.31258902 | BI12: =IFERROR(AVERAGEIF('Pemetaan Variant'!$A$5:$A$32,$B12,'Pemetaan Variant'!$AI$5:$AI$32),"n/a") -> 12000 | BJ12: =IFERROR(IF(ISNUMBER(BI12),(BI12-AVERAGEIF('Pemetaan Variant'!$A$5:$A$32,$B12,'Pemetaan Variant'!$H$5:$H$32))/AVERAGEIF('Pemetaan Variant'!$A$5:$A$32,$B12,'Pemetaan Variant'!$H$5:$H$32)*100,"n/a"),"n/a") -> -5.4187192 | BK12: =IFERROR(IF(ISNUMBER(BJ12),$C12*BJ12,"n/a"),"n/a") -> -0.22019818 | BL12: =IFERROR(AVERAGEIF('Pemetaan Variant'!$A$5:$A$32,$B12,'Pemetaan Variant'!$AJ$5:$AJ$32),"n/a") -> 12000 | BM12: =IFERROR(IF(ISNUMBER(BL12),(BL12-AVERAGEIF('Pemetaan Variant'!$A$5:$A$32,$B12,'Pemetaan Variant'!$H$5:$H$32))/AVERAGEIF('Pemetaan Variant'!$A$5:$A$32,$B12,'Pemetaan Variant'!$H$5:$H$32)*100,"n/a"),"n/a") -> -5.4187192 | BN12: =IFERROR(IF(ISNUMBER(BM12),$C12*BM12,"n/a"),"n/a") -> -0.22019818 | BO12: =IFERROR(AVERAGEIF('Pemetaan Variant'!$A$5:$A$32,$B12,'Pemetaan Variant'!$AK$5:$AK$32),"n/a") -> 12000 | BP12: =IFERROR(IF(ISNUMBER(BO12),(BO12-AVERAGEIF('Pemetaan Variant'!$A$5:$A$32,$B12,'Pemetaan Variant'!$H$5:$H$32))/AVERAGEIF('Pemetaan Variant'!$A$5:$A$32,$B12,'Pemetaan Variant'!$H$5:$H$32)*100,"n/a"),"n/a") -> -5.4187192 | BQ12: =IFERROR(IF(ISNUMBER(BP12),$C12*BP12,"n/a"),"n/a") -> -0.22019818 | BR12: =IFERROR(AVERAGEIF('Pemetaan Variant'!$A$5:$A$32,$B12,'Pemetaan Variant'!$AL$5:$AL$32),"n/a") -> 12000 | BS12: =IFERROR(IF(ISNUMBER(BR12),(BR12-AVERAGEIF('Pemetaan Variant'!$A$5:$A$32,$B12,'Pemetaan Variant'!$H$5:$H$32))/AVERAGEIF('Pemetaan Variant'!$A$5:$A$32,$B12,'Pemetaan Variant'!$H$5:$H$32)*100,"n/a"),"n/a") -> -5.4187192 | BT12: =IFERROR(IF(ISNUMBER(BS12),$C12*BS12,"n/a"),"n/a") -> -0.22019818 | BU12: =IFERROR(AVERAGEIF('Pemetaan Variant'!$A$5:$A$32,$B12,'Pemetaan Variant'!$AM$5:$AM$32),"n/a") -> 12000 | BV12: =IFERROR(IF(ISNUMBER(BU12),(BU12-AVERAGEIF('Pemetaan Variant'!$A$5:$A$32,$B12,'Pemetaan Variant'!$H$5:$H$32))/AVERAGEIF('Pemetaan Variant'!$A$5:$A$32,$B12,'Pemetaan Variant'!$H$5:$H$32)*100,"n/a"),"n/a") -> -5.4187192 | BW12: =IFERROR(IF(ISNUMBER(BV12),$C12*BV12,"n/a"),"n/a") -> -0.22019818 | BX12: =IFERROR(AVERAGEIF('Pemetaan Variant'!$A$5:$A$32,$B12,'Pemetaan Variant'!$AN$5:$AN$32),"n/a") -> 12000 | BY12: =IFERROR(IF(ISNUMBER(BX12),(BX12-AVERAGEIF('Pemetaan Variant'!$A$5:$A$32,$B12,'Pemetaan Variant'!$I$5:$I$32))/AVERAGEIF('Pemetaan Variant'!$A$5:$A$32,$B12,'Pemetaan Variant'!$I$5:$I$32)*100,"n/a"),"n/a") -> 0 | BZ12: =IFERROR(IF(ISNUMBER(BY12),$C12*BY12,"n/a"),"n/a") -> 0 | CA12: =IFERROR(AVERAGEIF('Pemetaan Variant'!$A$5:$A$32,$B12,'Pemetaan Variant'!$AO$5:$AO$32),"n/a") -> 12000 | CB12: =IFERROR(IF(ISNUMBER(CA12),(CA12-AVERAGEIF('Pemetaan Variant'!$A$5:$A$32,$B12,'Pemetaan Variant'!$I$5:$I$32))/AVERAGEIF('Pemetaan Variant'!$A$5:$A$32,$B12,'Pemetaan Variant'!$I$5:$I$32)*100,"n/a"),"n/a") -> 0 | CC12: =IFERROR(IF(ISNUMBER(CB12),$C12*CB12,"n/a"),"n/a") -> 0 | CD12: =IFERROR(AVERAGEIF('Pemetaan Variant'!$A$5:$A$32,$B12,'Pemetaan Variant'!$AP$5:$AP$32),"n/a") -> 12000 | CE12: =IFERROR(IF(ISNUMBER(CD12),(CD12-AVERAGEIF('Pemetaan Variant'!$A$5:$A$32,$B12,'Pemetaan Variant'!$I$5:$I$32))/AVERAGEIF('Pemetaan Variant'!$A$5:$A$32,$B12,'Pemetaan Variant'!$I$5:$I$32)*100,"n/a"),"n/a") -> 0 | CF12: =IFERROR(IF(ISNUMBER(CE12),$C12*CE12,"n/a"),"n/a") -> 0 | CG12: =IFERROR(AVERAGEIF('Pemetaan Variant'!$A$5:$A$32,$B12,'Pemetaan Variant'!$AQ$5:$AQ$32),"n/a") -> 12000 | CH12: =IFERROR(IF(ISNUMBER(CG12),(CG12-AVERAGEIF('Pemetaan Variant'!$A$5:$A$32,$B12,'Pemetaan Variant'!$I$5:$I$32))/AVERAGEIF('Pemetaan Variant'!$A$5:$A$32,$B12,'Pemetaan Variant'!$I$5:$I$32)*100,"n/a"),"n/a") -> 0 | CI12: =IFERROR(IF(ISNUMBER(CH12),$C12*CH12,"n/a"),"n/a") -> 0 | CJ12: =IFERROR(AVERAGEIF('Pemetaan Variant'!$A$5:$A$32,$B12,'Pemetaan Variant'!$AR$5:$AR$32),"n/a") -> 12000 | CK12: =IFERROR(IF(ISNUMBER(CJ12),(CJ12-AVERAGEIF('Pemetaan Variant'!$A$5:$A$32,$B12,'Pemetaan Variant'!$J$5:$J$32))/AVERAGEIF('Pemetaan Variant'!$A$5:$A$32,$B12,'Pemetaan Variant'!$J$5:$J$32)*100,"n/a"),"n/a") -> 0 | CL12: =IFERROR(IF(ISNUMBER(CK12),$C12*CK12,"n/a"),"n/a") -> 0 | CM12: =IFERROR(AVERAGEIF('Pemetaan Variant'!$A$5:$A$32,$B12,'Pemetaan Variant'!$AS$5:$AS$32),"n/a") -> 12000 | CN12: =IFERROR(IF(ISNUMBER(CM12),(CM12-AVERAGEIF('Pemetaan Variant'!$A$5:$A$32,$B12,'Pemetaan Variant'!$J$5:$J$32))/AVERAGEIF('Pemetaan Variant'!$A$5:$A$32,$B12,'Pemetaan Variant'!$J$5:$J$32)*100,"n/a"),"n/a") -> 0 | CO12: =IFERROR(IF(ISNUMBER(CN12),$C12*CN12,"n/a"),"n/a") -> 0 | CP12: =IFERROR(AVERAGEIF('Pemetaan Variant'!$A$5:$A$32,$B12,'Pemetaan Variant'!$AT$5:$AT$32),"n/a") -> 12000 | CQ12: =IFERROR(IF(ISNUMBER(CP12),(CP12-AVERAGEIF('Pemetaan Variant'!$A$5:$A$32,$B12,'Pemetaan Variant'!$J$5:$J$32))/AVERAGEIF('Pemetaan Variant'!$A$5:$A$32,$B12,'Pemetaan Variant'!$J$5:$J$32)*100,"n/a"),"n/a") -> 0 | CR12: =IFERROR(IF(ISNUMBER(CQ12),$C12*CQ12,"n/a"),"n/a") -> 0 | CS12: =IFERROR(AVERAGEIF('Pemetaan Variant'!$A$5:$A$32,$B12,'Pemetaan Variant'!$AU$5:$AU$32),"n/a") -> 12000 | CT12: =IFERROR(IF(ISNUMBER(CS12),(CS12-AVERAGEIF('Pemetaan Variant'!$A$5:$A$32,$B12,'Pemetaan Variant'!$J$5:$J$32))/AVERAGEIF('Pemetaan Variant'!$A$5:$A$32,$B12,'Pemetaan Variant'!$J$5:$J$32)*100,"n/a"),"n/a") -> 0 | CU12: =IFERROR(IF(ISNUMBER(CT12),$C12*CT12,"n/a"),"n/a") -> 0 | CV12: =IFERROR(AVERAGEIF('Pemetaan Variant'!$A$5:$A$32,$B12,'Pemetaan Variant'!$AV$5:$AV$32),"n/a") -> 12000 | CW12: =IFERROR(IF(ISNUMBER(CV12),(CV12-AVERAGEIF('Pemetaan Variant'!$A$5:$A$32,$B12,'Pemetaan Variant'!$J$5:$J$32))/AVERAGEIF('Pemetaan Variant'!$A$5:$A$32,$B12,'Pemetaan Variant'!$J$5:$J$32)*100,"n/a"),"n/a") -> 0 | CX12: =IFERROR(IF(ISNUMBER(CW12),$C12*CW12,"n/a"),"n/a") -> 0 | CY12: =IFERROR(AVERAGEIF('Pemetaan Variant'!$A$5:$A$32,$B12,'Pemetaan Variant'!$AW$5:$AW$32),"n/a") -> 0 | CZ12: =IFERROR(IF(ISNUMBER(CY12),(CY12-AVERAGEIF('Pemetaan Variant'!$A$5:$A$32,$B12,'Pemetaan Variant'!$K$5:$K$32))/AVERAGEIF('Pemetaan Variant'!$A$5:$A$32,$B12,'Pemetaan Variant'!$K$5:$K$32)*100,"n/a"),"n/a") -> -100 | DA12: =IFERROR(IF(ISNUMBER(CZ12),$C12*CZ12,"n/a"),"n/a") -> -4.0636573 | DB12: =IFERROR(AVERAGEIF('Pemetaan Variant'!$A$5:$A$32,$B12,'Pemetaan Variant'!$AX$5:$AX$32),"n/a") -> 0 | DC12: =IFERROR(IF(ISNUMBER(DB12),(DB12-AVERAGEIF('Pemetaan Variant'!$A$5:$A$32,$B12,'Pemetaan Variant'!$K$5:$K$32))/AVERAGEIF('Pemetaan Variant'!$A$5:$A$32,$B12,'Pemetaan Variant'!$K$5:$K$32)*100,"n/a"),"n/a") -> -100 | DD12: =IFERROR(IF(ISNUMBER(DC12),$C12*DC12,"n/a"),"n/a") -> -4.0636573 | DE12: =IFERROR(AVERAGEIF('Pemetaan Variant'!$A$5:$A$32,$B12,'Pemetaan Variant'!$AY$5:$AY$32),"n/a") -> 0 | DF12: =IFERROR(IF(ISNUMBER(DE12),(DE12-AVERAGEIF('Pemetaan Variant'!$A$5:$A$32,$B12,'Pemetaan Variant'!$K$5:$K$32))/AVERAGEIF('Pemetaan Variant'!$A$5:$A$32,$B12,'Pemetaan Variant'!$K$5:$K$32)*100,"n/a"),"n/a") -> -100 | DG12: =IFERROR(IF(ISNUMBER(DF12),$C12*DF12,"n/a"),"n/a") -> -4.0636573 | DH12: =IFERROR(AVERAGEIF('Pemetaan Variant'!$A$5:$A$32,$B12,'Pemetaan Variant'!$AZ$5:$AZ$32),"n/a") -> 0 | DI12: =IFERROR(IF(ISNUMBER(DH12),(DH12-AVERAGEIF('Pemetaan Variant'!$A$5:$A$32,$B12,'Pemetaan Variant'!$K$5:$K$32))/AVERAGEIF('Pemetaan Variant'!$A$5:$A$32,$B12,'Pemetaan Variant'!$K$5:$K$32)*100,"n/a"),"n/a") -> -100 | DJ12: =IFERROR(IF(ISNUMBER(DI12),$C12*DI12,"n/a"),"n/a") -> -4.0636573 | DK12: =IFERROR(AVERAGEIF('Pemetaan Variant'!$A$5:$A$32,$B12,'Pemetaan Variant'!$BA$5:$BA$32),"n/a") -> n/a | DL12: =IFERROR(IF(ISNUMBER(DK12),(DK12-AVERAGEIF('Pemetaan Variant'!$A$5:$A$32,$B12,'Pemetaan Variant'!$L$5:$L$32))/AVERAGEIF('Pemetaan Variant'!$A$5:$A$32,$B12,'Pemetaan Variant'!$L$5:$L$32)*100,"n/a"),"n/a") -> n/a | DM12: =IFERROR(IF(ISNUMBER(DL12),$C12*DL12,"n/a"),"n/a") -> n/a | DN12: =IFERROR(AVERAGEIF('Pemetaan Variant'!$A$5:$A$32,$B12,'Pemetaan Variant'!$BB$5:$BB$32),"n/a") -> n/a | DO12: =IFERROR(IF(ISNUMBER(DN12),(DN12-AVERAGEIF('Pemetaan Variant'!$A$5:$A$32,$B12,'Pemetaan Variant'!$L$5:$L$32))/AVERAGEIF('Pemetaan Variant'!$A$5:$A$32,$B12,'Pemetaan Variant'!$L$5:$L$32)*100,"n/a"),"n/a") -> n/a | DP12: =IFERROR(IF(ISNUMBER(DO12),$C12*DO12,"n/a"),"n/a") -> n/a | DQ12: =IFERROR(AVERAGEIF('Pemetaan Variant'!$A$5:$A$32,$B12,'Pemetaan Variant'!$BC$5:$BC$32),"n/a") -> n/a | DR12: =IFERROR(IF(ISNUMBER(DQ12),(DQ12-AVERAGEIF('Pemetaan Variant'!$A$5:$A$32,$B12,'Pemetaan Variant'!$L$5:$L$32))/AVERAGEIF('Pemetaan Variant'!$A$5:$A$32,$B12,'Pemetaan Variant'!$L$5:$L$32)*100,"n/a"),"n/a") -> n/a | DS12: =IFERROR(IF(ISNUMBER(DR12),$C12*DR12,"n/a"),"n/a") -> n/a | DT12: =IFERROR(AVERAGEIF('Pemetaan Variant'!$A$5:$A$32,$B12,'Pemetaan Variant'!$BD$5:$BD$32),"n/a") -> n/a | DU12: =IFERROR(IF(ISNUMBER(DT12),(DT12-AVERAGEIF('Pemetaan Variant'!$A$5:$A$32,$B12,'Pemetaan Variant'!$L$5:$L$32))/AVERAGEIF('Pemetaan Variant'!$A$5:$A$32,$B12,'Pemetaan Variant'!$L$5:$L$32)*100,"n/a"),"n/a") -> n/a | DV12: =IFERROR(IF(ISNUMBER(DU12),$C12*DU12,"n/a"),"n/a") -> n/a | DW12: =IFERROR(AVERAGEIF('Pemetaan Variant'!$A$5:$A$32,$B12,'Pemetaan Variant'!$BE$5:$BE$32),"n/a") -> n/a | DX12: =IFERROR(IF(ISNUMBER(DW12),(DW12-AVERAGEIF('Pemetaan Variant'!$A$5:$A$32,$B12,'Pemetaan Variant'!$M$5:$M$32))/AVERAGEIF('Pemetaan Variant'!$A$5:$A$32,$B12,'Pemetaan Variant'!$M$5:$M$32)*100,"n/a"),"n/a") -> n/a | DY12: =IFERROR(IF(ISNUMBER(DX12),$C12*DX12,"n/a"),"n/a") -> n/a | DZ12: =IFERROR(AVERAGEIF('Pemetaan Variant'!$A$5:$A$32,$B12,'Pemetaan Variant'!$BF$5:$BF$32),"n/a") -> n/a | EA12: =IFERROR(IF(ISNUMBER(DZ12),(DZ12-AVERAGEIF('Pemetaan Variant'!$A$5:$A$32,$B12,'Pemetaan Variant'!$M$5:$M$32))/AVERAGEIF('Pemetaan Variant'!$A$5:$A$32,$B12,'Pemetaan Variant'!$M$5:$M$32)*100,"n/a"),"n/a") -> n/a | EB12: =IFERROR(IF(ISNUMBER(EA12),$C12*EA12,"n/a"),"n/a") -> n/a | EC12: =IFERROR(AVERAGEIF('Pemetaan Variant'!$A$5:$A$32,$B12,'Pemetaan Variant'!$BG$5:$BG$32),"n/a") -> n/a | ED12: =IFERROR(IF(ISNUMBER(EC12),(EC12-AVERAGEIF('Pemetaan Variant'!$A$5:$A$32,$B12,'Pemetaan Variant'!$M$5:$M$32))/AVERAGEIF('Pemetaan Variant'!$A$5:$A$32,$B12,'Pemetaan Variant'!$M$5:$M$32)*100,"n/a"),"n/a") -> n/a | EE12: =IFERROR(IF(ISNUMBER(ED12),$C12*ED12,"n/a"),"n/a") -> n/a | EF12: =IFERROR(AVERAGEIF('Pemetaan Variant'!$A$5:$A$32,$B12,'Pemetaan Variant'!$BH$5:$BH$32),"n/a") -> n/a | EG12: =IFERROR(IF(ISNUMBER(EF12),(EF12-AVERAGEIF('Pemetaan Variant'!$A$5:$A$32,$B12,'Pemetaan Variant'!$M$5:$M$32))/AVERAGEIF('Pemetaan Variant'!$A$5:$A$32,$B12,'Pemetaan Variant'!$M$5:$M$32)*100,"n/a"),"n/a") -> n/a | EH12: =IFERROR(IF(ISNUMBER(EG12),$C12*EG12,"n/a"),"n/a") -> n/a | EI12: =IFERROR(AVERAGEIF('Pemetaan Variant'!$A$5:$A$32,$B12,'Pemetaan Variant'!$BI$5:$BI$32),"n/a") -> n/a | EJ12: =IFERROR(IF(ISNUMBER(EI12),(EI12-AVERAGEIF('Pemetaan Variant'!$A$5:$A$32,$B12,'Pemetaan Variant'!$M$5:$M$32))/AVERAGEIF('Pemetaan Variant'!$A$5:$A$32,$B12,'Pemetaan Variant'!$M$5:$M$32)*100,"n/a"),"n/a") -> n/a | EK12: =IFERROR(IF(ISNUMBER(EJ12),$C12*EJ12,"n/a"),"n/a") -> n/a | EL12: =IFERROR(AVERAGEIF('Pemetaan Variant'!$A$5:$A$32,$B12,'Pemetaan Variant'!$BJ$5:$BJ$32),"n/a") -> n/a | EM12: =IFERROR(IF(ISNUMBER(EL12),(EL12-AVERAGEIF('Pemetaan Variant'!$A$5:$A$32,$B12,'Pemetaan Variant'!$N$5:$N$32))/AVERAGEIF('Pemetaan Variant'!$A$5:$A$32,$B12,'Pemetaan Variant'!$N$5:$N$32)*100,"n/a"),"n/a") -> n/a | EN12: =IFERROR(IF(ISNUMBER(EM12),$C12*EM12,"n/a"),"n/a") -> n/a | EO12: =IFERROR(AVERAGEIF('Pemetaan Variant'!$A$5:$A$32,$B12,'Pemetaan Variant'!$BK$5:$BK$32),"n/a") -> n/a | EP12: =IFERROR(IF(ISNUMBER(EO12),(EO12-AVERAGEIF('Pemetaan Variant'!$A$5:$A$32,$B12,'Pemetaan Variant'!$N$5:$N$32))/AVERAGEIF('Pemetaan Variant'!$A$5:$A$32,$B12,'Pemetaan Variant'!$N$5:$N$32)*100,"n/a"),"n/a") -> n/a | EQ12: =IFERROR(IF(ISNUMBER(EP12),$C12*EP12,"n/a"),"n/a") -> n/a | ER12: =IFERROR(AVERAGEIF('Pemetaan Variant'!$A$5:$A$32,$B12,'Pemetaan Variant'!$BL$5:$BL$32),"n/a") -> n/a | ES12: =IFERROR(IF(ISNUMBER(ER12),(ER12-AVERAGEIF('Pemetaan Variant'!$A$5:$A$32,$B12,'Pemetaan Variant'!$N$5:$N$32))/AVERAGEIF('Pemetaan Variant'!$A$5:$A$32,$B12,'Pemetaan Variant'!$N$5:$N$32)*100,"n/a"),"n/a") -> n/a | ET12: =IFERROR(IF(ISNUMBER(ES12),$C12*ES12,"n/a"),"n/a") -> n/a | EU12: =IFERROR(AVERAGEIF('Pemetaan Variant'!$A$5:$A$32,$B12,'Pemetaan Variant'!$BM$5:$BM$32),"n/a") -> n/a | EV12: =IFERROR(IF(ISNUMBER(EU12),(EU12-AVERAGEIF('Pemetaan Variant'!$A$5:$A$32,$B12,'Pemetaan Variant'!$N$5:$N$32))/AVERAGEIF('Pemetaan Variant'!$A$5:$A$32,$B12,'Pemetaan Variant'!$N$5:$N$32)*100,"n/a"),"n/a") -> n/a | EW12: =IFERROR(IF(ISNUMBER(EV12),$C12*EV12,"n/a"),"n/a") -> n/a | EX12: =IFERROR(AVERAGEIF('Pemetaan Variant'!$A$5:$A$32,$B12,'Pemetaan Variant'!$BN$5:$BN$32),"n/a") -> n/a | EY12: =IFERROR(IF(ISNUMBER(EX12),(EX12-AVERAGEIF('Pemetaan Variant'!$A$5:$A$32,$B12,'Pemetaan Variant'!$O$5:$O$32))/AVERAGEIF('Pemetaan Variant'!$A$5:$A$32,$B12,'Pemetaan Variant'!$O$5:$O$32)*100,"n/a"),"n/a") -> n/a | EZ12: =IFERROR(IF(ISNUMBER(EY12),$C12*EY12,"n/a"),"n/a") -> n/a | FA12: =IFERROR(AVERAGEIF('Pemetaan Variant'!$A$5:$A$32,$B12,'Pemetaan Variant'!$BO$5:$BO$32),"n/a") -> n/a | FB12: =IFERROR(IF(ISNUMBER(FA12),(FA12-AVERAGEIF('Pemetaan Variant'!$A$5:$A$32,$B12,'Pemetaan Variant'!$O$5:$O$32))/AVERAGEIF('Pemetaan Variant'!$A$5:$A$32,$B12,'Pemetaan Variant'!$O$5:$O$32)*100,"n/a"),"n/a") -> n/a | FC12: =IFERROR(IF(ISNUMBER(FB12),$C12*FB12,"n/a"),"n/a") -> n/a | FD12: =IFERROR(AVERAGEIF('Pemetaan Variant'!$A$5:$A$32,$B12,'Pemetaan Variant'!$BP$5:$BP$32),"n/a") -> n/a | FE12: =IFERROR(IF(ISNUMBER(FD12),(FD12-AVERAGEIF('Pemetaan Variant'!$A$5:$A$32,$B12,'Pemetaan Variant'!$O$5:$O$32))/AVERAGEIF('Pemetaan Variant'!$A$5:$A$32,$B12,'Pemetaan Variant'!$O$5:$O$32)*100,"n/a"),"n/a") -> n/a | FF12: =IFERROR(IF(ISNUMBER(FE12),$C12*FE12,"n/a"),"n/a") -> n/a | FG12: =IFERROR(AVERAGEIF('Pemetaan Variant'!$A$5:$A$32,$B12,'Pemetaan Variant'!$BQ$5:$BQ$32),"n/a") -> n/a | FH12: =IFERROR(IF(ISNUMBER(FG12),(FG12-AVERAGEIF('Pemetaan Variant'!$A$5:$A$32,$B12,'Pemetaan Variant'!$O$5:$O$32))/AVERAGEIF('Pemetaan Variant'!$A$5:$A$32,$B12,'Pemetaan Variant'!$O$5:$O$32)*100,"n/a"),"n/a") -> n/a | FI12: =IFERROR(IF(ISNUMBER(FH12),$C12*FH12,"n/a"),"n/a") -> n/a | FJ12: =IFERROR(AVERAGEIF('Pemetaan Variant'!$A$5:$A$32,$B12,'Pemetaan Variant'!$BR$5:$BR$32),"n/a") -> n/a | FK12: =IFERROR(IF(ISNUMBER(FJ12),(FJ12-AVERAGEIF('Pemetaan Variant'!$A$5:$A$32,$B12,'Pemetaan Variant'!$O$5:$O$32))/AVERAGEIF('Pemetaan Variant'!$A$5:$A$32,$B12,'Pemetaan Variant'!$O$5:$O$32)*100,"n/a"),"n/a") -> n/a | FL12: =IFERROR(IF(ISNUMBER(FK12),$C12*FK12,"n/a"),"n/a") -> n/a | FM12: Proksi: 'Pisang Lokal' (tidak ada varian ambon). | FO12: =IFERROR(ABS(F12),0) -> 0 | FP12: =IFERROR(ABS(I12),0) -> 0 | FQ12: =IFERROR(ABS(L12),0) -> 0 | FR12: =IFERROR(ABS(O12),0) -> 0 | FS12: =IFERROR(ABS(R12),0) -> 0 | FT12: =IFERROR(ABS(U12),0) -> 0 | FU12: =IFERROR(ABS(X12),0) -> 0 | FV12: =IFERROR(ABS(AA12),0) -> 0 | FW12: =IFERROR(ABS(AD12),0) -> 0 | FX12: =IFERROR(ABS(AG12),0) -> 0 | FY12: =IFERROR(ABS(AJ12),0) -> 0 | FZ12: =IFERROR(ABS(AM12),0) -> 0 | GA12: =IFERROR(ABS(AP12),0) -> 0 | GB12: =IFERROR(ABS(AS12),0) -> 0 | GC12: =IFERROR(ABS(AV12),0) -> 0 | GD12: =IFERROR(ABS(AY12),0) -> 0 | GE12: =IFERROR(ABS(BB12),0) -> 0 | GF12: =IFERROR(ABS(BE12),0) -> 0.12503561 | GG12: =IFERROR(ABS(BH12),0) -> 0.31258902 | GH12: =IFERROR(ABS(BK12),0) -> 0.22019818 | GI12: =IFERROR(ABS(BN12),0) -> 0.22019818 | GJ12: =IFERROR(ABS(BQ12),0) -> 0.22019818 | GK12: =IFERROR(ABS(BT12),0) -> 0.22019818 | GL12: =IFERROR(ABS(BW12),0) -> 0.22019818 | GM12: =IFERROR(ABS(BZ12),0) -> 0 | GN12: =IFERROR(ABS(CC12),0) -> 0 | GO12: =IFERROR(ABS(CF12),0) -> 0 | GP12: =IFERROR(ABS(CI12),0) -> 0 | GQ12: =IFERROR(ABS(CL12),0) -> 0 | GR12: =IFERROR(ABS(CO12),0) -> 0 | GS12: =IFERROR(ABS(CR12),0) -> 0 | GT12: =IFERROR(ABS(CU12),0) -> 0 | GU12: =IFERROR(ABS(CX12),0) -> 0 | GV12: =IFERROR(ABS(DA12),0) -> 4.0636573 | GW12: =IFERROR(ABS(DD12),0) -> 4.0636573 | GX12: =IFERROR(ABS(DG12),0) -> 4.0636573 | GY12: =IFERROR(ABS(DJ12),0) -> 4.0636573 | GZ12: =IFERROR(ABS(DM12),0) -> 0 | HA12: =IFERROR(ABS(DP12),0) -> 0 | HB12: =IFERROR(ABS(DS12),0) -> 0 | HC12: =IFERROR(ABS(DV12),0) -> 0 | HD12: =IFERROR(ABS(DY12),0) -> 0 | HE12: =IFERROR(ABS(EB12),0) -> 0 | HF12: =IFERROR(ABS(EE12),0) -> 0 | HG12: =IFERROR(ABS(EH12),0) -> 0 | HH12: =IFERROR(ABS(EK12),0) -> 0 | HI12: =IFERROR(ABS(EN12),0) -> 0 | HJ12: =IFERROR(ABS(EQ12),0) -> 0 | HK12: =IFERROR(ABS(ET12),0) -> 0 | HL12: =IFERROR(ABS(EW12),0) -> 0 | HM12: =IFERROR(ABS(EZ12),0) -> 0 | HN12: =IFERROR(ABS(FC12),0) -> 0 | HO12: =IFERROR(ABS(FF12),0) -> 0 | HP12: =IFERROR(ABS(FI12),0) -> 0 | HQ12: =IFERROR(ABS(FL12),0) -> 0
